  0
SECTION
  2
HEADER
  9
$ACADVER
  1
AC1009
  0
ENDSEC
  0
SECTION
  2
ENTITIES
  0
CIRCLE
  5
90
  8
Layer_0
  62
0
  10
-370.00006
  20
1418.2841
  30
0
  40
17.50001
  0
POLYLINE
  5
90
  8
Layer_1
  62
1
  66
1
  10
0
  20
0
  30
0
  0
VERTEX
  5
90
  8
Layer_1
  10
-361.75211
  20
1423.337
  0
VERTEX
  5
91
  8
Layer_1
  10
-361.50003
  20
1413.6676
  0
VERTEX
  5
92
  8
Layer_1
  10
-369.74799
  20
1408.6146
  0
VERTEX
  5
93
  8
Layer_1
  10
-378.24802
  20
1413.2311
  0
VERTEX
  5
94
  8
Layer_1
  10
-378.50009
  20
1422.9005
  0
VERTEX
  5
95
  8
Layer_1
  10
-370.25214
  20
1427.9535
  0
VERTEX
  5
96
  8
Layer_1
  10
-361.75211
  20
1423.337
  0
SEQEND
  0
CIRCLE
  5
98
  8
Layer_0
  62
0
  10
-370.00006
  20
1418.2841
  30
0
  40
5.0000029
  0
POLYLINE
  5
98
  8
Layer_1
  62
1
  66
1
  10
0
  20
0
  30
0
  0
VERTEX
  5
98
  8
Layer_1
  10
-590.33948
  20
-1110.2783
  0
VERTEX
  5
99
  8
Layer_1
  10
-640.33948
  20
-1110.2783
  0
VERTEX
  5
9a
  8
Layer_1
  10
-640.33948
  20
-1098.2783
  0
VERTEX
  5
9b
  8
Layer_1
  10
-590.33948
  20
-1098.2783
  0
VERTEX
  5
9c
  8
Layer_1
  10
-590.33948
  20
-1110.2783
  0
SEQEND
  0
POLYLINE
  5
9e
  8
Layer_1
  62
1
  66
1
  10
0
  20
0
  30
0
  0
VERTEX
  5
9e
  8
Layer_1
  10
-590.33948
  20
-1116.2783
  0
VERTEX
  5
9f
  8
Layer_1
  10
-640.33948
  20
-1116.2783
  0
VERTEX
  5
a0
  8
Layer_1
  10
-640.33948
  20
-1110.2783
  0
VERTEX
  5
a1
  8
Layer_1
  10
-590.33948
  20
-1110.2783
  0
VERTEX
  5
a2
  8
Layer_1
  10
-590.33948
  20
-1116.2783
  0
SEQEND
  0
CIRCLE
  5
a4
  8
Layer_0
  62
0
  10
-406.47565
  20
1402.9716
  30
0
  40
17.50001
  0
POLYLINE
  5
a4
  8
Layer_1
  62
1
  66
1
  10
0
  20
0
  30
0
  0
VERTEX
  5
a4
  8
Layer_1
  10
-398.22769
  20
1408.0245
  0
VERTEX
  5
a5
  8
Layer_1
  10
-397.97562
  20
1398.3551
  0
VERTEX
  5
a6
  8
Layer_1
  10
-406.22357
  20
1393.3021
  0
VERTEX
  5
a7
  8
Layer_1
  10
-414.7236
  20
1397.9186
  0
VERTEX
  5
a8
  8
Layer_1
  10
-414.97568
  20
1407.588
  0
VERTEX
  5
a9
  8
Layer_1
  10
-406.72772
  20
1412.641
  0
VERTEX
  5
aa
  8
Layer_1
  10
-398.22769
  20
1408.0245
  0
SEQEND
  0
CIRCLE
  5
ac
  8
Layer_0
  62
0
  10
-406.47565
  20
1402.9716
  30
0
  40
5.0000029
  0
CIRCLE
  5
ac
  8
Layer_0
  62
0
  10
-443.43512
  20
1388.4008
  30
0
  40
17.50001
  0
POLYLINE
  5
ac
  8
Layer_1
  62
1
  66
1
  10
0
  20
0
  30
0
  0
VERTEX
  5
ac
  8
Layer_1
  10
-435.18716
  20
1393.4537
  0
VERTEX
  5
ad
  8
Layer_1
  10
-434.93509
  20
1383.7843
  0
VERTEX
  5
ae
  8
Layer_1
  10
-443.18304
  20
1378.7313
  0
VERTEX
  5
af
  8
Layer_1
  10
-451.68307
  20
1383.3478
  0
VERTEX
  5
b0
  8
Layer_1
  10
-451.93515
  20
1393.0172
  0
VERTEX
  5
b1
  8
Layer_1
  10
-443.68719
  20
1398.0702
  0
VERTEX
  5
b2
  8
Layer_1
  10
-435.18716
  20
1393.4537
  0
SEQEND
  0
CIRCLE
  5
b4
  8
Layer_0
  62
0
  10
-443.43512
  20
1388.4008
  30
0
  40
5.0000029
  0
CIRCLE
  5
b4
  8
Layer_0
  62
0
  10
-480.55646
  20
1374.2887
  30
0
  40
17.50001
  0
POLYLINE
  5
b4
  8
Layer_1
  62
1
  66
1
  10
0
  20
0
  30
0
  0
VERTEX
  5
b4
  8
Layer_1
  10
-472.3085
  20
1379.3417
  0
VERTEX
  5
b5
  8
Layer_1
  10
-472.05643
  20
1369.6722
  0
VERTEX
  5
b6
  8
Layer_1
  10
-480.30438
  20
1364.6193
  0
VERTEX
  5
b7
  8
Layer_1
  10
-488.80441
  20
1369.2357
  0
VERTEX
  5
b8
  8
Layer_1
  10
-489.05649
  20
1378.9052
  0
VERTEX
  5
b9
  8
Layer_1
  10
-480.80853
  20
1383.9581
  0
VERTEX
  5
ba
  8
Layer_1
  10
-472.3085
  20
1379.3417
  0
SEQEND
  0
CIRCLE
  5
bc
  8
Layer_0
  62
0
  10
-480.55646
  20
1374.2887
  30
0
  40
5.0000029
  0
CIRCLE
  5
bc
  8
Layer_0
  62
0
  10
-517.29034
  20
1361.1659
  30
0
  40
17.50001
  0
POLYLINE
  5
bc
  8
Layer_1
  62
1
  66
1
  10
0
  20
0
  30
0
  0
VERTEX
  5
bc
  8
Layer_1
  10
-509.04239
  20
1366.2189
  0
VERTEX
  5
bd
  8
Layer_1
  10
-508.79031
  20
1356.5494
  0
VERTEX
  5
be
  8
Layer_1
  10
-517.03827
  20
1351.4965
  0
VERTEX
  5
bf
  8
Layer_1
  10
-525.53827
  20
1356.1129
  0
VERTEX
  5
c0
  8
Layer_1
  10
-525.79034
  20
1365.7823
  0
VERTEX
  5
c1
  8
Layer_1
  10
-517.54242
  20
1370.8353
  0
VERTEX
  5
c2
  8
Layer_1
  10
-509.04239
  20
1366.2189
  0
SEQEND
  0
CIRCLE
  5
c4
  8
Layer_0
  62
0
  10
-517.29034
  20
1361.1659
  30
0
  40
5.0000029
  0
CIRCLE
  5
c4
  8
Layer_0
  62
0
  10
-554.22321
  20
1348.579
  30
0
  40
17.50001
  0
POLYLINE
  5
c4
  8
Layer_1
  62
1
  66
1
  10
0
  20
0
  30
0
  0
VERTEX
  5
c4
  8
Layer_1
  10
-545.97528
  20
1353.632
  0
VERTEX
  5
c5
  8
Layer_1
  10
-545.72321
  20
1343.9625
  0
VERTEX
  5
c6
  8
Layer_1
  10
-553.97113
  20
1338.9095
  0
VERTEX
  5
c7
  8
Layer_1
  10
-562.47113
  20
1343.526
  0
VERTEX
  5
c8
  8
Layer_1
  10
-562.72321
  20
1353.1954
  0
VERTEX
  5
c9
  8
Layer_1
  10
-554.47528
  20
1358.2484
  0
VERTEX
  5
ca
  8
Layer_1
  10
-545.97528
  20
1353.632
  0
SEQEND
  0
CIRCLE
  5
cc
  8
Layer_0
  62
0
  10
-554.22321
  20
1348.579
  30
0
  40
5.0000029
  0
CIRCLE
  5
cc
  8
Layer_0
  62
0
  10
-591.21832
  20
1337.1027
  30
0
  40
17.50001
  0
POLYLINE
  5
cc
  8
Layer_1
  62
1
  66
1
  10
0
  20
0
  30
0
  0
VERTEX
  5
cc
  8
Layer_1
  10
-582.9704
  20
1342.1556
  0
VERTEX
  5
cd
  8
Layer_1
  10
-582.71832
  20
1332.4862
  0
VERTEX
  5
ce
  8
Layer_1
  10
-590.96625
  20
1327.4332
  0
VERTEX
  5
cf
  8
Layer_1
  10
-599.46625
  20
1332.0497
  0
VERTEX
  5
d0
  8
Layer_1
  10
-599.71832
  20
1341.7191
  0
VERTEX
  5
d1
  8
Layer_1
  10
-591.4704
  20
1346.7721
  0
VERTEX
  5
d2
  8
Layer_1
  10
-582.9704
  20
1342.1556
  0
SEQEND
  0
CIRCLE
  5
d4
  8
Layer_0
  62
0
  10
-591.21832
  20
1337.1027
  30
0
  40
5.0000029
  0
CIRCLE
  5
d4
  8
Layer_0
  62
0
  10
-628.49249
  20
1325.8969
  30
0
  40
17.50001
  0
POLYLINE
  5
d4
  8
Layer_1
  62
1
  66
1
  10
0
  20
0
  30
0
  0
VERTEX
  5
d4
  8
Layer_1
  10
-620.24457
  20
1330.9498
  0
VERTEX
  5
d5
  8
Layer_1
  10
-619.99249
  20
1321.2804
  0
VERTEX
  5
d6
  8
Layer_1
  10
-628.24042
  20
1316.2274
  0
VERTEX
  5
d7
  8
Layer_1
  10
-636.74042
  20
1320.8439
  0
VERTEX
  5
d8
  8
Layer_1
  10
-636.99249
  20
1330.5133
  0
VERTEX
  5
d9
  8
Layer_1
  10
-628.74457
  20
1335.5663
  0
VERTEX
  5
da
  8
Layer_1
  10
-620.24457
  20
1330.9498
  0
SEQEND
  0
CIRCLE
  5
dc
  8
Layer_0
  62
0
  10
-628.49249
  20
1325.8969
  30
0
  40
5.0000029
  0
CIRCLE
  5
dc
  8
Layer_0
  62
0
  10
-666.19244
  20
1315.6454
  30
0
  40
17.50001
  0
POLYLINE
  5
dc
  8
Layer_1
  62
1
  66
1
  10
0
  20
0
  30
0
  0
VERTEX
  5
dc
  8
Layer_1
  10
-657.94452
  20
1320.6984
  0
VERTEX
  5
dd
  8
Layer_1
  10
-657.69244
  20
1311.0289
  0
VERTEX
  5
de
  8
Layer_1
  10
-665.94037
  20
1305.976
  0
VERTEX
  5
df
  8
Layer_1
  10
-674.44037
  20
1310.5924
  0
VERTEX
  5
e0
  8
Layer_1
  10
-674.69244
  20
1320.2618
  0
VERTEX
  5
e1
  8
Layer_1
  10
-666.44452
  20
1325.3148
  0
VERTEX
  5
e2
  8
Layer_1
  10
-657.94452
  20
1320.6984
  0
SEQEND
  0
CIRCLE
  5
e4
  8
Layer_0
  62
0
  10
-666.19244
  20
1315.6454
  30
0
  40
5.0000029
  0
CIRCLE
  5
e4
  8
Layer_0
  62
0
  10
-704.26617
  20
1306.7672
  30
0
  40
17.50001
  0
POLYLINE
  5
e4
  8
Layer_1
  62
1
  66
1
  10
0
  20
0
  30
0
  0
VERTEX
  5
e4
  8
Layer_1
  10
-696.01825
  20
1311.8202
  0
VERTEX
  5
e5
  8
Layer_1
  10
-695.76617
  20
1302.1508
  0
VERTEX
  5
e6
  8
Layer_1
  10
-704.0141
  20
1297.0978
  0
VERTEX
  5
e7
  8
Layer_1
  10
-712.5141
  20
1301.7142
  0
VERTEX
  5
e8
  8
Layer_1
  10
-712.76617
  20
1311.3837
  0
VERTEX
  5
e9
  8
Layer_1
  10
-704.51825
  20
1316.4366
  0
VERTEX
  5
ea
  8
Layer_1
  10
-696.01825
  20
1311.8202
  0
SEQEND
  0
CIRCLE
  5
ec
  8
Layer_0
  62
0
  10
-704.26617
  20
1306.7672
  30
0
  40
5.0000029
  0
CIRCLE
  5
ec
  8
Layer_0
  62
0
  10
-741.11871
  20
1298.1913
  30
0
  40
17.50001
  0
POLYLINE
  5
ec
  8
Layer_1
  62
1
  66
1
  10
0
  20
0
  30
0
  0
VERTEX
  5
ec
  8
Layer_1
  10
-732.87079
  20
1303.2443
  0
VERTEX
  5
ed
  8
Layer_1
  10
-732.61871
  20
1293.5748
  0
VERTEX
  5
ee
  8
Layer_1
  10
-740.86664
  20
1288.5219
  0
VERTEX
  5
ef
  8
Layer_1
  10
-749.36664
  20
1293.1383
  0
VERTEX
  5
f0
  8
Layer_1
  10
-749.61871
  20
1302.8077
  0
VERTEX
  5
f1
  8
Layer_1
  10
-741.37079
  20
1307.8607
  0
VERTEX
  5
f2
  8
Layer_1
  10
-732.87079
  20
1303.2443
  0
SEQEND
  0
CIRCLE
  5
f4
  8
Layer_0
  62
0
  10
-741.11871
  20
1298.1913
  30
0
  40
5.0000029
  0
CIRCLE
  5
f4
  8
Layer_0
  62
0
  10
-778.78375
  20
1290.3307
  30
0
  40
17.50001
  0
POLYLINE
  5
f4
  8
Layer_1
  62
1
  66
1
  10
0
  20
0
  30
0
  0
VERTEX
  5
f4
  8
Layer_1
  10
-770.53583
  20
1295.3837
  0
VERTEX
  5
f5
  8
Layer_1
  10
-770.28375
  20
1285.7142
  0
VERTEX
  5
f6
  8
Layer_1
  10
-778.53168
  20
1280.6613
  0
VERTEX
  5
f7
  8
Layer_1
  10
-787.03168
  20
1285.2777
  0
VERTEX
  5
f8
  8
Layer_1
  10
-787.28375
  20
1294.9471
  0
VERTEX
  5
f9
  8
Layer_1
  10
-779.03583
  20
1300.0001
  0
VERTEX
  5
fa
  8
Layer_1
  10
-770.53583
  20
1295.3837
  0
SEQEND
  0
CIRCLE
  5
fc
  8
Layer_0
  62
0
  10
-778.78375
  20
1290.3307
  30
0
  40
5.0000029
  0
CIRCLE
  5
fc
  8
Layer_0
  62
0
  10
-816.10797
  20
1283.5138
  30
0
  40
17.50001
  0
POLYLINE
  5
fc
  8
Layer_1
  62
1
  66
1
  10
0
  20
0
  30
0
  0
VERTEX
  5
fc
  8
Layer_1
  10
-807.86005
  20
1288.5668
  0
VERTEX
  5
fd
  8
Layer_1
  10
-807.60797
  20
1278.8973
  0
VERTEX
  5
fe
  8
Layer_1
  10
-815.8559
  20
1273.8444
  0
VERTEX
  5
ff
  8
Layer_1
  10
-824.3559
  20
1278.4608
  0
VERTEX
  5
100
  8
Layer_1
  10
-824.60797
  20
1288.1302
  0
VERTEX
  5
101
  8
Layer_1
  10
-816.36005
  20
1293.1832
  0
VERTEX
  5
102
  8
Layer_1
  10
-807.86005
  20
1288.5668
  0
SEQEND
  0
CIRCLE
  5
104
  8
Layer_0
  62
0
  10
-816.10797
  20
1283.5138
  30
0
  40
5.0000029
  0
CIRCLE
  5
104
  8
Layer_0
  62
0
  10
-853.99213
  20
1276.5448
  30
0
  40
17.50001
  0
POLYLINE
  5
104
  8
Layer_1
  62
1
  66
1
  10
0
  20
0
  30
0
  0
VERTEX
  5
104
  8
Layer_1
  10
-845.7442
  20
1281.5978
  0
VERTEX
  5
105
  8
Layer_1
  10
-845.49213
  20
1271.9283
  0
VERTEX
  5
106
  8
Layer_1
  10
-853.74005
  20
1266.8754
  0
VERTEX
  5
107
  8
Layer_1
  10
-862.24005
  20
1271.4918
  0
VERTEX
  5
108
  8
Layer_1
  10
-862.49213
  20
1281.1613
  0
VERTEX
  5
109
  8
Layer_1
  10
-854.2442
  20
1286.2142
  0
VERTEX
  5
10a
  8
Layer_1
  10
-845.7442
  20
1281.5978
  0
SEQEND
  0
CIRCLE
  5
10c
  8
Layer_0
  62
0
  10
-853.99213
  20
1276.5448
  30
0
  40
5.0000029
  0
CIRCLE
  5
10c
  8
Layer_0
  62
0
  10
-891.46112
  20
1271.0939
  30
0
  40
17.50001
  0
POLYLINE
  5
10c
  8
Layer_1
  62
1
  66
1
  10
0
  20
0
  30
0
  0
VERTEX
  5
10c
  8
Layer_1
  10
-883.2132
  20
1276.1469
  0
VERTEX
  5
10d
  8
Layer_1
  10
-882.96112
  20
1266.4774
  0
VERTEX
  5
10e
  8
Layer_1
  10
-891.20905
  20
1261.4244
  0
VERTEX
  5
10f
  8
Layer_1
  10
-899.70905
  20
1266.0409
  0
VERTEX
  5
110
  8
Layer_1
  10
-899.96112
  20
1275.7103
  0
VERTEX
  5
111
  8
Layer_1
  10
-891.7132
  20
1280.7633
  0
VERTEX
  5
112
  8
Layer_1
  10
-883.2132
  20
1276.1469
  0
SEQEND
  0
CIRCLE
  5
114
  8
Layer_0
  62
0
  10
-891.46112
  20
1271.0939
  30
0
  40
5.0000029
  0
CIRCLE
  5
114
  8
Layer_0
  62
0
  10
-929.18536
  20
1266.8942
  30
0
  40
17.50001
  0
POLYLINE
  5
114
  8
Layer_1
  62
1
  66
1
  10
0
  20
0
  30
0
  0
VERTEX
  5
114
  8
Layer_1
  10
-920.93744
  20
1271.9471
  0
VERTEX
  5
115
  8
Layer_1
  10
-920.68536
  20
1262.2777
  0
VERTEX
  5
116
  8
Layer_1
  10
-928.93329
  20
1257.2247
  0
VERTEX
  5
117
  8
Layer_1
  10
-937.43329
  20
1261.8412
  0
VERTEX
  5
118
  8
Layer_1
  10
-937.68536
  20
1271.5106
  0
VERTEX
  5
119
  8
Layer_1
  10
-929.43744
  20
1276.5636
  0
VERTEX
  5
11a
  8
Layer_1
  10
-920.93744
  20
1271.9471
  0
SEQEND
  0
CIRCLE
  5
11c
  8
Layer_0
  62
0
  10
-929.18536
  20
1266.8942
  30
0
  40
5.0000029
  0
CIRCLE
  5
11c
  8
Layer_0
  62
0
  10
-966.86578
  20
1263.5272
  30
0
  40
17.50001
  0
POLYLINE
  5
11c
  8
Layer_1
  62
1
  66
1
  10
0
  20
0
  30
0
  0
VERTEX
  5
11c
  8
Layer_1
  10
-958.61786
  20
1268.5802
  0
VERTEX
  5
11d
  8
Layer_1
  10
-958.36578
  20
1258.9108
  0
VERTEX
  5
11e
  8
Layer_1
  10
-966.61371
  20
1253.8578
  0
VERTEX
  5
11f
  8
Layer_1
  10
-975.11371
  20
1258.4742
  0
VERTEX
  5
120
  8
Layer_1
  10
-975.36578
  20
1268.1437
  0
VERTEX
  5
121
  8
Layer_1
  10
-967.11786
  20
1273.1967
  0
VERTEX
  5
122
  8
Layer_1
  10
-958.61786
  20
1268.5802
  0
SEQEND
  0
CIRCLE
  5
124
  8
Layer_0
  62
0
  10
-966.86578
  20
1263.5272
  30
0
  40
5.0000029
  0
CIRCLE
  5
124
  8
Layer_0
  62
0
  10
-1004.3123
  20
1260.7745
  30
0
  40
17.50001
  0
POLYLINE
  5
124
  8
Layer_1
  62
1
  66
1
  10
0
  20
0
  30
0
  0
VERTEX
  5
124
  8
Layer_1
  10
-996.06439
  20
1265.8275
  0
VERTEX
  5
125
  8
Layer_1
  10
-995.81232
  20
1256.1581
  0
VERTEX
  5
126
  8
Layer_1
  10
-1004.0602
  20
1251.1051
  0
VERTEX
  5
127
  8
Layer_1
  10
-1012.5602
  20
1255.7216
  0
VERTEX
  5
128
  8
Layer_1
  10
-1012.8123
  20
1265.391
  0
VERTEX
  5
129
  8
Layer_1
  10
-1004.5644
  20
1270.444
  0
VERTEX
  5
12a
  8
Layer_1
  10
-996.06439
  20
1265.8275
  0
SEQEND
  0
CIRCLE
  5
12c
  8
Layer_0
  62
0
  10
-1004.3123
  20
1260.7745
  30
0
  40
5.0000029
  0
CIRCLE
  5
12c
  8
Layer_0
  62
0
  10
-1041.8547
  20
1258.7697
  30
0
  40
17.50001
  0
POLYLINE
  5
12c
  8
Layer_1
  62
1
  66
1
  10
0
  20
0
  30
0
  0
VERTEX
  5
12c
  8
Layer_1
  10
-1033.6068
  20
1263.8226
  0
VERTEX
  5
12d
  8
Layer_1
  10
-1033.3547
  20
1254.1532
  0
VERTEX
  5
12e
  8
Layer_1
  10
-1041.6027
  20
1249.1002
  0
VERTEX
  5
12f
  8
Layer_1
  10
-1050.1027
  20
1253.7167
  0
VERTEX
  5
130
  8
Layer_1
  10
-1050.3547
  20
1263.3861
  0
VERTEX
  5
131
  8
Layer_1
  10
-1042.1068
  20
1268.4391
  0
VERTEX
  5
132
  8
Layer_1
  10
-1033.6068
  20
1263.8226
  0
SEQEND
  0
CIRCLE
  5
134
  8
Layer_0
  62
0
  10
-1041.8547
  20
1258.7697
  30
0
  40
5.0000029
  0
CIRCLE
  5
134
  8
Layer_0
  62
0
  10
-1078.9463
  20
1257.3746
  30
0
  40
17.50001
  0
POLYLINE
  5
134
  8
Layer_1
  62
1
  66
1
  10
0
  20
0
  30
0
  0
VERTEX
  5
134
  8
Layer_1
  10
-1070.6984
  20
1262.4276
  0
VERTEX
  5
135
  8
Layer_1
  10
-1070.4463
  20
1252.7582
  0
VERTEX
  5
136
  8
Layer_1
  10
-1078.6942
  20
1247.7052
  0
VERTEX
  5
137
  8
Layer_1
  10
-1087.1942
  20
1252.3217
  0
VERTEX
  5
138
  8
Layer_1
  10
-1087.4463
  20
1261.9911
  0
VERTEX
  5
139
  8
Layer_1
  10
-1079.1984
  20
1267.0441
  0
VERTEX
  5
13a
  8
Layer_1
  10
-1070.6984
  20
1262.4276
  0
SEQEND
  0
CIRCLE
  5
13c
  8
Layer_0
  62
0
  10
-1078.9463
  20
1257.3746
  30
0
  40
5.0000029
  0
CIRCLE
  5
13c
  8
Layer_0
  62
0
  10
-1116.3718
  20
1256.7743
  30
0
  40
17.50001
  0
POLYLINE
  5
13c
  8
Layer_1
  62
1
  66
1
  10
0
  20
0
  30
0
  0
VERTEX
  5
13c
  8
Layer_1
  10
-1108.1239
  20
1261.8273
  0
VERTEX
  5
13d
  8
Layer_1
  10
-1107.8718
  20
1252.1578
  0
VERTEX
  5
13e
  8
Layer_1
  10
-1116.1198
  20
1247.1049
  0
VERTEX
  5
13f
  8
Layer_1
  10
-1124.6198
  20
1251.7213
  0
VERTEX
  5
140
  8
Layer_1
  10
-1124.8718
  20
1261.3907
  0
VERTEX
  5
141
  8
Layer_1
  10
-1116.6239
  20
1266.4437
  0
VERTEX
  5
142
  8
Layer_1
  10
-1108.1239
  20
1261.8273
  0
SEQEND
  0
CIRCLE
  5
144
  8
Layer_0
  62
0
  10
-1116.3718
  20
1256.7743
  30
0
  40
5.0000029
  0
CIRCLE
  5
144
  8
Layer_0
  62
0
  10
-1153.9644
  20
1257.3414
  30
0
  40
17.50001
  0
POLYLINE
  5
144
  8
Layer_1
  62
1
  66
1
  10
0
  20
0
  30
0
  0
VERTEX
  5
144
  8
Layer_1
  10
-1145.7164
  20
1262.3944
  0
VERTEX
  5
145
  8
Layer_1
  10
-1145.4644
  20
1252.725
  0
VERTEX
  5
146
  8
Layer_1
  10
-1153.7123
  20
1247.672
  0
VERTEX
  5
147
  8
Layer_1
  10
-1162.2123
  20
1252.2885
  0
VERTEX
  5
148
  8
Layer_1
  10
-1162.4644
  20
1261.9579
  0
VERTEX
  5
149
  8
Layer_1
  10
-1154.2164
  20
1267.0109
  0
VERTEX
  5
14a
  8
Layer_1
  10
-1145.7164
  20
1262.3944
  0
SEQEND
  0
CIRCLE
  5
14c
  8
Layer_0
  62
0
  10
-1153.9644
  20
1257.3414
  30
0
  40
5.0000029
  0
CIRCLE
  5
14c
  8
Layer_0
  62
0
  10
-1191.3848
  20
1259.0697
  30
0
  40
17.50001
  0
POLYLINE
  5
14c
  8
Layer_1
  62
1
  66
1
  10
0
  20
0
  30
0
  0
VERTEX
  5
14c
  8
Layer_1
  10
-1183.1368
  20
1264.1227
  0
VERTEX
  5
14d
  8
Layer_1
  10
-1182.8848
  20
1254.4532
  0
VERTEX
  5
14e
  8
Layer_1
  10
-1191.1327
  20
1249.4003
  0
VERTEX
  5
14f
  8
Layer_1
  10
-1199.6327
  20
1254.0167
  0
VERTEX
  5
150
  8
Layer_1
  10
-1199.8848
  20
1263.6862
  0
VERTEX
  5
151
  8
Layer_1
  10
-1191.6368
  20
1268.7391
  0
VERTEX
  5
152
  8
Layer_1
  10
-1183.1368
  20
1264.1227
  0
SEQEND
  0
CIRCLE
  5
154
  8
Layer_0
  62
0
  10
-1191.3848
  20
1259.0697
  30
0
  40
5.0000029
  0
CIRCLE
  5
154
  8
Layer_0
  62
0
  10
-1228.1851
  20
1261.9852
  30
0
  40
17.50001
  0
POLYLINE
  5
154
  8
Layer_1
  62
1
  66
1
  10
0
  20
0
  30
0
  0
VERTEX
  5
154
  8
Layer_1
  10
-1219.9371
  20
1267.0382
  0
VERTEX
  5
155
  8
Layer_1
  10
-1219.6851
  20
1257.3688
  0
VERTEX
  5
156
  8
Layer_1
  10
-1227.933
  20
1252.3158
  0
VERTEX
  5
157
  8
Layer_1
  10
-1236.433
  20
1256.9323
  0
VERTEX
  5
158
  8
Layer_1
  10
-1236.6851
  20
1266.6017
  0
VERTEX
  5
159
  8
Layer_1
  10
-1228.4371
  20
1271.6547
  0
VERTEX
  5
15a
  8
Layer_1
  10
-1219.9371
  20
1267.0382
  0
SEQEND
  0
CIRCLE
  5
15c
  8
Layer_0
  62
0
  10
-1228.1851
  20
1261.9852
  30
0
  40
5.0000029
  0
CIRCLE
  5
15c
  8
Layer_0
  62
0
  10
-1265.4365
  20
1266.4523
  30
0
  40
17.50001
  0
POLYLINE
  5
15c
  8
Layer_1
  62
1
  66
1
  10
0
  20
0
  30
0
  0
VERTEX
  5
15c
  8
Layer_1
  10
-1257.1886
  20
1271.5052
  0
VERTEX
  5
15d
  8
Layer_1
  10
-1256.9365
  20
1261.8358
  0
VERTEX
  5
15e
  8
Layer_1
  10
-1265.1844
  20
1256.7828
  0
VERTEX
  5
15f
  8
Layer_1
  10
-1273.6844
  20
1261.3993
  0
VERTEX
  5
160
  8
Layer_1
  10
-1273.9365
  20
1271.0687
  0
VERTEX
  5
161
  8
Layer_1
  10
-1265.6886
  20
1276.1217
  0
VERTEX
  5
162
  8
Layer_1
  10
-1257.1886
  20
1271.5052
  0
SEQEND
  0
CIRCLE
  5
164
  8
Layer_0
  62
0
  10
-1265.4365
  20
1266.4523
  30
0
  40
5.0000029
  0
CIRCLE
  5
164
  8
Layer_0
  62
0
  10
-1302.3792
  20
1272.7391
  30
0
  40
17.50001
  0
POLYLINE
  5
164
  8
Layer_1
  62
1
  66
1
  10
0
  20
0
  30
0
  0
VERTEX
  5
164
  8
Layer_1
  10
-1294.1312
  20
1277.7921
  0
VERTEX
  5
165
  8
Layer_1
  10
-1293.8792
  20
1268.1227
  0
VERTEX
  5
166
  8
Layer_1
  10
-1302.1271
  20
1263.0697
  0
VERTEX
  5
167
  8
Layer_1
  10
-1310.6271
  20
1267.6862
  0
VERTEX
  5
168
  8
Layer_1
  10
-1310.8792
  20
1277.3556
  0
VERTEX
  5
169
  8
Layer_1
  10
-1302.6312
  20
1282.4086
  0
VERTEX
  5
16a
  8
Layer_1
  10
-1294.1312
  20
1277.7921
  0
SEQEND
  0
CIRCLE
  5
16c
  8
Layer_0
  62
0
  10
-1302.3792
  20
1272.7391
  30
0
  40
5.0000029
  0
CIRCLE
  5
16c
  8
Layer_0
  62
0
  10
-1339.2305
  20
1281.2714
  30
0
  40
17.50001
  0
POLYLINE
  5
16c
  8
Layer_1
  62
1
  66
1
  10
0
  20
0
  30
0
  0
VERTEX
  5
16c
  8
Layer_1
  10
-1330.9825
  20
1286.3243
  0
VERTEX
  5
16d
  8
Layer_1
  10
-1330.7305
  20
1276.6549
  0
VERTEX
  5
16e
  8
Layer_1
  10
-1338.9784
  20
1271.6019
  0
VERTEX
  5
16f
  8
Layer_1
  10
-1347.4784
  20
1276.2184
  0
VERTEX
  5
170
  8
Layer_1
  10
-1347.7305
  20
1285.8878
  0
VERTEX
  5
171
  8
Layer_1
  10
-1339.4825
  20
1290.9408
  0
VERTEX
  5
172
  8
Layer_1
  10
-1330.9825
  20
1286.3243
  0
SEQEND
  0
CIRCLE
  5
174
  8
Layer_0
  62
0
  10
-1339.2305
  20
1281.2714
  30
0
  40
5.0000029
  0
CIRCLE
  5
174
  8
Layer_0
  62
0
  10
-1377
  20
1291.2841
  30
0
  40
17.50001
  0
POLYLINE
  5
174
  8
Layer_1
  62
1
  66
1
  10
0
  20
0
  30
0
  0
VERTEX
  5
174
  8
Layer_1
  10
-1368.7521
  20
1296.337
  0
VERTEX
  5
175
  8
Layer_1
  10
-1368.5
  20
1286.6676
  0
VERTEX
  5
176
  8
Layer_1
  10
-1376.7479
  20
1281.6146
  0
VERTEX
  5
177
  8
Layer_1
  10
-1385.2479
  20
1286.2311
  0
VERTEX
  5
178
  8
Layer_1
  10
-1385.5
  20
1295.9005
  0
VERTEX
  5
179
  8
Layer_1
  10
-1377.2521
  20
1300.9535
  0
VERTEX
  5
17a
  8
Layer_1
  10
-1368.7521
  20
1296.337
  0
SEQEND
  0
CIRCLE
  5
17c
  8
Layer_0
  62
0
  10
-1377
  20
1291.2841
  30
0
  40
5.0000029
  0
CIRCLE
  5
17c
  8
Layer_0
  62
0
  10
-1412.7278
  20
1305.1781
  30
0
  40
17.50001
  0
POLYLINE
  5
17c
  8
Layer_1
  62
1
  66
1
  10
0
  20
0
  30
0
  0
VERTEX
  5
17c
  8
Layer_1
  10
-1404.4799
  20
1310.2311
  0
VERTEX
  5
17d
  8
Layer_1
  10
-1404.2278
  20
1300.5616
  0
VERTEX
  5
17e
  8
Layer_1
  10
-1412.4757
  20
1295.5087
  0
VERTEX
  5
17f
  8
Layer_1
  10
-1420.9757
  20
1300.1251
  0
VERTEX
  5
180
  8
Layer_1
  10
-1421.2278
  20
1309.7946
  0
VERTEX
  5
181
  8
Layer_1
  10
-1412.9799
  20
1314.8475
  0
VERTEX
  5
182
  8
Layer_1
  10
-1404.4799
  20
1310.2311
  0
SEQEND
  0
CIRCLE
  5
184
  8
Layer_0
  62
0
  10
-1412.7278
  20
1305.1781
  30
0
  40
5.0000029
  0
CIRCLE
  5
184
  8
Layer_0
  62
0
  10
-1452.3188
  20
1320.5387
  30
0
  40
17.50001
  0
POLYLINE
  5
184
  8
Layer_1
  62
1
  66
1
  10
0
  20
0
  30
0
  0
VERTEX
  5
184
  8
Layer_1
  10
-1444.0709
  20
1325.5917
  0
VERTEX
  5
185
  8
Layer_1
  10
-1443.8188
  20
1315.9222
  0
VERTEX
  5
186
  8
Layer_1
  10
-1452.0668
  20
1310.8693
  0
VERTEX
  5
187
  8
Layer_1
  10
-1460.5668
  20
1315.4857
  0
VERTEX
  5
188
  8
Layer_1
  10
-1460.8188
  20
1325.1552
  0
VERTEX
  5
189
  8
Layer_1
  10
-1452.5709
  20
1330.2081
  0
VERTEX
  5
18a
  8
Layer_1
  10
-1444.0709
  20
1325.5917
  0
SEQEND
  0
CIRCLE
  5
18c
  8
Layer_0
  62
0
  10
-1452.3188
  20
1320.5387
  30
0
  40
5.0000029
  0
CIRCLE
  5
18c
  8
Layer_1
  62
1
  10
-253.99997
  20
1407.2842
  30
0
  40
74.999992
  0
CIRCLE
  5
18c
  8
Layer_1
  62
1
  10
-253.99997
  20
1407.2842
  30
0
  40
6.499999
  0
POLYLINE
  5
18c
  8
Layer_1
  62
1
  66
1
  10
0
  20
0
  30
0
  0
VERTEX
  5
18c
  8
Layer_1
  10
-267.60089
  20
1499.8396
  0
VERTEX
  5
18d
  8
Layer_1
  10
-268.97963
  20
1499.5171
  0
VERTEX
  5
18e
  8
Layer_1
  10
-270.42224
  20
1499.1378
  0
VERTEX
  5
18f
  8
Layer_1
  10
-271.17871
  20
1498.9224
  0
VERTEX
  5
190
  8
Layer_1
  10
-271.9646
  20
1498.6874
  0
VERTEX
  5
191
  8
Layer_1
  10
-272.78439
  20
1498.431
  0
VERTEX
  5
192
  8
Layer_1
  10
-273.64257
  20
1498.1513
  0
VERTEX
  5
193
  8
Layer_1
  10
-274.54361
  20
1497.8467
  0
VERTEX
  5
194
  8
Layer_1
  10
-275.492
  20
1497.5152
  0
VERTEX
  5
195
  8
Layer_1
  10
-276.49223
  20
1497.1551
  0
VERTEX
  5
196
  8
Layer_1
  10
-277.54877
  20
1496.7646
  0
VERTEX
  5
197
  8
Layer_1
  10
-278.66611
  20
1496.3419
  0
VERTEX
  5
198
  8
Layer_1
  10
-279.84873
  20
1495.8851
  0
VERTEX
  5
199
  8
Layer_1
  10
-281.10111
  20
1495.3925
  0
VERTEX
  5
19a
  8
Layer_1
  10
-282.42774
  20
1494.8622
  0
VERTEX
  5
19b
  8
Layer_1
  10
-283.8331
  20
1494.2925
  0
VERTEX
  5
19c
  8
Layer_1
  10
-285.32168
  20
1493.6815
  0
VERTEX
  5
19d
  8
Layer_1
  10
-286.09857
  20
1493.36
  0
VERTEX
  5
19e
  8
Layer_1
  10
-286.89795
  20
1493.0275
  0
VERTEX
  5
19f
  8
Layer_1
  10
-287.72037
  20
1492.6838
  0
VERTEX
  5
1a0
  8
Layer_1
  10
-288.56639
  20
1492.3286
  0
VERTEX
  5
1a1
  8
Layer_1
  10
-289.43658
  20
1491.9617
  0
VERTEX
  5
1a2
  8
Layer_1
  10
-290.3315
  20
1491.583
  0
VERTEX
  5
1a3
  8
Layer_1
  10
-291.25171
  20
1491.1921
  0
VERTEX
  5
1a4
  8
Layer_1
  10
-292.19775
  20
1490.7889
  0
VERTEX
  5
1a5
  8
Layer_1
  10
-293.17021
  20
1490.3732
  0
VERTEX
  5
1a6
  8
Layer_1
  10
-294.16963
  20
1489.9446
  0
VERTEX
  5
1a7
  8
Layer_1
  10
-295.19659
  20
1489.503
  0
VERTEX
  5
1a8
  8
Layer_1
  10
-296.25162
  20
1489.0482
  0
VERTEX
  5
1a9
  8
Layer_1
  10
-297.33531
  20
1488.5799
  0
VERTEX
  5
1aa
  8
Layer_1
  10
-298.44821
  20
1488.0979
  0
VERTEX
  5
1ab
  8
Layer_1
  10
-299.59087
  20
1487.6019
  0
VERTEX
  5
1ac
  8
Layer_1
  10
-300.76386
  20
1487.0919
  0
VERTEX
  5
1ad
  8
Layer_1
  10
-301.96775
  20
1486.5674
  0
VERTEX
  5
1ae
  8
Layer_1
  10
-303.20308
  20
1486.0283
  0
VERTEX
  5
1af
  8
Layer_1
  10
-304.47042
  20
1485.4745
  0
VERTEX
  5
1b0
  8
Layer_1
  10
-305.77033
  20
1484.9055
  0
VERTEX
  5
1b1
  8
Layer_1
  10
-307.10338
  20
1484.3213
  0
VERTEX
  5
1b2
  8
Layer_1
  10
-308.47012
  20
1483.7216
  0
VERTEX
  5
1b3
  8
Layer_1
  10
-309.8711
  20
1483.1062
  0
VERTEX
  5
1b4
  8
Layer_1
  10
-311.3069
  20
1482.4748
  0
VERTEX
  5
1b5
  8
Layer_1
  10
-312.77807
  20
1481.8272
  0
VERTEX
  5
1b6
  8
Layer_1
  10
-314.28518
  20
1481.1632
  0
VERTEX
  5
1b7
  8
Layer_1
  10
-315.82878
  20
1480.4826
  0
VERTEX
  5
1b8
  8
Layer_1
  10
-317.40943
  20
1479.7851
  0
VERTEX
  5
1b9
  8
Layer_1
  10
-320.7902
  20
1478.2932
  0
VERTEX
  5
1ba
  8
Layer_1
  10
-324.10087
  20
1476.8329
  0
VERTEX
  5
1bb
  8
Layer_1
  10
-327.34289
  20
1475.4038
  0
VERTEX
  5
1bc
  8
Layer_1
  10
-330.51769
  20
1474.0052
  0
VERTEX
  5
1bd
  8
Layer_1
  10
-333.62673
  20
1472.6365
  0
VERTEX
  5
1be
  8
Layer_1
  10
-336.67145
  20
1471.297
  0
VERTEX
  5
1bf
  8
Layer_1
  10
-339.65328
  20
1469.9862
  0
VERTEX
  5
1c0
  8
Layer_1
  10
-342.57368
  20
1468.7036
  0
VERTEX
  5
1c1
  8
Layer_1
  10
-345.43408
  20
1467.4483
  0
VERTEX
  5
1c2
  8
Layer_1
  10
-348.23594
  20
1466.22
  0
VERTEX
  5
1c3
  8
Layer_1
  10
-350.98068
  20
1465.0178
  0
VERTEX
  5
1c4
  8
Layer_1
  10
-353.66977
  20
1463.8414
  0
VERTEX
  5
1c5
  8
Layer_1
  10
-356.30463
  20
1462.6899
  0
VERTEX
  5
1c6
  8
Layer_1
  10
-358.88672
  20
1461.5629
  0
VERTEX
  5
1c7
  8
Layer_1
  10
-361.41748
  20
1460.4597
  0
VERTEX
  5
1c8
  8
Layer_1
  10
-363.89835
  20
1459.3798
  0
VERTEX
  5
1c9
  8
Layer_1
  10
-366.33077
  20
1458.3224
  0
VERTEX
  5
1ca
  8
Layer_1
  10
-368.7162
  20
1457.2871
  0
VERTEX
  5
1cb
  8
Layer_1
  10
-371.05606
  20
1456.2731
  0
VERTEX
  5
1cc
  8
Layer_1
  10
-373.35181
  20
1455.28
  0
VERTEX
  5
1cd
  8
Layer_1
  10
-375.60489
  20
1454.307
  0
VERTEX
  5
1ce
  8
Layer_1
  10
-377.81674
  20
1453.3536
  0
VERTEX
  5
1cf
  8
Layer_1
  10
-379.9888
  20
1452.4191
  0
VERTEX
  5
1d0
  8
Layer_1
  10
-382.12253
  20
1451.5031
  0
VERTEX
  5
1d1
  8
Layer_1
  10
-384.21936
  20
1450.6047
  0
VERTEX
  5
1d2
  8
Layer_1
  10
-386.28073
  20
1449.7236
  0
VERTEX
  5
1d3
  8
Layer_1
  10
-388.3081
  20
1448.8589
  0
VERTEX
  5
1d4
  8
Layer_1
  10
-390.3029
  20
1448.0102
  0
VERTEX
  5
1d5
  8
Layer_1
  10
-392.26658
  20
1447.1769
  0
VERTEX
  5
1d6
  8
Layer_1
  10
-394.20057
  20
1446.3582
  0
VERTEX
  5
1d7
  8
Layer_1
  10
-396.10633
  20
1445.5537
  0
VERTEX
  5
1d8
  8
Layer_1
  10
-397.9853
  20
1444.7627
  0
VERTEX
  5
1d9
  8
Layer_1
  10
-399.83892
  20
1443.9846
  0
VERTEX
  5
1da
  8
Layer_1
  10
-401.66864
  20
1443.2187
  0
VERTEX
  5
1db
  8
Layer_1
  10
-403.47589
  20
1442.4646
  0
VERTEX
  5
1dc
  8
Layer_1
  10
-405.26213
  20
1441.7215
  0
VERTEX
  5
1dd
  8
Layer_1
  10
-408.77732
  20
1440.2662
  0
VERTEX
  5
1de
  8
Layer_1
  10
-412.22575
  20
1438.8479
  0
VERTEX
  5
1df
  8
Layer_1
  10
-415.61899
  20
1437.4619
  0
VERTEX
  5
1e0
  8
Layer_1
  10
-418.96857
  20
1436.1031
  0
VERTEX
  5
1e1
  8
Layer_1
  10
-422.28605
  20
1434.7668
  0
VERTEX
  5
1e2
  8
Layer_1
  10
-425.58297
  20
1433.4482
  0
VERTEX
  5
1e3
  8
Layer_1
  10
-432.16132
  20
1430.8443
  0
VERTEX
  5
1e4
  8
Layer_1
  10
-438.79603
  20
1428.2526
  0
VERTEX
  5
1e5
  8
Layer_1
  10
-442.16338
  20
1426.9492
  0
VERTEX
  5
1e6
  8
Layer_1
  10
-445.57947
  20
1425.6343
  0
VERTEX
  5
1e7
  8
Layer_1
  10
-449.05583
  20
1424.303
  0
VERTEX
  5
1e8
  8
Layer_1
  10
-452.60402
  20
1422.9505
  42
-8.3969756e-05
  0
VERTEX
  5
1e9
  8
Layer_1
  10
-487.16504
  20
1409.8136
  0
VERTEX
  5
1ea
  8
Layer_1
  10
-488.32828
  20
1409.3738
  0
VERTEX
  5
1eb
  8
Layer_1
  10
-489.56323
  20
1408.9111
  0
VERTEX
  5
1ec
  8
Layer_1
  10
-490.86717
  20
1408.4263
  0
VERTEX
  5
1ed
  8
Layer_1
  10
-492.23736
  20
1407.9205
  0
VERTEX
  5
1ee
  8
Layer_1
  10
-493.67109
  20
1407.3945
  0
VERTEX
  5
1ef
  8
Layer_1
  10
-495.16563
  20
1406.8493
  0
VERTEX
  5
1f0
  8
Layer_1
  10
-496.71825
  20
1406.2858
  0
VERTEX
  5
1f1
  8
Layer_1
  10
-498.32623
  20
1405.7049
  0
VERTEX
  5
1f2
  8
Layer_1
  10
-499.98685
  20
1405.1076
  0
VERTEX
  5
1f3
  8
Layer_1
  10
-501.69737
  20
1404.4947
  0
VERTEX
  5
1f4
  8
Layer_1
  10
-503.45508
  20
1403.8672
  0
VERTEX
  5
1f5
  8
Layer_1
  10
-505.25725
  20
1403.2261
  0
VERTEX
  5
1f6
  8
Layer_1
  10
-507.10116
  20
1402.5722
  0
VERTEX
  5
1f7
  8
Layer_1
  10
-508.98407
  20
1401.9065
  0
VERTEX
  5
1f8
  8
Layer_1
  10
-510.90327
  20
1401.2298
  0
VERTEX
  5
1f9
  8
Layer_1
  10
-512.85603
  20
1400.5432
  0
VERTEX
  5
1fa
  8
Layer_1
  10
-514.83962
  20
1399.8476
  0
VERTEX
  5
1fb
  8
Layer_1
  10
-516.85131
  20
1399.1438
  0
VERTEX
  5
1fc
  8
Layer_1
  10
-518.8884
  20
1398.4328
  0
VERTEX
  5
1fd
  8
Layer_1
  10
-520.94814
  20
1397.7156
  0
VERTEX
  5
1fe
  8
Layer_1
  10
-525.12469
  20
1396.2659
  0
VERTEX
  5
1ff
  8
Layer_1
  10
-529.35918
  20
1394.8023
  0
VERTEX
  5
200
  8
Layer_1
  10
-537.91476
  20
1391.8627
  0
VERTEX
  5
201
  8
Layer_1
  10
-546.44046
  20
1388.956
  0
VERTEX
  5
202
  8
Layer_1
  10
-550.6376
  20
1387.5335
  0
VERTEX
  5
203
  8
Layer_1
  10
-554.76187
  20
1386.1414
  0
VERTEX
  5
204
  8
Layer_1
  10
-556.78987
  20
1385.4591
  0
VERTEX
  5
205
  8
Layer_1
  10
-558.79147
  20
1384.7872
  0
VERTEX
  5
206
  8
Layer_1
  10
-560.76396
  20
1384.1266
  0
VERTEX
  5
207
  8
Layer_1
  10
-562.7046
  20
1383.4782
  0
VERTEX
  5
208
  8
Layer_1
  10
-564.61067
  20
1382.843
  0
VERTEX
  5
209
  8
Layer_1
  10
-566.47945
  20
1382.2218
  0
VERTEX
  5
20a
  8
Layer_1
  10
-568.30821
  20
1381.6157
  0
VERTEX
  5
20b
  8
Layer_1
  10
-570.09423
  20
1381.0255
  0
VERTEX
  5
20c
  8
Layer_1
  10
-571.83478
  20
1380.4522
  0
VERTEX
  5
20d
  8
Layer_1
  10
-573.52714
  20
1379.8967
  0
VERTEX
  5
20e
  8
Layer_1
  10
-575.16857
  20
1379.3599
  0
VERTEX
  5
20f
  8
Layer_1
  10
-576.75636
  20
1378.8427
  0
VERTEX
  5
210
  8
Layer_1
  10
-578.28779
  20
1378.346
  0
VERTEX
  5
211
  8
Layer_1
  10
-579.76011
  20
1377.8709
  0
VERTEX
  5
212
  8
Layer_1
  10
-581.17062
  20
1377.4182
  0
VERTEX
  5
213
  8
Layer_1
  10
-582.51659
  20
1376.9888
  0
VERTEX
  5
214
  8
Layer_1
  10
-583.79528
  20
1376.5837
  0
VERTEX
  5
215
  8
Layer_1
  10
-585.00398
  20
1376.2038
  0
VERTEX
  5
216
  8
Layer_1
  10
-586.13996
  20
1375.85
  0
VERTEX
  5
217
  8
Layer_1
  10
-587.2005
  20
1375.5232
  0
VERTEX
  5
218
  8
Layer_1
  10
-588.18287
  20
1375.2244
  0
VERTEX
  5
219
  8
Layer_1
  10
-589.08434
  20
1374.9545
  0
VERTEX
  5
21a
  8
Layer_1
  10
-589.90219
  20
1374.7145
  0
VERTEX
  5
21b
  8
Layer_1
  10
-590.63369
  20
1374.5051
  0
VERTEX
  5
21c
  8
Layer_1
  10
-591.27613
  20
1374.3275
  0
VERTEX
  5
21d
  8
Layer_1
  10
-591.82677
  20
1374.1824
  0
VERTEX
  5
21e
  8
Layer_1
  10
-592.06681
  20
1374.1224
  0
VERTEX
  5
21f
  8
Layer_1
  10
-592.28289
  20
1374.0708
  0
VERTEX
  5
220
  8
Layer_1
  10
-592.47465
  20
1374.0279
  0
VERTEX
  5
221
  8
Layer_1
  10
-592.64176
  20
1373.9937
  0
VERTEX
  5
222
  8
Layer_1
  10
-592.86714
  20
1373.9477
  0
VERTEX
  5
223
  8
Layer_1
  10
-593.12953
  20
1373.8896
  0
VERTEX
  5
224
  8
Layer_1
  10
-593.42769
  20
1373.8195
  0
VERTEX
  5
225
  8
Layer_1
  10
-593.76038
  20
1373.738
  0
VERTEX
  5
226
  8
Layer_1
  10
-594.12634
  20
1373.6454
  0
VERTEX
  5
227
  8
Layer_1
  10
-594.52434
  20
1373.542
  0
VERTEX
  5
228
  8
Layer_1
  10
-594.95314
  20
1373.4283
  0
VERTEX
  5
229
  8
Layer_1
  10
-595.41148
  20
1373.3045
  0
VERTEX
  5
22a
  8
Layer_1
  10
-595.89813
  20
1373.1711
  0
VERTEX
  5
22b
  8
Layer_1
  10
-596.41185
  20
1373.0284
  0
VERTEX
  5
22c
  8
Layer_1
  10
-596.95138
  20
1372.8768
  0
VERTEX
  5
22d
  8
Layer_1
  10
-597.51549
  20
1372.7167
  0
VERTEX
  5
22e
  8
Layer_1
  10
-598.71247
  20
1372.3722
  0
VERTEX
  5
22f
  8
Layer_1
  10
-599.99284
  20
1371.998
  0
VERTEX
  5
230
  8
Layer_1
  10
-601.34665
  20
1371.5968
  0
VERTEX
  5
231
  8
Layer_1
  10
-602.76394
  20
1371.1718
  0
VERTEX
  5
232
  8
Layer_1
  10
-604.23478
  20
1370.7257
  0
VERTEX
  5
233
  8
Layer_1
  10
-605.74922
  20
1370.2615
  0
VERTEX
  5
234
  8
Layer_1
  10
-608.8691
  20
1369.2906
  0
VERTEX
  5
235
  8
Layer_1
  10
-612.044
  20
1368.2825
  0
VERTEX
  5
236
  8
Layer_1
  10
-612.86215
  20
1368.0214
  0
VERTEX
  5
237
  8
Layer_1
  10
-613.71721
  20
1367.7513
  0
VERTEX
  5
238
  8
Layer_1
  10
-614.60786
  20
1367.4726
  0
VERTEX
  5
239
  8
Layer_1
  10
-615.53275
  20
1367.1855
  0
VERTEX
  5
23a
  8
Layer_1
  10
-616.49056
  20
1366.8906
  0
VERTEX
  5
23b
  8
Layer_1
  10
-617.47996
  20
1366.588
  0
VERTEX
  5
23c
  8
Layer_1
  10
-618.49961
  20
1366.2783
  0
VERTEX
  5
23d
  8
Layer_1
  10
-619.54819
  20
1365.9617
  0
VERTEX
  5
23e
  8
Layer_1
  10
-620.62436
  20
1365.6387
  0
VERTEX
  5
23f
  8
Layer_1
  10
-621.72679
  20
1365.3096
  0
VERTEX
  5
240
  8
Layer_1
  10
-622.85415
  20
1364.9748
  0
VERTEX
  5
241
  8
Layer_1
  10
-624.00511
  20
1364.6346
  0
VERTEX
  5
242
  8
Layer_1
  10
-626.37249
  20
1363.9395
  0
VERTEX
  5
243
  8
Layer_1
  10
-628.81829
  20
1363.2275
  0
VERTEX
  5
244
  8
Layer_1
  10
-631.33186
  20
1362.5013
  0
VERTEX
  5
245
  8
Layer_1
  10
-633.90254
  20
1361.7639
  0
VERTEX
  5
246
  8
Layer_1
  10
-636.51969
  20
1361.0183
  0
VERTEX
  5
247
  8
Layer_1
  10
-639.17264
  20
1360.2674
  0
VERTEX
  5
248
  8
Layer_1
  10
-644.54339
  20
1358.7613
  0
VERTEX
  5
249
  8
Layer_1
  10
-649.92957
  20
1357.2691
  0
VERTEX
  5
24a
  8
Layer_1
  10
-652.60182
  20
1356.5356
  0
VERTEX
  5
24b
  8
Layer_1
  10
-655.24598
  20
1355.8144
  0
VERTEX
  5
24c
  8
Layer_1
  10
-657.85139
  20
1355.1083
  0
VERTEX
  5
24d
  8
Layer_1
  10
-660.40741
  20
1354.4204
  0
VERTEX
  5
24e
  8
Layer_1
  10
-662.90337
  20
1353.7536
  0
VERTEX
  5
24f
  8
Layer_1
  10
-665.32864
  20
1353.1108
  0
VERTEX
  5
250
  8
Layer_1
  10
-667.67256
  20
1352.495
  0
VERTEX
  5
251
  8
Layer_1
  10
-669.92448
  20
1351.909
  0
VERTEX
  5
252
  8
Layer_1
  10
-671.01261
  20
1351.6281
  0
VERTEX
  5
253
  8
Layer_1
  10
-672.07375
  20
1351.3558
  0
VERTEX
  5
254
  8
Layer_1
  10
-673.10656
  20
1351.0924
  0
VERTEX
  5
255
  8
Layer_1
  10
-674.10971
  20
1350.8384
  0
VERTEX
  5
256
  8
Layer_1
  10
-675.08188
  20
1350.594
  0
VERTEX
  5
257
  8
Layer_1
  10
-676.02172
  20
1350.3596
  0
VERTEX
  5
258
  8
Layer_1
  10
-676.92792
  20
1350.1357
  0
VERTEX
  5
259
  8
Layer_1
  10
-677.79913
  20
1349.9225
  0
VERTEX
  5
25a
  8
Layer_1
  10
-678.63403
  20
1349.7204
  0
VERTEX
  5
25b
  8
Layer_1
  10
-679.43128
  20
1349.5299
  0
VERTEX
  5
25c
  8
Layer_1
  10
-680.18956
  20
1349.3512
  0
VERTEX
  5
25d
  8
Layer_1
  10
-680.90752
  20
1349.1847
  0
VERTEX
  5
25e
  8
Layer_1
  10
-681.58385
  20
1349.0309
  0
VERTEX
  5
25f
  8
Layer_1
  10
-682.21721
  20
1348.89
  0
VERTEX
  5
260
  8
Layer_1
  10
-682.80626
  20
1348.7624
  0
VERTEX
  5
261
  8
Layer_1
  10
-683.34968
  20
1348.6486
  0
VERTEX
  5
262
  8
Layer_1
  10
-683.76493
  20
1348.5616
  0
VERTEX
  5
263
  8
Layer_1
  10
-684.27492
  20
1348.4519
  0
VERTEX
  5
264
  8
Layer_1
  10
-684.87672
  20
1348.32
  0
VERTEX
  5
265
  8
Layer_1
  10
-685.56741
  20
1348.1668
  0
VERTEX
  5
266
  8
Layer_1
  10
-686.34406
  20
1347.9929
  0
VERTEX
  5
267
  8
Layer_1
  10
-687.20373
  20
1347.799
  0
VERTEX
  5
268
  8
Layer_1
  10
-688.14348
  20
1347.5857
  0
VERTEX
  5
269
  8
Layer_1
  10
-689.1604
  20
1347.3538
  0
VERTEX
  5
26a
  8
Layer_1
  10
-690.25155
  20
1347.104
  0
VERTEX
  5
26b
  8
Layer_1
  10
-691.41399
  20
1346.8368
  0
VERTEX
  5
26c
  8
Layer_1
  10
-692.64479
  20
1346.553
  0
VERTEX
  5
26d
  8
Layer_1
  10
-693.94103
  20
1346.2534
  0
VERTEX
  5
26e
  8
Layer_1
  10
-695.29977
  20
1345.9385
  0
VERTEX
  5
26f
  8
Layer_1
  10
-696.71808
  20
1345.609
  0
VERTEX
  5
270
  8
Layer_1
  10
-698.19302
  20
1345.2657
  0
VERTEX
  5
271
  8
Layer_1
  10
-699.72168
  20
1344.9092
  0
VERTEX
  5
272
  8
Layer_1
  10
-701.30111
  20
1344.5402
  0
VERTEX
  5
273
  8
Layer_1
  10
-702.92838
  20
1344.1594
  0
VERTEX
  5
274
  8
Layer_1
  10
-704.60057
  20
1343.7675
  0
VERTEX
  5
275
  8
Layer_1
  10
-706.31474
  20
1343.3652
  0
VERTEX
  5
276
  8
Layer_1
  10
-708.06796
  20
1342.9531
  0
VERTEX
  5
277
  8
Layer_1
  10
-709.85729
  20
1342.5319
  0
VERTEX
  5
278
  8
Layer_1
  10
-711.67982
  20
1342.1023
  0
VERTEX
  5
279
  8
Layer_1
  10
-713.53259
  20
1341.6651
  0
VERTEX
  5
27a
  8
Layer_1
  10
-717.31719
  20
1340.7702
  0
VERTEX
  5
27b
  8
Layer_1
  10
-721.18762
  20
1339.8527
  0
VERTEX
  5
27c
  8
Layer_1
  10
-725.12045
  20
1338.918
  0
VERTEX
  5
27d
  8
Layer_1
  10
-729.09222
  20
1337.9717
  0
VERTEX
  5
27e
  8
Layer_1
  10
-731.11872
  20
1337.4912
  0
VERTEX
  5
27f
  8
Layer_1
  10
-733.21164
  20
1337.0005
  0
VERTEX
  5
280
  8
Layer_1
  10
-735.36623
  20
1336.5007
  0
VERTEX
  5
281
  8
Layer_1
  10
-737.57772
  20
1335.9928
  0
VERTEX
  5
282
  8
Layer_1
  10
-739.84137
  20
1335.4777
  0
VERTEX
  5
283
  8
Layer_1
  10
-742.15241
  20
1334.9564
  0
VERTEX
  5
284
  8
Layer_1
  10
-744.5061
  20
1334.43
  0
VERTEX
  5
285
  8
Layer_1
  10
-746.89767
  20
1333.8994
  0
VERTEX
  5
286
  8
Layer_1
  10
-751.77544
  20
1332.8296
  0
VERTEX
  5
287
  8
Layer_1
  10
-756.7477
  20
1331.755
  0
VERTEX
  5
288
  8
Layer_1
  10
-761.77638
  20
1330.6835
  0
VERTEX
  5
289
  8
Layer_1
  10
-766.82346
  20
1329.6231
  0
VERTEX
  5
28a
  8
Layer_1
  10
-771.85088
  20
1328.5817
  0
VERTEX
  5
28b
  8
Layer_1
  10
-776.8206
  20
1327.5673
  0
VERTEX
  5
28c
  8
Layer_1
  10
-779.27194
  20
1327.0727
  0
VERTEX
  5
28d
  8
Layer_1
  10
-781.69458
  20
1326.5878
  0
VERTEX
  5
28e
  8
Layer_1
  10
-784.08378
  20
1326.1135
  0
VERTEX
  5
28f
  8
Layer_1
  10
-786.43477
  20
1325.651
  0
VERTEX
  5
290
  8
Layer_1
  10
-788.74281
  20
1325.2012
  0
VERTEX
  5
291
  8
Layer_1
  10
-791.00313
  20
1324.765
  0
VERTEX
  5
292
  8
Layer_1
  10
-793.21098
  20
1324.3436
  0
VERTEX
  5
293
  8
Layer_1
  10
-795.36161
  20
1323.9377
  0
VERTEX
  5
294
  8
Layer_1
  10
-797.45026
  20
1323.5486
  0
VERTEX
  5
295
  8
Layer_1
  10
-799.47217
  20
1323.1771
  0
VERTEX
  5
296
  8
Layer_1
  10
-801.42259
  20
1322.8242
  0
VERTEX
  5
297
  8
Layer_1
  10
-803.29677
  20
1322.491
  0
VERTEX
  5
298
  8
Layer_1
  10
-810.65101
  20
1321.191
  0
VERTEX
  5
299
  8
Layer_1
  10
-817.91294
  20
1319.8985
  0
VERTEX
  5
29a
  8
Layer_1
  10
-821.45065
  20
1319.2656
  0
VERTEX
  5
29b
  8
Layer_1
  10
-824.89493
  20
1318.6473
  0
VERTEX
  5
29c
  8
Layer_1
  10
-826.5747
  20
1318.345
  0
VERTEX
  5
29d
  8
Layer_1
  10
-828.22232
  20
1318.0479
  0
VERTEX
  5
29e
  8
Layer_1
  10
-829.83485
  20
1317.7566
  0
VERTEX
  5
29f
  8
Layer_1
  10
-831.40937
  20
1317.4716
  0
VERTEX
  5
2a0
  8
Layer_1
  10
-832.94293
  20
1317.1935
  0
VERTEX
  5
2a1
  8
Layer_1
  10
-834.43262
  20
1316.9227
  0
VERTEX
  5
2a2
  8
Layer_1
  10
-835.8755
  20
1316.6598
  0
VERTEX
  5
2a3
  8
Layer_1
  10
-837.26864
  20
1316.4053
  0
VERTEX
  5
2a4
  8
Layer_1
  10
-838.6091
  20
1316.1598
  0
VERTEX
  5
2a5
  8
Layer_1
  10
-839.89396
  20
1315.9238
  0
VERTEX
  5
2a6
  8
Layer_1
  10
-841.12028
  20
1315.6978
  0
VERTEX
  5
2a7
  8
Layer_1
  10
-842.28513
  20
1315.4824
  0
VERTEX
  5
2a8
  8
Layer_1
  10
-843.38558
  20
1315.278
  0
VERTEX
  5
2a9
  8
Layer_1
  10
-844.4187
  20
1315.0853
  0
VERTEX
  5
2aa
  8
Layer_1
  10
-845.38156
  20
1314.9047
  0
VERTEX
  5
2ab
  8
Layer_1
  10
-846.27122
  20
1314.7368
  0
VERTEX
  5
2ac
  8
Layer_1
  10
-847.08476
  20
1314.5822
  0
VERTEX
  5
2ad
  8
Layer_1
  10
-847.81924
  20
1314.4412
  0
VERTEX
  5
2ae
  8
Layer_1
  10
-848.47173
  20
1314.3145
  0
VERTEX
  5
2af
  8
Layer_1
  10
-849.0393
  20
1314.2027
  0
VERTEX
  5
2b0
  8
Layer_1
  10
-850.59386
  20
1313.8968
  0
VERTEX
  5
2b1
  8
Layer_1
  10
-852.17805
  20
1313.5919
  0
VERTEX
  5
2b2
  8
Layer_1
  10
-853.79148
  20
1313.2879
  0
VERTEX
  5
2b3
  8
Layer_1
  10
-855.43372
  20
1312.9848
  0
VERTEX
  5
2b4
  8
Layer_1
  10
-857.10438
  20
1312.6828
  0
VERTEX
  5
2b5
  8
Layer_1
  10
-858.80304
  20
1312.3818
  0
VERTEX
  5
2b6
  8
Layer_1
  10
-860.52929
  20
1312.0819
  0
VERTEX
  5
2b7
  8
Layer_1
  10
-862.28272
  20
1311.783
  0
VERTEX
  5
2b8
  8
Layer_1
  10
-864.06293
  20
1311.4853
  0
VERTEX
  5
2b9
  8
Layer_1
  10
-865.86951
  20
1311.1887
  0
VERTEX
  5
2ba
  8
Layer_1
  10
-867.70204
  20
1310.8933
  0
VERTEX
  5
2bb
  8
Layer_1
  10
-869.56012
  20
1310.5991
  0
VERTEX
  5
2bc
  8
Layer_1
  10
-873.35129
  20
1310.0145
  0
VERTEX
  5
2bd
  8
Layer_1
  10
-877.23975
  20
1309.4351
  0
VERTEX
  5
2be
  8
Layer_1
  10
-881.22222
  20
1308.8611
  0
VERTEX
  5
2bf
  8
Layer_1
  10
-885.29543
  20
1308.2928
  0
VERTEX
  5
2c0
  8
Layer_1
  10
-889.45612
  20
1307.7304
  0
VERTEX
  5
2c1
  8
Layer_1
  10
-893.701
  20
1307.1741
  0
VERTEX
  5
2c2
  8
Layer_1
  10
-898.02681
  20
1306.6242
  0
VERTEX
  5
2c3
  8
Layer_1
  10
-902.43028
  20
1306.0809
  0
VERTEX
  5
2c4
  8
Layer_1
  10
-906.90814
  20
1305.5444
  0
VERTEX
  5
2c5
  8
Layer_1
  10
-911.45711
  20
1305.015
  0
VERTEX
  5
2c6
  8
Layer_1
  10
-916.07392
  20
1304.493
  0
VERTEX
  5
2c7
  8
Layer_1
  10
-920.7553
  20
1303.9784
  0
VERTEX
  5
2c8
  8
Layer_1
  10
-925.49798
  20
1303.4717
  0
VERTEX
  5
2c9
  8
Layer_1
  10
-930.29869
  20
1302.973
  0
VERTEX
  5
2ca
  8
Layer_1
  10
-935.15416
  20
1302.4826
  0
VERTEX
  5
2cb
  8
Layer_1
  10
-940.06111
  20
1302.0006
  0
VERTEX
  5
2cc
  8
Layer_1
  10
-945.01627
  20
1301.5274
  0
VERTEX
  5
2cd
  8
Layer_1
  10
-950.01638
  20
1301.0632
  0
VERTEX
  5
2ce
  8
Layer_1
  10
-955.05815
  20
1300.6081
  0
VERTEX
  5
2cf
  8
Layer_1
  10
-960.13833
  20
1300.1625
  0
VERTEX
  5
2d0
  8
Layer_1
  10
-965.25363
  20
1299.7266
  0
VERTEX
  5
2d1
  8
Layer_1
  10
-970.40079
  20
1299.3006
  0
VERTEX
  5
2d2
  8
Layer_1
  10
-980.77759
  20
1298.4792
  0
VERTEX
  5
2d3
  8
Layer_1
  10
-991.24255
  20
1297.7003
  0
VERTEX
  5
2d4
  8
Layer_1
  10
-1001.7695
  20
1296.9658
  0
VERTEX
  5
2d5
  8
Layer_1
  10
-1012.3323
  20
1296.2775
  0
VERTEX
  5
2d6
  8
Layer_1
  10
-1022.9047
  20
1295.6373
  0
VERTEX
  5
2d7
  8
Layer_1
  10
-1033.4606
  20
1295.0472
  0
VERTEX
  5
2d8
  8
Layer_1
  10
-1043.9738
  20
1294.509
  0
VERTEX
  5
2d9
  8
Layer_1
  10
-1054.4182
  20
1294.0246
  0
VERTEX
  5
2da
  8
Layer_1
  10
-1059.6064
  20
1293.8031
  0
VERTEX
  5
2db
  8
Layer_1
  10
-1064.7675
  20
1293.5958
  0
VERTEX
  5
2dc
  8
Layer_1
  10
-1069.8983
  20
1293.4029
  0
VERTEX
  5
2dd
  8
Layer_1
  10
-1074.9956
  20
1293.2246
  0
VERTEX
  5
2de
  8
Layer_1
  10
-1080.056
  20
1293.0612
  0
VERTEX
  5
2df
  8
Layer_1
  10
-1085.0763
  20
1292.9129
  0
VERTEX
  5
2e0
  8
Layer_1
  10
-1090.0532
  20
1292.7799
  0
VERTEX
  5
2e1
  8
Layer_1
  10
-1094.9835
  20
1292.6625
  0
VERTEX
  5
2e2
  8
Layer_1
  10
-1099.8638
  20
1292.5609
  0
VERTEX
  5
2e3
  8
Layer_1
  10
-1104.6909
  20
1292.4754
  0
VERTEX
  5
2e4
  8
Layer_1
  10
-1109.4616
  20
1292.4061
  0
VERTEX
  5
2e5
  8
Layer_1
  10
-1114.1725
  20
1292.3533
  0
VERTEX
  5
2e6
  8
Layer_1
  10
-1118.8204
  20
1292.3173
  0
VERTEX
  5
2e7
  8
Layer_1
  10
-1123.402
  20
1292.2983
  0
VERTEX
  5
2e8
  8
Layer_1
  10
-1127.914
  20
1292.2965
  0
VERTEX
  5
2e9
  8
Layer_1
  10
-1132.3532
  20
1292.3122
  0
VERTEX
  5
2ea
  8
Layer_1
  10
-1136.7163
  20
1292.3455
  0
VERTEX
  5
2eb
  8
Layer_1
  10
-1141
  20
1292.3968
  0
VERTEX
  5
2ec
  8
Layer_1
  10
-1145.2011
  20
1292.4662
  0
VERTEX
  5
2ed
  8
Layer_1
  10
-1149.3162
  20
1292.5541
  0
VERTEX
  5
2ee
  8
Layer_1
  10
-1153.3583
  20
1292.6561
  0
VERTEX
  5
2ef
  8
Layer_1
  10
-1157.3733
  20
1292.7686
  0
VERTEX
  5
2f0
  8
Layer_1
  10
-1161.3614
  20
1292.8917
  0
VERTEX
  5
2f1
  8
Layer_1
  10
-1165.323
  20
1293.0253
  0
VERTEX
  5
2f2
  8
Layer_1
  10
-1169.2582
  20
1293.1695
  0
VERTEX
  5
2f3
  8
Layer_1
  10
-1173.1671
  20
1293.3244
  0
VERTEX
  5
2f4
  8
Layer_1
  10
-1177.0501
  20
1293.4899
  0
VERTEX
  5
2f5
  8
Layer_1
  10
-1180.9074
  20
1293.6661
  0
VERTEX
  5
2f6
  8
Layer_1
  10
-1184.7391
  20
1293.853
  0
VERTEX
  5
2f7
  8
Layer_1
  10
-1188.5454
  20
1294.0507
  0
VERTEX
  5
2f8
  8
Layer_1
  10
-1192.3267
  20
1294.2591
  0
VERTEX
  5
2f9
  8
Layer_1
  10
-1196.083
  20
1294.4784
  0
VERTEX
  5
2fa
  8
Layer_1
  10
-1199.8146
  20
1294.7084
  0
VERTEX
  5
2fb
  8
Layer_1
  10
-1203.5217
  20
1294.9494
  0
VERTEX
  5
2fc
  8
Layer_1
  10
-1207.2046
  20
1295.2012
  0
VERTEX
  5
2fd
  8
Layer_1
  10
-1210.8634
  20
1295.4639
  0
VERTEX
  5
2fe
  8
Layer_1
  10
-1214.4984
  20
1295.7376
  0
VERTEX
  5
2ff
  8
Layer_1
  10
-1218.1098
  20
1296.0223
  0
VERTEX
  5
300
  8
Layer_1
  10
-1221.6977
  20
1296.3179
  0
VERTEX
  5
301
  8
Layer_1
  10
-1225.2624
  20
1296.6246
  0
VERTEX
  5
302
  8
Layer_1
  10
-1228.8042
  20
1296.9424
  0
VERTEX
  5
303
  8
Layer_1
  10
-1232.3231
  20
1297.2712
  0
VERTEX
  5
304
  8
Layer_1
  10
-1235.8195
  20
1297.6112
  0
VERTEX
  5
305
  8
Layer_1
  10
-1239.2935
  20
1297.9624
  0
VERTEX
  5
306
  8
Layer_1
  10
-1246.1754
  20
1298.6982
  0
VERTEX
  5
307
  8
Layer_1
  10
-1252.9704
  20
1299.4789
  0
VERTEX
  5
308
  8
Layer_1
  10
-1259.6803
  20
1300.3049
  0
VERTEX
  5
309
  8
Layer_1
  10
-1266.3067
  20
1301.1762
  0
VERTEX
  5
30a
  8
Layer_1
  10
-1272.8514
  20
1302.0932
  0
VERTEX
  5
30b
  8
Layer_1
  10
-1279.3161
  20
1303.0561
  0
VERTEX
  5
30c
  8
Layer_1
  10
-1285.7024
  20
1304.065
  0
VERTEX
  5
30d
  8
Layer_1
  10
-1292.0121
  20
1305.1203
  0
VERTEX
  5
30e
  8
Layer_1
  10
-1298.2469
  20
1306.2222
  0
VERTEX
  5
30f
  8
Layer_1
  10
-1304.4084
  20
1307.3708
  0
VERTEX
  5
310
  8
Layer_1
  10
-1310.4985
  20
1308.5665
  0
VERTEX
  5
311
  8
Layer_1
  10
-1316.5187
  20
1309.8095
  0
VERTEX
  5
312
  8
Layer_1
  10
-1322.4709
  20
1311.0999
  0
VERTEX
  5
313
  8
Layer_1
  10
-1328.3566
  20
1312.4381
  0
VERTEX
  5
314
  8
Layer_1
  10
-1334.1777
  20
1313.8242
  0
VERTEX
  5
315
  8
Layer_1
  10
-1339.9357
  20
1315.2585
  0
VERTEX
  5
316
  8
Layer_1
  10
-1345.6325
  20
1316.7412
  0
VERTEX
  5
317
  8
Layer_1
  10
-1351.2697
  20
1318.2725
  0
VERTEX
  5
318
  8
Layer_1
  10
-1356.849
  20
1319.8528
  0
VERTEX
  5
319
  8
Layer_1
  10
-1362.3722
  20
1321.4821
  0
VERTEX
  5
31a
  8
Layer_1
  10
-1363.4004
  20
1321.7932
  0
VERTEX
  5
31b
  8
Layer_1
  10
-1364.4627
  20
1322.1178
  0
VERTEX
  5
31c
  8
Layer_1
  10
-1365.5578
  20
1322.4554
  0
VERTEX
  5
31d
  8
Layer_1
  10
-1366.6843
  20
1322.8055
  0
VERTEX
  5
31e
  8
Layer_1
  10
-1367.8408
  20
1323.1677
  0
VERTEX
  5
31f
  8
Layer_1
  10
-1369.026
  20
1323.5415
  0
VERTEX
  5
320
  8
Layer_1
  10
-1370.2387
  20
1323.9264
  0
VERTEX
  5
321
  8
Layer_1
  10
-1371.4773
  20
1324.322
  0
VERTEX
  5
322
  8
Layer_1
  10
-1374.0274
  20
1325.1433
  0
VERTEX
  5
323
  8
Layer_1
  10
-1376.6655
  20
1326.0017
  0
VERTEX
  5
324
  8
Layer_1
  10
-1379.381
  20
1326.8933
  0
VERTEX
  5
325
  8
Layer_1
  10
-1382.163
  20
1327.8144
  0
VERTEX
  5
326
  8
Layer_1
  10
-1385.001
  20
1328.7612
  0
VERTEX
  5
327
  8
Layer_1
  10
-1387.8841
  20
1329.7301
  0
VERTEX
  5
328
  8
Layer_1
  10
-1390.8017
  20
1330.7172
  0
VERTEX
  5
329
  8
Layer_1
  10
-1393.7431
  20
1331.7189
  0
VERTEX
  5
32a
  8
Layer_1
  10
-1399.654
  20
1333.7507
  0
VERTEX
  5
32b
  8
Layer_1
  10
-1405.5312
  20
1335.7954
  0
VERTEX
  5
32c
  8
Layer_1
  10
-1408.4303
  20
1336.8133
  0
VERTEX
  5
32d
  8
Layer_1
  10
-1411.2888
  20
1337.8231
  0
VERTEX
  5
32e
  8
Layer_1
  10
-1414.096
  20
1338.8212
  0
VERTEX
  5
32f
  8
Layer_1
  10
-1416.8411
  20
1339.8037
  0
VERTEX
  5
330
  8
Layer_1
  10
-1419.5134
  20
1340.767
  0
VERTEX
  5
331
  8
Layer_1
  10
-1422.1023
  20
1341.7073
  0
VERTEX
  5
332
  8
Layer_1
  10
-1423.362
  20
1342.1676
  0
VERTEX
  5
333
  8
Layer_1
  10
-1424.5969
  20
1342.6207
  0
VERTEX
  5
334
  8
Layer_1
  10
-1425.8055
  20
1343.0663
  0
VERTEX
  5
335
  8
Layer_1
  10
-1426.9866
  20
1343.5037
  0
VERTEX
  5
336
  8
Layer_1
  10
-1428.1387
  20
1343.9325
  0
VERTEX
  5
337
  8
Layer_1
  10
-1429.2606
  20
1344.3523
  0
VERTEX
  5
338
  8
Layer_1
  10
-1430.3509
  20
1344.7626
  0
VERTEX
  5
339
  8
Layer_1
  10
-1431.4083
  20
1345.1629
  0
VERTEX
  5
33a
  8
Layer_1
  10
-1432.4313
  20
1345.5528
  0
VERTEX
  5
33b
  8
Layer_1
  10
-1433.4188
  20
1345.9318
  0
VERTEX
  5
33c
  8
Layer_1
  10
-1434.3693
  20
1346.2993
  0
VERTEX
  5
33d
  8
Layer_1
  10
-1435.2815
  20
1346.655
  0
VERTEX
  5
33e
  8
Layer_1
  10
-1436.154
  20
1346.9984
  0
VERTEX
  5
33f
  8
Layer_1
  10
-1436.9856
  20
1347.329
  0
VERTEX
  5
340
  8
Layer_1
  10
-1437.7748
  20
1347.6463
  0
VERTEX
  5
341
  8
Layer_1
  10
-1438.5204
  20
1347.9499
  0
VERTEX
  5
342
  8
Layer_1
  10
-1439.221
  20
1348.2393
  0
VERTEX
  5
343
  8
Layer_1
  10
-1439.8753
  20
1348.514
  0
VERTEX
  5
344
  8
Layer_1
  10
-1440.4819
  20
1348.7736
  0
VERTEX
  5
345
  8
Layer_1
  10
-1441.0394
  20
1349.0176
  0
VERTEX
  5
346
  8
Layer_1
  10
-1442.7746
  20
1349.7767
  0
VERTEX
  5
347
  8
Layer_1
  10
-1444.4359
  20
1350.485
  0
VERTEX
  5
348
  8
Layer_1
  10
-1445.2266
  20
1350.8152
  0
VERTEX
  5
349
  8
Layer_1
  10
-1445.9839
  20
1351.1268
  0
VERTEX
  5
34a
  8
Layer_1
  10
-1446.7031
  20
1351.418
  0
VERTEX
  5
34b
  8
Layer_1
  10
-1447.3792
  20
1351.6867
  0
VERTEX
  5
34c
  8
Layer_1
  10
-1448.0073
  20
1351.9311
  0
VERTEX
  5
34d
  8
Layer_1
  10
-1448.5824
  20
1352.1492
  0
VERTEX
  5
34e
  8
Layer_1
  10
-1449.0996
  20
1352.339
  0
VERTEX
  5
34f
  8
Layer_1
  10
-1449.5541
  20
1352.4987
  0
VERTEX
  5
350
  8
Layer_1
  10
-1449.9408
  20
1352.6262
  0
VERTEX
  5
351
  8
Layer_1
  10
-1450.2548
  20
1352.7198
  0
VERTEX
  5
352
  8
Layer_1
  10
-1450.4913
  20
1352.7773
  0
VERTEX
  5
353
  8
Layer_1
  10
-1450.6453
  20
1352.7969
  0
VERTEX
  5
354
  8
Layer_1
  10
-1450.8266
  20
1352.8172
  0
VERTEX
  5
355
  8
Layer_1
  10
-1451.0866
  20
1352.8775
  0
VERTEX
  5
356
  8
Layer_1
  10
-1451.4233
  20
1352.9768
  0
VERTEX
  5
357
  8
Layer_1
  10
-1451.8347
  20
1353.1142
  0
VERTEX
  5
358
  8
Layer_1
  10
-1452.3187
  20
1353.2886
  0
VERTEX
  5
359
  8
Layer_1
  10
-1452.8733
  20
1353.4992
  0
VERTEX
  5
35a
  8
Layer_1
  10
-1453.4965
  20
1353.7449
  0
VERTEX
  5
35b
  8
Layer_1
  10
-1454.1862
  20
1354.0247
  0
VERTEX
  5
35c
  8
Layer_1
  10
-1454.9406
  20
1354.3377
  0
VERTEX
  5
35d
  8
Layer_1
  10
-1455.7575
  20
1354.683
  0
VERTEX
  5
35e
  8
Layer_1
  10
-1456.6349
  20
1355.0595
  0
VERTEX
  5
35f
  8
Layer_1
  10
-1457.5708
  20
1355.4662
  0
VERTEX
  5
360
  8
Layer_1
  10
-1458.5632
  20
1355.9023
  0
VERTEX
  5
361
  8
Layer_1
  10
-1459.61
  20
1356.3667
  0
VERTEX
  5
362
  8
Layer_1
  10
-1460.7094
  20
1356.8585
  0
VERTEX
  5
363
  8
Layer_1
  10
-1461.8591
  20
1357.3767
  0
VERTEX
  5
364
  8
Layer_1
  10
-1463.0573
  20
1357.9203
  0
VERTEX
  5
365
  8
Layer_1
  10
-1464.3019
  20
1358.4883
  0
VERTEX
  5
366
  8
Layer_1
  10
-1465.5908
  20
1359.0798
  0
VERTEX
  5
367
  8
Layer_1
  10
-1466.9221
  20
1359.6939
  0
VERTEX
  5
368
  8
Layer_1
  10
-1468.2938
  20
1360.3294
  0
VERTEX
  5
369
  8
Layer_1
  10
-1469.7037
  20
1360.9855
  0
VERTEX
  5
36a
  8
Layer_1
  10
-1471.15
  20
1361.6613
  0
VERTEX
  5
36b
  8
Layer_1
  10
-1472.6306
  20
1362.3556
  0
VERTEX
  5
36c
  8
Layer_1
  10
-1474.1434
  20
1363.0676
  0
VERTEX
  5
36d
  8
Layer_1
  10
-1475.6865
  20
1363.7963
  0
VERTEX
  5
36e
  8
Layer_1
  10
-1477.2579
  20
1364.5407
  0
VERTEX
  5
36f
  8
Layer_1
  10
-1478.8554
  20
1365.2998
  0
VERTEX
  5
370
  8
Layer_1
  10
-1482.1211
  20
1366.8584
  0
VERTEX
  5
371
  8
Layer_1
  10
-1485.4674
  20
1368.4644
  0
VERTEX
  5
372
  8
Layer_1
  10
-1488.8782
  20
1370.1098
  0
VERTEX
  5
373
  8
Layer_1
  10
-1492.3374
  20
1371.787
  0
VERTEX
  5
374
  8
Layer_1
  10
-1495.8288
  20
1373.4882
  0
VERTEX
  5
375
  8
Layer_1
  10
-1499.3362
  20
1375.2057
  0
VERTEX
  5
376
  8
Layer_1
  10
-1502.8436
  20
1376.9316
  0
VERTEX
  5
377
  8
Layer_1
  10
-1506.3347
  20
1378.6582
  0
VERTEX
  5
378
  8
Layer_1
  10
-1509.7935
  20
1380.3777
  0
VERTEX
  5
379
  8
Layer_1
  10
-1513.2038
  20
1382.0824
  0
VERTEX
  5
37a
  8
Layer_1
  10
-1516.5494
  20
1383.7645
  0
VERTEX
  5
37b
  8
Layer_1
  10
-1519.8142
  20
1385.4162
  0
VERTEX
  5
37c
  8
Layer_1
  10
-1521.4113
  20
1386.2282
  0
VERTEX
  5
37d
  8
Layer_1
  10
-1522.9821
  20
1387.0297
  0
VERTEX
  5
37e
  8
Layer_1
  10
-1524.5246
  20
1387.8198
  0
VERTEX
  5
37f
  8
Layer_1
  10
-1526.0368
  20
1388.5974
  0
VERTEX
  5
380
  8
Layer_1
  10
-1527.5168
  20
1389.3615
  0
VERTEX
  5
381
  8
Layer_1
  10
-1528.9624
  20
1390.1113
  0
VERTEX
  5
382
  8
Layer_1
  10
-1530.3716
  20
1390.8457
  0
VERTEX
  5
383
  8
Layer_1
  10
-1531.7425
  20
1391.5638
  0
VERTEX
  5
384
  8
Layer_1
  10
-1533.073
  20
1392.2646
  0
VERTEX
  5
385
  8
Layer_1
  10
-1534.3611
  20
1392.9471
  0
VERTEX
  5
386
  8
Layer_1
  10
-1535.6048
  20
1393.6103
  0
VERTEX
  5
387
  8
Layer_1
  10
-1536.8021
  20
1394.2533
  0
VERTEX
  5
388
  8
Layer_1
  10
-1538.5888
  20
1395.1966
  0
VERTEX
  5
389
  8
Layer_1
  10
-1540.465
  20
1396.1494
  0
VERTEX
  5
38a
  8
Layer_1
  10
-1542.415
  20
1397.1052
  0
VERTEX
  5
38b
  8
Layer_1
  10
-1544.4232
  20
1398.0575
  0
VERTEX
  5
38c
  8
Layer_1
  10
-1546.4738
  20
1399
  0
VERTEX
  5
38d
  8
Layer_1
  10
-1548.5512
  20
1399.9262
  0
VERTEX
  5
38e
  8
Layer_1
  10
-1550.6398
  20
1400.8295
  0
VERTEX
  5
38f
  8
Layer_1
  10
-1552.7239
  20
1401.7035
  0
VERTEX
  5
390
  8
Layer_1
  10
-1554.7878
  20
1402.5417
  0
VERTEX
  5
391
  8
Layer_1
  10
-1556.8158
  20
1403.3377
  0
VERTEX
  5
392
  8
Layer_1
  10
-1558.7924
  20
1404.0851
  0
VERTEX
  5
393
  8
Layer_1
  10
-1560.7017
  20
1404.7772
  0
VERTEX
  5
394
  8
Layer_1
  10
-1561.6263
  20
1405.1006
  0
VERTEX
  5
395
  8
Layer_1
  10
-1562.5283
  20
1405.4078
  0
VERTEX
  5
396
  8
Layer_1
  10
-1563.4056
  20
1405.6979
  0
VERTEX
  5
397
  8
Layer_1
  10
-1564.2563
  20
1405.9703
  0
VERTEX
  5
398
  8
Layer_1
  10
-1565.0785
  20
1406.2239
  0
VERTEX
  5
399
  8
Layer_1
  10
-1565.8702
  20
1406.4582
  0
VERTEX
  5
39a
  8
Layer_1
  10
-1566.6294
  20
1406.6722
  0
VERTEX
  5
39b
  8
Layer_1
  10
-1567.3542
  20
1406.8651
  0
VERTEX
  5
39c
  8
Layer_1
  10
-1568.5395
  20
1407.1689
  0
VERTEX
  5
39d
  8
Layer_1
  10
-1569.664
  20
1407.4531
  0
VERTEX
  5
39e
  8
Layer_1
  10
-1570.7326
  20
1407.7178
  0
VERTEX
  5
39f
  8
Layer_1
  10
-1571.7504
  20
1407.9629
  0
VERTEX
  5
3a0
  8
Layer_1
  10
-1572.7225
  20
1408.1885
  0
VERTEX
  5
3a1
  8
Layer_1
  10
-1573.6539
  20
1408.3945
  0
VERTEX
  5
3a2
  8
Layer_1
  10
-1574.5496
  20
1408.5809
  0
VERTEX
  5
3a3
  8
Layer_1
  10
-1575.4148
  20
1408.7478
  0
VERTEX
  5
3a4
  8
Layer_1
  10
-1577.0737
  20
1409.023
  0
VERTEX
  5
3a5
  8
Layer_1
  10
-1578.6708
  20
1409.2201
  0
VERTEX
  5
3a6
  8
Layer_1
  10
-1580.2466
  20
1409.3391
  0
VERTEX
  5
3a7
  8
Layer_1
  10
-1581.8416
  20
1409.3802
  0
VERTEX
  5
3a8
  8
Layer_1
  10
-1582.6589
  20
1409.3715
  0
VERTEX
  5
3a9
  8
Layer_1
  10
-1583.4961
  20
1409.3433
  0
VERTEX
  5
3aa
  8
Layer_1
  10
-1584.3583
  20
1409.2957
  0
VERTEX
  5
3ab
  8
Layer_1
  10
-1585.2505
  20
1409.2285
  0
VERTEX
  5
3ac
  8
Layer_1
  10
-1586.1779
  20
1409.142
  0
VERTEX
  5
3ad
  8
Layer_1
  10
-1587.1454
  20
1409.0359
  0
VERTEX
  5
3ae
  8
Layer_1
  10
-1588.158
  20
1408.9105
  0
VERTEX
  5
3af
  8
Layer_1
  10
-1589.221
  20
1408.7656
  0
VERTEX
  5
3b0
  8
Layer_1
  10
-1590.3392
  20
1408.6012
  0
VERTEX
  5
3b1
  8
Layer_1
  10
-1591.5178
  20
1408.4174
  0
VERTEX
  5
3b2
  8
Layer_1
  10
-1592.7618
  20
1408.2142
  0
VERTEX
  5
3b3
  8
Layer_1
  10
-1594.0762
  20
1407.9916
  0
VERTEX
  5
3b4
  8
Layer_1
  10
-1595.4662
  20
1407.7496
  0
VERTEX
  5
3b5
  8
Layer_1
  10
-1596.9367
  20
1407.4882
  0
VERTEX
  5
3b6
  8
Layer_1
  10
-1598.4928
  20
1407.2074
  0
VERTEX
  5
3b7
  8
Layer_1
  10
-1600.1396
  20
1406.9072
  0
VERTEX
  5
3b8
  8
Layer_1
  10
-1602.3639
  20
1406.4883
  0
VERTEX
  5
3b9
  8
Layer_1
  10
-1604.5315
  20
1406.0556
  0
VERTEX
  5
3ba
  8
Layer_1
  10
-1606.644
  20
1405.6082
  0
VERTEX
  5
3bb
  8
Layer_1
  10
-1608.7033
  20
1405.1453
  0
VERTEX
  5
3bc
  8
Layer_1
  10
-1610.7111
  20
1404.6661
  0
VERTEX
  5
3bd
  8
Layer_1
  10
-1612.6691
  20
1404.1697
  0
VERTEX
  5
3be
  8
Layer_1
  10
-1614.5792
  20
1403.6553
  0
VERTEX
  5
3bf
  8
Layer_1
  10
-1616.4432
  20
1403.1221
  0
VERTEX
  5
3c0
  8
Layer_1
  10
-1618.2627
  20
1402.5692
  0
VERTEX
  5
3c1
  8
Layer_1
  10
-1620.0396
  20
1401.9958
  0
VERTEX
  5
3c2
  8
Layer_1
  10
-1621.7757
  20
1401.401
  0
VERTEX
  5
3c3
  8
Layer_1
  10
-1623.4727
  20
1400.7841
  0
VERTEX
  5
3c4
  8
Layer_1
  10
-1625.1323
  20
1400.1442
  0
VERTEX
  5
3c5
  8
Layer_1
  10
-1626.7564
  20
1399.4804
  0
VERTEX
  5
3c6
  8
Layer_1
  10
-1628.3467
  20
1398.7919
  0
VERTEX
  5
3c7
  8
Layer_1
  10
-1629.905
  20
1398.078
  0
VERTEX
  5
3c8
  8
Layer_1
  10
-1631.4331
  20
1397.3377
  0
VERTEX
  5
3c9
  8
Layer_1
  10
-1632.9327
  20
1396.5701
  0
VERTEX
  5
3ca
  8
Layer_1
  10
-1634.4057
  20
1395.7746
  0
VERTEX
  5
3cb
  8
Layer_1
  10
-1635.8537
  20
1394.9503
  0
VERTEX
  5
3cc
  8
Layer_1
  10
-1637.2785
  20
1394.0962
  0
VERTEX
  5
3cd
  8
Layer_1
  10
-1638.682
  20
1393.2116
  0
VERTEX
  5
3ce
  8
Layer_1
  10
-1640.0659
  20
1392.2957
  0
VERTEX
  5
3cf
  8
Layer_1
  10
-1641.4319
  20
1391.3476
  0
VERTEX
  5
3d0
  8
Layer_1
  10
-1642.7819
  20
1390.3664
  0
VERTEX
  5
3d1
  8
Layer_1
  10
-1644.1176
  20
1389.3514
  0
VERTEX
  5
3d2
  8
Layer_1
  10
-1645.4407
  20
1388.3017
  0
VERTEX
  5
3d3
  8
Layer_1
  10
-1646.7531
  20
1387.2165
  0
VERTEX
  5
3d4
  8
Layer_1
  10
-1648.0565
  20
1386.0949
  0
VERTEX
  5
3d5
  8
Layer_1
  10
-1649.3527
  20
1384.9362
  0
VERTEX
  5
3d6
  8
Layer_1
  10
-1650.6435
  20
1383.7393
  0
VERTEX
  5
3d7
  8
Layer_1
  10
-1651.9306
  20
1382.5037
  0
VERTEX
  5
3d8
  8
Layer_1
  10
-1653.1213
  20
1381.3267
  0
VERTEX
  5
3d9
  8
Layer_1
  10
-1654.2704
  20
1380.1605
  0
VERTEX
  5
3da
  8
Layer_1
  10
-1655.3794
  20
1379.0024
  0
VERTEX
  5
3db
  8
Layer_1
  10
-1656.4498
  20
1377.8496
  0
VERTEX
  5
3dc
  8
Layer_1
  10
-1657.4831
  20
1376.6993
  0
VERTEX
  5
3dd
  8
Layer_1
  10
-1658.4807
  20
1375.5489
  0
VERTEX
  5
3de
  8
Layer_1
  10
-1659.4442
  20
1374.3955
  0
VERTEX
  5
3df
  8
Layer_1
  10
-1660.375
  20
1373.2364
  0
VERTEX
  5
3e0
  8
Layer_1
  10
-1661.2747
  20
1372.0688
  0
VERTEX
  5
3e1
  8
Layer_1
  10
-1662.1446
  20
1370.8901
  0
VERTEX
  5
3e2
  8
Layer_1
  10
-1662.9864
  20
1369.6973
  0
VERTEX
  5
3e3
  8
Layer_1
  10
-1663.8015
  20
1368.4879
  0
VERTEX
  5
3e4
  8
Layer_1
  10
-1664.5913
  20
1367.2589
  0
VERTEX
  5
3e5
  8
Layer_1
  10
-1665.3574
  20
1366.0078
  0
VERTEX
  5
3e6
  8
Layer_1
  10
-1666.1013
  20
1364.7317
  0
VERTEX
  5
3e7
  8
Layer_1
  10
-1666.8245
  20
1363.4278
  0
VERTEX
  5
3e8
  8
Layer_1
  10
-1667.5283
  20
1362.0934
  0
VERTEX
  5
3e9
  8
Layer_1
  10
-1668.2145
  20
1360.7258
  0
VERTEX
  5
3ea
  8
Layer_1
  10
-1668.8843
  20
1359.3222
  0
VERTEX
  5
3eb
  8
Layer_1
  10
-1669.5393
  20
1357.8799
  0
VERTEX
  5
3ec
  8
Layer_1
  10
-1670.1811
  20
1356.3961
  0
VERTEX
  5
3ed
  8
Layer_1
  10
-1670.811
  20
1354.868
  0
VERTEX
  5
3ee
  8
Layer_1
  10
-1671.4306
  20
1353.2929
  0
VERTEX
  5
3ef
  8
Layer_1
  10
-1672.0414
  20
1351.668
  0
VERTEX
  5
3f0
  8
Layer_1
  10
-1672.6449
  20
1349.9906
  0
VERTEX
  5
3f1
  8
Layer_1
  10
-1673.2424
  20
1348.2579
  0
VERTEX
  5
3f2
  8
Layer_1
  10
-1673.8357
  20
1346.4673
  0
VERTEX
  5
3f3
  8
Layer_1
  10
-1674.426
  20
1344.6158
  0
VERTEX
  5
3f4
  8
Layer_1
  10
-1675.015
  20
1342.7008
  0
VERTEX
  5
3f5
  8
Layer_1
  10
-1675.6041
  20
1340.7196
  0
VERTEX
  5
3f6
  8
Layer_1
  10
-1676.1947
  20
1338.6693
  0
VERTEX
  5
3f7
  8
Layer_1
  10
-1676.7885
  20
1336.5472
  0
VERTEX
  5
3f8
  8
Layer_1
  10
-1677.3727
  20
1334.3779
  0
VERTEX
  5
3f9
  8
Layer_1
  10
-1677.9187
  20
1332.2385
  0
VERTEX
  5
3fa
  8
Layer_1
  10
-1678.4267
  20
1330.1238
  0
VERTEX
  5
3fb
  8
Layer_1
  10
-1678.8966
  20
1328.0291
  0
VERTEX
  5
3fc
  8
Layer_1
  10
-1679.3283
  20
1325.9493
  0
VERTEX
  5
3fd
  8
Layer_1
  10
-1679.7219
  20
1323.8794
  0
VERTEX
  5
3fe
  8
Layer_1
  10
-1680.0772
  20
1321.8144
  0
VERTEX
  5
3ff
  8
Layer_1
  10
-1680.3944
  20
1319.7494
  0
VERTEX
  5
400
  8
Layer_1
  10
-1680.6733
  20
1317.6794
  0
VERTEX
  5
401
  8
Layer_1
  10
-1680.9141
  20
1315.5994
  0
VERTEX
  5
402
  8
Layer_1
  10
-1681.1165
  20
1313.5045
  0
VERTEX
  5
403
  8
Layer_1
  10
-1681.2807
  20
1311.3897
  0
VERTEX
  5
404
  8
Layer_1
  10
-1681.4066
  20
1309.2499
  0
VERTEX
  5
405
  8
Layer_1
  10
-1681.4942
  20
1307.0803
  0
VERTEX
  5
406
  8
Layer_1
  10
-1681.5435
  20
1304.8758
  0
VERTEX
  5
407
  8
Layer_1
  10
-1681.5544
  20
1302.6314
  0
VERTEX
  5
408
  8
Layer_1
  10
-1681.527
  20
1300.3423
  0
VERTEX
  5
409
  8
Layer_1
  10
-1681.4612
  20
1298.0034
  0
VERTEX
  5
40a
  8
Layer_1
  10
-1681.357
  20
1295.6098
  0
VERTEX
  5
40b
  8
Layer_1
  10
-1681.2143
  20
1293.1564
  0
VERTEX
  5
40c
  8
Layer_1
  10
-1681.0333
  20
1290.6383
  0
VERTEX
  5
40d
  8
Layer_1
  10
-1680.8137
  20
1288.0505
  0
VERTEX
  5
40e
  8
Layer_1
  10
-1680.5558
  20
1285.3881
  0
VERTEX
  5
40f
  8
Layer_1
  10
-1680.2593
  20
1282.646
  0
VERTEX
  5
410
  8
Layer_1
  10
-1679.9243
  20
1279.8193
  0
VERTEX
  5
411
  8
Layer_1
  10
-1679.5508
  20
1276.9031
  0
VERTEX
  5
412
  8
Layer_1
  10
-1679.3496
  20
1275.4098
  0
VERTEX
  5
413
  8
Layer_1
  10
-1679.1387
  20
1273.8923
  0
VERTEX
  5
414
  8
Layer_1
  10
-1678.9183
  20
1272.3499
  0
VERTEX
  5
415
  8
Layer_1
  10
-1678.6881
  20
1270.782
  0
VERTEX
  5
416
  8
Layer_1
  10
-1678.4484
  20
1269.1879
  0
VERTEX
  5
417
  8
Layer_1
  10
-1678.1989
  20
1267.5671
  0
VERTEX
  5
418
  8
Layer_1
  10
-1677.9399
  20
1265.919
  0
VERTEX
  5
419
  8
Layer_1
  10
-1677.6711
  20
1264.2428
  0
VERTEX
  5
41a
  8
Layer_1
  10
-1677.3928
  20
1262.538
  0
VERTEX
  5
41b
  8
Layer_1
  10
-1677.1047
  20
1260.804
  0
VERTEX
  5
41c
  8
Layer_1
  10
-1676.807
  20
1259.0402
  0
VERTEX
  5
41d
  8
Layer_1
  10
-1676.4997
  20
1257.2458
  0
VERTEX
  5
41e
  8
Layer_1
  10
-1676.4331
  20
1256.8572
  0
VERTEX
  5
41f
  8
Layer_1
  10
-1676.3602
  20
1256.4261
  0
VERTEX
  5
420
  8
Layer_1
  10
-1676.2811
  20
1255.9541
  0
VERTEX
  5
421
  8
Layer_1
  10
-1676.1962
  20
1255.443
  0
VERTEX
  5
422
  8
Layer_1
  10
-1676.1056
  20
1254.8944
  0
VERTEX
  5
423
  8
Layer_1
  10
-1676.0097
  20
1254.3097
  0
VERTEX
  5
424
  8
Layer_1
  10
-1675.9087
  20
1253.6908
  0
VERTEX
  5
425
  8
Layer_1
  10
-1675.8029
  20
1253.0393
  0
VERTEX
  5
426
  8
Layer_1
  10
-1675.6924
  20
1252.3566
  0
VERTEX
  5
427
  8
Layer_1
  10
-1675.5777
  20
1251.6446
  0
VERTEX
  5
428
  8
Layer_1
  10
-1675.4589
  20
1250.9047
  0
VERTEX
  5
429
  8
Layer_1
  10
-1675.3363
  20
1250.1388
  0
VERTEX
  5
42a
  8
Layer_1
  10
-1675.0807
  20
1248.5348
  0
VERTEX
  5
42b
  8
Layer_1
  10
-1674.8129
  20
1246.8457
  0
VERTEX
  5
42c
  8
Layer_1
  10
-1674.535
  20
1245.0846
  0
VERTEX
  5
42d
  8
Layer_1
  10
-1674.2492
  20
1243.2645
  0
VERTEX
  5
42e
  8
Layer_1
  10
-1673.9574
  20
1241.3983
  0
VERTEX
  5
42f
  8
Layer_1
  10
-1673.6616
  20
1239.4991
  0
VERTEX
  5
430
  8
Layer_1
  10
-1673.0667
  20
1235.654
  0
VERTEX
  5
431
  8
Layer_1
  10
-1672.4809
  20
1231.8333
  0
VERTEX
  5
432
  8
Layer_1
  10
-1672.2391
  20
1230.2532
  0
VERTEX
  5
433
  8
Layer_1
  10
-1671.9903
  20
1228.6367
  0
VERTEX
  5
434
  8
Layer_1
  10
-1671.7346
  20
1226.9852
  0
VERTEX
  5
435
  8
Layer_1
  10
-1671.4723
  20
1225.3002
  0
VERTEX
  5
436
  8
Layer_1
  10
-1671.2038
  20
1223.583
  0
VERTEX
  5
437
  8
Layer_1
  10
-1670.9291
  20
1221.8353
  0
VERTEX
  5
438
  8
Layer_1
  10
-1670.6487
  20
1220.0583
  0
VERTEX
  5
439
  8
Layer_1
  10
-1670.3626
  20
1218.2537
  0
VERTEX
  5
43a
  8
Layer_1
  10
-1669.7749
  20
1214.5671
  0
VERTEX
  5
43b
  8
Layer_1
  10
-1669.1678
  20
1210.7873
  0
VERTEX
  5
43c
  8
Layer_1
  10
-1668.5434
  20
1206.9258
  0
VERTEX
  5
43d
  8
Layer_1
  10
-1667.9036
  20
1202.9943
  0
VERTEX
  5
43e
  8
Layer_1
  10
-1667.2505
  20
1199.0045
  0
VERTEX
  5
43f
  8
Layer_1
  10
-1666.586
  20
1194.968
  0
VERTEX
  5
440
  8
Layer_1
  10
-1665.9122
  20
1190.8966
  0
VERTEX
  5
441
  8
Layer_1
  10
-1665.2309
  20
1186.8019
  0
VERTEX
  5
442
  8
Layer_1
  10
-1663.8541
  20
1178.5892
  0
VERTEX
  5
443
  8
Layer_1
  10
-1662.4716
  20
1170.4234
  0
VERTEX
  5
444
  8
Layer_1
  10
-1661.7832
  20
1166.3872
  0
VERTEX
  5
445
  8
Layer_1
  10
-1661.0992
  20
1162.3978
  0
VERTEX
  5
446
  8
Layer_1
  10
-1660.4218
  20
1158.4667
  0
VERTEX
  5
447
  8
Layer_1
  10
-1659.7528
  20
1154.6057
  0
VERTEX
  5
448
  8
Layer_1
  10
-1659.0943
  20
1150.8263
  0
VERTEX
  5
449
  8
Layer_1
  10
-1658.4483
  20
1147.1404
  0
VERTEX
  5
44a
  8
Layer_1
  10
-1658.1306
  20
1145.3362
  0
VERTEX
  5
44b
  8
Layer_1
  10
-1657.8167
  20
1143.5596
  0
VERTEX
  5
44c
  8
Layer_1
  10
-1657.507
  20
1141.8122
  0
VERTEX
  5
44d
  8
Layer_1
  10
-1657.2016
  20
1140.0955
  0
VERTEX
  5
44e
  8
Layer_1
  10
-1656.9008
  20
1138.4108
  0
VERTEX
  5
44f
  8
Layer_1
  10
-1656.6048
  20
1136.7598
  0
VERTEX
  5
450
  8
Layer_1
  10
-1656.314
  20
1135.1437
  0
VERTEX
  5
451
  8
Layer_1
  10
-1656.0285
  20
1133.5641
  0
VERTEX
  5
452
  8
Layer_1
  10
-1655.7486
  20
1132.0225
  0
VERTEX
  5
453
  8
Layer_1
  10
-1655.4745
  20
1130.5202
  0
VERTEX
  5
454
  8
Layer_1
  10
-1655.2066
  20
1129.0588
  0
VERTEX
  5
455
  8
Layer_1
  10
-1654.9449
  20
1127.6397
  0
VERTEX
  5
456
  8
Layer_1
  10
-1654.6899
  20
1126.2644
  0
VERTEX
  5
457
  8
Layer_1
  10
-1654.4417
  20
1124.9343
  0
VERTEX
  5
458
  8
Layer_1
  10
-1654.2006
  20
1123.6509
  0
VERTEX
  5
459
  8
Layer_1
  10
-1653.9668
  20
1122.4156
  0
VERTEX
  5
45a
  8
Layer_1
  10
-1653.7406
  20
1121.23
  0
VERTEX
  5
45b
  8
Layer_1
  10
-1653.5223
  20
1120.0954
  0
VERTEX
  5
45c
  8
Layer_1
  10
-1653.312
  20
1119.0133
  0
VERTEX
  5
45d
  8
Layer_1
  10
-1653.11
  20
1117.9852
  0
VERTEX
  5
45e
  8
Layer_1
  10
-1652.8985
  20
1116.8944
  0
VERTEX
  5
45f
  8
Layer_1
  10
-1652.6795
  20
1115.7255
  0
VERTEX
  5
460
  8
Layer_1
  10
-1652.4547
  20
1114.4892
  0
VERTEX
  5
461
  8
Layer_1
  10
-1652.2258
  20
1113.1962
  0
VERTEX
  5
462
  8
Layer_1
  10
-1651.7624
  20
1110.4828
  0
VERTEX
  5
463
  8
Layer_1
  10
-1651.303
  20
1107.6709
  0
VERTEX
  5
464
  8
Layer_1
  10
-1650.8613
  20
1104.8459
  0
VERTEX
  5
465
  8
Layer_1
  10
-1650.451
  20
1102.0933
  0
VERTEX
  5
466
  8
Layer_1
  10
-1650.2618
  20
1100.7708
  0
VERTEX
  5
467
  8
Layer_1
  10
-1650.0856
  20
1099.4985
  0
VERTEX
  5
468
  8
Layer_1
  10
-1649.9241
  20
1098.287
  0
VERTEX
  5
469
  8
Layer_1
  10
-1649.779
  20
1097.147
  0
VERTEX
  5
46a
  8
Layer_1
  10
-1648.4565
  20
1086.4738
  0
VERTEX
  5
46b
  8
Layer_1
  10
-917.00671
  20
1086.4738
  0
VERTEX
  5
46c
  8
Layer_1
  10
-185.55688
  20
1086.4738
  0
VERTEX
  5
46d
  8
Layer_1
  10
-184.43542
  20
1097.147
  0
VERTEX
  5
46e
  8
Layer_1
  10
-184.37654
  20
1097.722
  0
VERTEX
  5
46f
  8
Layer_1
  10
-184.31554
  20
1098.345
  0
VERTEX
  5
470
  8
Layer_1
  10
-184.2526
  20
1099.0139
  0
VERTEX
  5
471
  8
Layer_1
  10
-184.18785
  20
1099.7267
  0
VERTEX
  5
472
  8
Layer_1
  10
-184.12143
  20
1100.4813
  0
VERTEX
  5
473
  8
Layer_1
  10
-184.05349
  20
1101.2757
  0
VERTEX
  5
474
  8
Layer_1
  10
-183.98418
  20
1102.1078
  0
VERTEX
  5
475
  8
Layer_1
  10
-183.91362
  20
1102.9756
  0
VERTEX
  5
476
  8
Layer_1
  10
-183.84198
  20
1103.877
  0
VERTEX
  5
477
  8
Layer_1
  10
-183.76937
  20
1104.8099
  0
VERTEX
  5
478
  8
Layer_1
  10
-183.69596
  20
1105.7724
  0
VERTEX
  5
479
  8
Layer_1
  10
-183.62188
  20
1106.7623
  0
VERTEX
  5
47a
  8
Layer_1
  10
-183.47227
  20
1108.8163
  0
VERTEX
  5
47b
  8
Layer_1
  10
-183.3217
  20
1110.9555
  0
VERTEX
  5
47c
  8
Layer_1
  10
-182.73242
  20
1120.0361
  0
VERTEX
  5
47d
  8
Layer_1
  10
-182.21856
  20
1129.1667
  0
VERTEX
  5
47e
  8
Layer_1
  10
-182.09149
  20
1131.6311
  0
VERTEX
  5
47f
  8
Layer_1
  10
-181.96804
  20
1133.9977
  0
VERTEX
  5
480
  8
Layer_1
  10
-181.84701
  20
1136.2822
  0
VERTEX
  5
481
  8
Layer_1
  10
-181.72725
  20
1138.5002
  0
VERTEX
  5
482
  8
Layer_1
  10
-181.48686
  20
1142.7989
  0
VERTEX
  5
483
  8
Layer_1
  10
-181.23748
  20
1147.0187
  0
VERTEX
  5
484
  8
Layer_1
  10
-181.10651
  20
1149.138
  0
VERTEX
  5
485
  8
Layer_1
  10
-180.96979
  20
1151.2843
  0
VERTEX
  5
486
  8
Layer_1
  10
-180.82614
  20
1153.4733
  0
VERTEX
  5
487
  8
Layer_1
  10
-180.67441
  20
1155.7205
  0
VERTEX
  5
488
  8
Layer_1
  10
-180.51342
  20
1158.0416
  0
VERTEX
  5
489
  8
Layer_1
  10
-180.342
  20
1160.4521
  0
VERTEX
  5
48a
  8
Layer_1
  10
-180.25201
  20
1161.6958
  0
VERTEX
  5
48b
  8
Layer_1
  10
-180.15898
  20
1162.9676
  0
VERTEX
  5
48c
  8
Layer_1
  10
-180.06276
  20
1164.2697
  0
VERTEX
  5
48d
  8
Layer_1
  10
-179.96319
  20
1165.6038
  0
VERTEX
  5
48e
  8
Layer_1
  10
-179.86015
  20
1166.972
  0
VERTEX
  5
48f
  8
Layer_1
  10
-179.75347
  20
1168.3762
  0
VERTEX
  5
490
  8
Layer_1
  10
-179.64302
  20
1169.8184
  0
VERTEX
  5
491
  8
Layer_1
  10
-179.52865
  20
1171.3005
  0
VERTEX
  5
492
  8
Layer_1
  10
-179.4102
  20
1172.8244
  0
VERTEX
  5
493
  8
Layer_1
  10
-179.28754
  20
1174.3921
  0
VERTEX
  5
494
  8
Layer_1
  10
-179.16052
  20
1176.0056
  0
VERTEX
  5
495
  8
Layer_1
  10
-179.029
  20
1177.6668
  0
VERTEX
  5
496
  8
Layer_1
  10
-178.89282
  20
1179.3776
  0
VERTEX
  5
497
  8
Layer_1
  10
-178.75184
  20
1181.1401
  0
VERTEX
  5
498
  8
Layer_1
  10
-178.60591
  20
1182.9561
  0
VERTEX
  5
499
  8
Layer_1
  10
-178.4549
  20
1184.8276
  0
VERTEX
  5
49a
  8
Layer_1
  10
-178.29864
  20
1186.7565
  0
VERTEX
  5
49b
  8
Layer_1
  10
-178.137
  20
1188.7449
  0
VERTEX
  5
49c
  8
Layer_1
  10
-177.96983
  20
1190.7946
  0
VERTEX
  5
49d
  8
Layer_1
  10
-177.79698
  20
1192.9076
  0
VERTEX
  5
49e
  8
Layer_1
  10
-177.61832
  20
1195.0859
  0
VERTEX
  5
49f
  8
Layer_1
  10
-177.43368
  20
1197.3314
  0
VERTEX
  5
4a0
  8
Layer_1
  10
-177.24292
  20
1199.646
  0
VERTEX
  5
4a1
  8
Layer_1
  10
-177.04591
  20
1202.0317
  0
VERTEX
  5
4a2
  8
Layer_1
  10
-176.84249
  20
1204.4905
  0
VERTEX
  5
4a3
  8
Layer_1
  10
-176.63251
  20
1207.0242
  0
VERTEX
  5
4a4
  8
Layer_1
  10
-176.41584
  20
1209.635
  0
VERTEX
  5
4a5
  8
Layer_1
  10
-176.19232
  20
1212.3246
  0
VERTEX
  5
4a6
  8
Layer_1
  10
-175.9618
  20
1215.095
  0
VERTEX
  5
4a7
  8
Layer_1
  10
-175.72415
  20
1217.9483
  0
VERTEX
  5
4a8
  8
Layer_1
  10
-175.47922
  20
1220.8863
  0
VERTEX
  5
4a9
  8
Layer_1
  10
-175.22685
  20
1223.911
  0
VERTEX
  5
4aa
  8
Layer_1
  10
-174.96691
  20
1227.0244
  0
VERTEX
  5
4ab
  8
Layer_1
  10
-174.69924
  20
1230.2283
  0
VERTEX
  5
4ac
  8
Layer_1
  10
-174.4237
  20
1233.5248
  0
VERTEX
  5
4ad
  8
Layer_1
  10
-174.14015
  20
1236.9158
  0
VERTEX
  5
4ae
  8
Layer_1
  10
-173.70365
  20
1242.1455
  0
VERTEX
  5
4af
  8
Layer_1
  10
-173.27473
  20
1247.3054
  0
VERTEX
  5
4b0
  8
Layer_1
  10
-172.8534
  20
1252.3954
  0
VERTEX
  5
4b1
  8
Layer_1
  10
-172.43967
  20
1257.4154
  0
VERTEX
  5
4b2
  8
Layer_1
  10
-172.03355
  20
1262.3651
  0
VERTEX
  5
4b3
  8
Layer_1
  10
-171.63505
  20
1267.2445
  0
VERTEX
  5
4b4
  8
Layer_1
  10
-171.24419
  20
1272.0533
  0
VERTEX
  5
4b5
  8
Layer_1
  10
-170.86097
  20
1276.7914
  0
VERTEX
  5
4b6
  8
Layer_1
  10
-170.4854
  20
1281.4587
  0
VERTEX
  5
4b7
  8
Layer_1
  10
-170.1175
  20
1286.0549
  0
VERTEX
  5
4b8
  8
Layer_1
  10
-169.75728
  20
1290.5799
  0
VERTEX
  5
4b9
  8
Layer_1
  10
-169.40474
  20
1295.0336
  0
VERTEX
  5
4ba
  8
Layer_1
  10
-169.0599
  20
1299.4158
  0
VERTEX
  5
4bb
  8
Layer_1
  10
-168.72276
  20
1303.7262
  0
VERTEX
  5
4bc
  8
Layer_1
  10
-168.39335
  20
1307.9649
  0
VERTEX
  5
4bd
  8
Layer_1
  10
-168.07166
  20
1312.1315
  0
VERTEX
  5
4be
  8
Layer_1
  10
-167.75771
  20
1316.226
  0
VERTEX
  5
4bf
  8
Layer_1
  10
-167.45151
  20
1320.2481
  0
VERTEX
  5
4c0
  8
Layer_1
  10
-167.15307
  20
1324.1977
  0
VERTEX
  5
4c1
  8
Layer_1
  10
-166.8624
  20
1328.0747
  0
VERTEX
  5
4c2
  8
Layer_1
  10
-166.57951
  20
1331.8788
  0
VERTEX
  5
4c3
  8
Layer_1
  10
-166.30442
  20
1335.61
  0
VERTEX
  5
4c4
  8
Layer_1
  10
-166.03713
  20
1339.268
  0
VERTEX
  5
4c5
  8
Layer_1
  10
-165.77765
  20
1342.8527
  0
VERTEX
  5
4c6
  8
Layer_1
  10
-165.52599
  20
1346.364
  0
VERTEX
  5
4c7
  8
Layer_1
  10
-165.28217
  20
1349.8016
  0
VERTEX
  5
4c8
  8
Layer_1
  10
-165.0462
  20
1353.1654
  0
VERTEX
  5
4c9
  8
Layer_1
  10
-164.81808
  20
1356.4553
  0
VERTEX
  5
4ca
  8
Layer_1
  10
-164.59783
  20
1359.671
  0
VERTEX
  5
4cb
  8
Layer_1
  10
-164.38545
  20
1362.8124
  0
VERTEX
  5
4cc
  8
Layer_1
  10
-164.18097
  20
1365.8794
  0
VERTEX
  5
4cd
  8
Layer_1
  10
-163.98438
  20
1368.8718
  0
VERTEX
  5
4ce
  8
Layer_1
  10
-163.7957
  20
1371.7895
  0
VERTEX
  5
4cf
  8
Layer_1
  10
-163.61493
  20
1374.6321
  0
VERTEX
  5
4d0
  8
Layer_1
  10
-163.4421
  20
1377.3997
  0
VERTEX
  5
4d1
  8
Layer_1
  10
-163.27721
  20
1380.092
  0
VERTEX
  5
4d2
  8
Layer_1
  10
-163.12027
  20
1382.7089
  0
VERTEX
  5
4d3
  8
Layer_1
  10
-162.9713
  20
1385.2502
  0
VERTEX
  5
4d4
  8
Layer_1
  10
-162.83029
  20
1387.7158
  0
VERTEX
  5
4d5
  8
Layer_1
  10
-162.69727
  20
1390.1055
  0
VERTEX
  5
4d6
  8
Layer_1
  10
-162.57224
  20
1392.419
  0
VERTEX
  5
4d7
  8
Layer_1
  10
-162.45522
  20
1394.6564
  0
VERTEX
  5
4d8
  8
Layer_1
  10
-162.34621
  20
1396.8173
  0
VERTEX
  5
4d9
  8
Layer_1
  10
-162.24522
  20
1398.9017
  0
VERTEX
  5
4da
  8
Layer_1
  10
-162.15228
  20
1400.9093
  0
VERTEX
  5
4db
  8
Layer_1
  10
-162.06738
  20
1402.8401
  0
VERTEX
  5
4dc
  8
Layer_1
  10
-161.99053
  20
1404.6938
  0
VERTEX
  5
4dd
  8
Layer_1
  10
-161.92176
  20
1406.4703
  0
VERTEX
  5
4de
  8
Layer_1
  10
-161.86106
  20
1408.1694
  0
VERTEX
  5
4df
  8
Layer_1
  10
-161.80846
  20
1409.791
  0
VERTEX
  5
4e0
  8
Layer_1
  10
-161.76395
  20
1411.3349
  0
VERTEX
  5
4e1
  8
Layer_1
  10
-161.72755
  20
1412.8009
  0
VERTEX
  5
4e2
  8
Layer_1
  10
-161.69927
  20
1414.1889
  0
VERTEX
  5
4e3
  8
Layer_1
  10
-161.67913
  20
1415.4987
  0
VERTEX
  5
4e4
  8
Layer_1
  10
-161.66713
  20
1416.7301
  0
VERTEX
  5
4e5
  8
Layer_1
  10
-161.66328
  20
1417.8831
  0
VERTEX
  5
4e6
  8
Layer_1
  10
-161.66759
  20
1418.9573
  0
VERTEX
  5
4e7
  8
Layer_1
  10
-161.68008
  20
1419.9527
  0
VERTEX
  5
4e8
  8
Layer_1
  10
-161.70075
  20
1420.8691
  0
VERTEX
  5
4e9
  8
Layer_1
  10
-161.72962
  20
1421.7064
  0
VERTEX
  5
4ea
  8
Layer_1
  10
-161.76669
  20
1422.4643
  0
VERTEX
  5
4eb
  8
Layer_1
  10
-161.81198
  20
1423.1427
  0
VERTEX
  5
4ec
  8
Layer_1
  10
-161.8655
  20
1423.7415
  0
VERTEX
  5
4ed
  8
Layer_1
  10
-161.92726
  20
1424.2604
  0
VERTEX
  5
4ee
  8
Layer_1
  10
-162.14762
  20
1425.6765
  0
VERTEX
  5
4ef
  8
Layer_1
  10
-162.42372
  20
1427.1315
  0
VERTEX
  5
4f0
  8
Layer_1
  10
-162.7539
  20
1428.6223
  0
VERTEX
  5
4f1
  8
Layer_1
  10
-163.13651
  20
1430.1459
  0
VERTEX
  5
4f2
  8
Layer_1
  10
-163.5699
  20
1431.6991
  0
VERTEX
  5
4f3
  8
Layer_1
  10
-164.05242
  20
1433.279
  0
VERTEX
  5
4f4
  8
Layer_1
  10
-164.58242
  20
1434.8823
  0
VERTEX
  5
4f5
  8
Layer_1
  10
-165.15823
  20
1436.5061
  0
VERTEX
  5
4f6
  8
Layer_1
  10
-165.77822
  20
1438.1473
  0
VERTEX
  5
4f7
  8
Layer_1
  10
-166.44072
  20
1439.8027
  0
VERTEX
  5
4f8
  8
Layer_1
  10
-167.14409
  20
1441.4694
  0
VERTEX
  5
4f9
  8
Layer_1
  10
-167.88668
  20
1443.1442
  0
VERTEX
  5
4fa
  8
Layer_1
  10
-168.66682
  20
1444.824
  0
VERTEX
  5
4fb
  8
Layer_1
  10
-169.48288
  20
1446.5059
  0
VERTEX
  5
4fc
  8
Layer_1
  10
-170.33319
  20
1448.1866
  0
VERTEX
  5
4fd
  8
Layer_1
  10
-171.2161
  20
1449.8632
  0
VERTEX
  5
4fe
  8
Layer_1
  10
-172.12997
  20
1451.5325
  0
VERTEX
  5
4ff
  8
Layer_1
  10
-173.07314
  20
1453.1915
  0
VERTEX
  5
500
  8
Layer_1
  10
-174.04395
  20
1454.8371
  0
VERTEX
  5
501
  8
Layer_1
  10
-175.04076
  20
1456.4662
  0
VERTEX
  5
502
  8
Layer_1
  10
-176.06192
  20
1458.0758
  0
VERTEX
  5
503
  8
Layer_1
  10
-177.10576
  20
1459.6627
  0
VERTEX
  5
504
  8
Layer_1
  10
-178.17065
  20
1461.224
  0
VERTEX
  5
505
  8
Layer_1
  10
-179.25492
  20
1462.7564
  0
VERTEX
  5
506
  8
Layer_1
  10
-180.35693
  20
1464.257
  0
VERTEX
  5
507
  8
Layer_1
  10
-181.47501
  20
1465.7226
  0
VERTEX
  5
508
  8
Layer_1
  10
-182.60753
  20
1467.1503
  0
VERTEX
  5
509
  8
Layer_1
  10
-183.75283
  20
1468.5368
  0
VERTEX
  5
50a
  8
Layer_1
  10
-184.90925
  20
1469.8792
  0
VERTEX
  5
50b
  8
Layer_1
  10
-186.07514
  20
1471.1743
  0
VERTEX
  5
50c
  8
Layer_1
  10
-187.24886
  20
1472.4191
  0
VERTEX
  5
50d
  8
Layer_1
  10
-188.42874
  20
1473.6105
  0
VERTEX
  5
50e
  8
Layer_1
  10
-190.38862
  20
1475.4739
  0
VERTEX
  5
50f
  8
Layer_1
  10
-192.42595
  20
1477.2846
  0
VERTEX
  5
510
  8
Layer_1
  10
-194.53628
  20
1479.0412
  0
VERTEX
  5
511
  8
Layer_1
  10
-196.7152
  20
1480.7422
  0
VERTEX
  5
512
  8
Layer_1
  10
-198.95829
  20
1482.3861
  0
VERTEX
  5
513
  8
Layer_1
  10
-201.26111
  20
1483.9715
  0
VERTEX
  5
514
  8
Layer_1
  10
-203.61923
  20
1485.4969
  0
VERTEX
  5
515
  8
Layer_1
  10
-206.02824
  20
1486.9608
  0
VERTEX
  5
516
  8
Layer_1
  10
-208.4837
  20
1488.3617
  0
VERTEX
  5
517
  8
Layer_1
  10
-210.98119
  20
1489.6982
  0
VERTEX
  5
518
  8
Layer_1
  10
-213.51629
  20
1490.9689
  0
VERTEX
  5
519
  8
Layer_1
  10
-216.08456
  20
1492.1723
  0
VERTEX
  5
51a
  8
Layer_1
  10
-218.68159
  20
1493.3068
  0
VERTEX
  5
51b
  8
Layer_1
  10
-221.30294
  20
1494.371
  0
VERTEX
  5
51c
  8
Layer_1
  10
-223.94418
  20
1495.3636
  0
VERTEX
  5
51d
  8
Layer_1
  10
-226.6009
  20
1496.2829
  0
VERTEX
  5
51e
  8
Layer_1
  10
-229.26867
  20
1497.1275
  0
VERTEX
  5
51f
  8
Layer_1
  10
-231.94306
  20
1497.896
  0
VERTEX
  5
520
  8
Layer_1
  10
-234.61964
  20
1498.587
  0
VERTEX
  5
521
  8
Layer_1
  10
-237.29398
  20
1499.1988
  0
VERTEX
  5
522
  8
Layer_1
  10
-239.96167
  20
1499.7301
  0
VERTEX
  5
523
  8
Layer_1
  10
-242.61828
  20
1500.1794
  0
VERTEX
  5
524
  8
Layer_1
  10
-245.25937
  20
1500.5452
  0
VERTEX
  5
525
  8
Layer_1
  10
-247.88053
  20
1500.8261
  0
VERTEX
  5
526
  8
Layer_1
  10
-250.47732
  20
1501.0206
  0
VERTEX
  5
527
  8
Layer_1
  10
-253.04532
  20
1501.1272
  0
VERTEX
  5
528
  8
Layer_1
  10
-255.58011
  20
1501.1445
  0
VERTEX
  5
529
  8
Layer_1
  10
-258.07725
  20
1501.071
  0
VERTEX
  5
52a
  8
Layer_1
  10
-259.31033
  20
1500.9998
  0
VERTEX
  5
52b
  8
Layer_1
  10
-260.53233
  20
1500.9052
  0
VERTEX
  5
52c
  8
Layer_1
  10
-261.74271
  20
1500.7873
  0
VERTEX
  5
52d
  8
Layer_1
  10
-262.94091
  20
1500.6457
  0
VERTEX
  5
52e
  8
Layer_1
  10
-264.12639
  20
1500.4804
  0
VERTEX
  5
52f
  8
Layer_1
  10
-265.29858
  20
1500.291
  0
VERTEX
  5
530
  8
Layer_1
  10
-266.45693
  20
1500.0775
  0
VERTEX
  5
531
  8
Layer_1
  10
-267.60089
  20
1499.8396
  0
SEQEND
  0
CIRCLE
  5
533
  8
Layer_0
  62
0
  10
-254
  20
1407.2842
  30
0
  40
110
  0
CIRCLE
  5
533
  8
Layer_0
  62
0
  10
-1586
  20
1315.2842
  30
0
  40
110
  0
CIRCLE
  5
533
  8
Layer_1
  62
1
  10
-1586.0001
  20
1315.2842
  30
0
  40
75.000046
  0
CIRCLE
  5
533
  8
Layer_1
  62
1
  10
-1586.0001
  20
1315.2842
  30
0
  40
6.5000038
  0
CIRCLE
  5
533
  8
Layer_1
  62
1
  10
-263
  20
1135.2842
  30
0
  40
5.9575233
  0
CIRCLE
  5
533
  8
Layer_1
  62
1
  10
-1555
  20
1134.2842
  30
0
  40
5.9575233
  0
POLYLINE
  5
533
  8
Layer_0
  62
0
  66
1
  10
0
  20
0
  30
0
  0
VERTEX
  5
533
  8
Layer_0
  10
-269.04848
  20
1493.1997
  0
VERTEX
  5
534
  8
Layer_0
  10
-270.7401
  20
1492.9904
  0
VERTEX
  5
535
  8
Layer_0
  10
-272.40795
  20
1492.7614
  0
VERTEX
  5
536
  8
Layer_0
  10
-274.0588
  20
1492.5101
  0
VERTEX
  5
537
  8
Layer_0
  10
-275.69942
  20
1492.234
  0
VERTEX
  5
538
  8
Layer_0
  10
-277.33659
  20
1491.9303
  0
VERTEX
  5
539
  8
Layer_0
  10
-278.97707
  20
1491.5965
  0
VERTEX
  5
53a
  8
Layer_0
  10
-280.62765
  20
1491.23
  0
VERTEX
  5
53b
  8
Layer_0
  10
-282.2951
  20
1490.828
  0
VERTEX
  5
53c
  8
Layer_0
  10
-283.9862
  20
1490.3881
  0
VERTEX
  5
53d
  8
Layer_0
  10
-285.70771
  20
1489.9074
  0
VERTEX
  5
53e
  8
Layer_0
  10
-287.46641
  20
1489.3835
  0
VERTEX
  5
53f
  8
Layer_0
  10
-289.26908
  20
1488.8137
  0
VERTEX
  5
540
  8
Layer_0
  10
-291.12249
  20
1488.1953
  0
VERTEX
  5
541
  8
Layer_0
  10
-293.03341
  20
1487.5257
  0
VERTEX
  5
542
  8
Layer_0
  10
-295.00862
  20
1486.8024
  0
VERTEX
  5
543
  8
Layer_0
  10
-297.05489
  20
1486.0226
  0
VERTEX
  5
544
  8
Layer_0
  10
-298.10679
  20
1485.6107
  0
VERTEX
  5
545
  8
Layer_0
  10
-299.179
  20
1485.1838
  0
VERTEX
  5
546
  8
Layer_0
  10
-300.27236
  20
1484.7414
  0
VERTEX
  5
547
  8
Layer_0
  10
-301.38772
  20
1484.2832
  0
VERTEX
  5
548
  8
Layer_0
  10
-302.52593
  20
1483.809
  0
VERTEX
  5
549
  8
Layer_0
  10
-303.68783
  20
1483.3184
  0
VERTEX
  5
54a
  8
Layer_0
  10
-304.87427
  20
1482.811
  0
VERTEX
  5
54b
  8
Layer_0
  10
-306.08609
  20
1482.2866
  0
VERTEX
  5
54c
  8
Layer_0
  10
-307.32415
  20
1481.7448
  0
VERTEX
  5
54d
  8
Layer_0
  10
-308.58929
  20
1481.1852
  0
VERTEX
  5
54e
  8
Layer_0
  10
-309.88236
  20
1480.6076
  0
VERTEX
  5
54f
  8
Layer_0
  10
-311.2042
  20
1480.0116
  0
VERTEX
  5
550
  8
Layer_0
  10
-312.55566
  20
1479.397
  0
VERTEX
  5
551
  8
Layer_0
  10
-313.93758
  20
1478.7632
  0
VERTEX
  5
552
  8
Layer_0
  10
-315.35083
  20
1478.1101
  0
VERTEX
  5
553
  8
Layer_0
  10
-316.79623
  20
1477.4374
  0
VERTEX
  5
554
  8
Layer_0
  10
-318.27464
  20
1476.7445
  0
VERTEX
  5
555
  8
Layer_0
  10
-319.7869
  20
1476.0314
  0
VERTEX
  5
556
  8
Layer_0
  10
-321.33387
  20
1475.2975
  0
VERTEX
  5
557
  8
Layer_0
  10
-322.91638
  20
1474.5427
  0
VERTEX
  5
558
  8
Layer_0
  10
-324.53529
  20
1473.7665
  0
VERTEX
  5
559
  8
Layer_0
  10
-326.19144
  20
1472.9686
  0
VERTEX
  5
55a
  8
Layer_0
  10
-327.88568
  20
1472.1488
  0
VERTEX
  5
55b
  8
Layer_0
  10
-329.61885
  20
1471.3066
  0
VERTEX
  5
55c
  8
Layer_0
  10
-331.3918
  20
1470.4418
  0
VERTEX
  5
55d
  8
Layer_0
  10
-333.20539
  20
1469.554
  0
VERTEX
  5
55e
  8
Layer_0
  10
-335.06045
  20
1468.6428
  0
VERTEX
  5
55f
  8
Layer_0
  10
-336.95783
  20
1467.7081
  0
VERTEX
  5
560
  8
Layer_0
  10
-338.89838
  20
1466.7493
  0
VERTEX
  5
561
  8
Layer_0
  10
-340.88294
  20
1465.7663
  0
VERTEX
  5
562
  8
Layer_0
  10
-342.91237
  20
1464.7587
  0
VERTEX
  5
563
  8
Layer_0
  10
-344.9875
  20
1463.7261
  0
VERTEX
  5
564
  8
Layer_0
  10
-347.85465
  20
1462.3005
  0
VERTEX
  5
565
  8
Layer_0
  10
-350.69789
  20
1460.8923
  0
VERTEX
  5
566
  8
Layer_0
  10
-353.51832
  20
1459.5008
  0
VERTEX
  5
567
  8
Layer_0
  10
-356.317
  20
1458.1257
  0
VERTEX
  5
568
  8
Layer_0
  10
-361.85342
  20
1455.4228
  0
VERTEX
  5
569
  8
Layer_0
  10
-367.31577
  20
1452.78
  0
VERTEX
  5
56a
  8
Layer_0
  10
-372.71265
  20
1450.1937
  0
VERTEX
  5
56b
  8
Layer_0
  10
-378.05265
  20
1447.6602
  0
VERTEX
  5
56c
  8
Layer_0
  10
-383.3444
  20
1445.1761
  0
VERTEX
  5
56d
  8
Layer_0
  10
-388.59648
  20
1442.7377
  0
VERTEX
  5
56e
  8
Layer_0
  10
-393.81751
  20
1440.3413
  0
VERTEX
  5
56f
  8
Layer_0
  10
-399.01609
  20
1437.9836
  0
VERTEX
  5
570
  8
Layer_0
  10
-404.20082
  20
1435.6608
  0
VERTEX
  5
571
  8
Layer_0
  10
-409.3803
  20
1433.3693
  0
VERTEX
  5
572
  8
Layer_0
  10
-414.56314
  20
1431.1056
  0
VERTEX
  5
573
  8
Layer_0
  10
-419.75795
  20
1428.8661
  0
VERTEX
  5
574
  8
Layer_0
  10
-424.97333
  20
1426.6472
  0
VERTEX
  5
575
  8
Layer_0
  10
-430.21788
  20
1424.4453
  0
VERTEX
  5
576
  8
Layer_0
  10
-435.5002
  20
1422.2568
  0
VERTEX
  5
577
  8
Layer_0
  10
-440.8289
  20
1420.0781
  0
VERTEX
  5
578
  8
Layer_0
  10
-446.21259
  20
1417.9057
  0
VERTEX
  5
579
  8
Layer_0
  10
-451.65987
  20
1415.7359
  0
VERTEX
  5
57a
  8
Layer_0
  10
-457.17933
  20
1413.5652
  0
VERTEX
  5
57b
  8
Layer_0
  10
-462.7796
  20
1411.39
  0
VERTEX
  5
57c
  8
Layer_0
  10
-468.46926
  20
1409.2067
  0
VERTEX
  5
57d
  8
Layer_0
  10
-474.25693
  20
1407.0117
  0
VERTEX
  5
57e
  8
Layer_0
  10
-477.1902
  20
1405.9086
  0
VERTEX
  5
57f
  8
Layer_0
  10
-480.1512
  20
1404.8013
  0
VERTEX
  5
580
  8
Layer_0
  10
-483.14101
  20
1403.6893
  0
VERTEX
  5
581
  8
Layer_0
  10
-486.16069
  20
1402.5721
  0
VERTEX
  5
582
  8
Layer_0
  10
-489.21132
  20
1401.4493
  0
VERTEX
  5
583
  8
Layer_0
  10
-492.29399
  20
1400.3205
  0
VERTEX
  5
584
  8
Layer_0
  10
-495.40976
  20
1399.1851
  0
VERTEX
  5
585
  8
Layer_0
  10
-498.55971
  20
1398.0427
  0
VERTEX
  5
586
  8
Layer_0
  10
-501.74492
  20
1396.893
  0
VERTEX
  5
587
  8
Layer_0
  10
-504.96646
  20
1395.7354
  0
VERTEX
  5
588
  8
Layer_0
  10
-508.2254
  20
1394.5695
  0
VERTEX
  5
589
  8
Layer_0
  10
-511.52283
  20
1393.3948
  0
VERTEX
  5
58a
  8
Layer_0
  10
-514.85981
  20
1392.2109
  0
VERTEX
  5
58b
  8
Layer_0
  10
-518.23743
  20
1391.0174
  0
VERTEX
  5
58c
  8
Layer_0
  10
-521.65676
  20
1389.8137
  0
VERTEX
  5
58d
  8
Layer_0
  10
-525.11887
  20
1388.5995
  0
VERTEX
  5
58e
  8
Layer_0
  10
-535.16006
  20
1385.113
  0
VERTEX
  5
58f
  8
Layer_0
  10
-545.18134
  20
1381.6909
  0
VERTEX
  5
590
  8
Layer_0
  10
-555.18338
  20
1378.3331
  0
VERTEX
  5
591
  8
Layer_0
  10
-565.16685
  20
1375.0394
  0
VERTEX
  5
592
  8
Layer_0
  10
-575.13243
  20
1371.8098
  0
VERTEX
  5
593
  8
Layer_0
  10
-585.08079
  20
1368.6442
  0
VERTEX
  5
594
  8
Layer_0
  10
-595.0126
  20
1365.5424
  0
VERTEX
  5
595
  8
Layer_0
  10
-604.92853
  20
1362.5044
  0
VERTEX
  5
596
  8
Layer_0
  10
-614.82925
  20
1359.53
  0
VERTEX
  5
597
  8
Layer_0
  10
-624.71543
  20
1356.6192
  0
VERTEX
  5
598
  8
Layer_0
  10
-634.58775
  20
1353.7718
  0
VERTEX
  5
599
  8
Layer_0
  10
-644.44688
  20
1350.9878
  0
VERTEX
  5
59a
  8
Layer_0
  10
-654.29349
  20
1348.267
  0
VERTEX
  5
59b
  8
Layer_0
  10
-664.12825
  20
1345.6094
  0
VERTEX
  5
59c
  8
Layer_0
  10
-673.95183
  20
1343.0147
  0
VERTEX
  5
59d
  8
Layer_0
  10
-683.76491
  20
1340.483
  0
VERTEX
  5
59e
  8
Layer_0
  10
-693.56815
  20
1338.0141
  0
VERTEX
  5
59f
  8
Layer_0
  10
-703.36223
  20
1335.6079
  0
VERTEX
  5
5a0
  8
Layer_0
  10
-713.14782
  20
1333.2644
  0
VERTEX
  5
5a1
  8
Layer_0
  10
-722.9256
  20
1330.9833
  0
VERTEX
  5
5a2
  8
Layer_0
  10
-732.69622
  20
1328.7647
  0
VERTEX
  5
5a3
  8
Layer_0
  10
-742.46037
  20
1326.6083
  0
VERTEX
  5
5a4
  8
Layer_0
  10
-752.21871
  20
1324.5142
  0
VERTEX
  5
5a5
  8
Layer_0
  10
-761.97193
  20
1322.4821
  0
VERTEX
  5
5a6
  8
Layer_0
  10
-771.72068
  20
1320.512
  0
VERTEX
  5
5a7
  8
Layer_0
  10
-781.46564
  20
1318.6038
  0
VERTEX
  5
5a8
  8
Layer_0
  10
-791.20749
  20
1316.7574
  0
VERTEX
  5
5a9
  8
Layer_0
  10
-800.94689
  20
1314.9727
  0
VERTEX
  5
5aa
  8
Layer_0
  10
-810.68451
  20
1313.2495
  0
VERTEX
  5
5ab
  8
Layer_0
  10
-820.42104
  20
1311.5878
  0
VERTEX
  5
5ac
  8
Layer_0
  10
-830.15713
  20
1309.9875
  0
VERTEX
  5
5ad
  8
Layer_0
  10
-839.89346
  20
1308.4484
  0
VERTEX
  5
5ae
  8
Layer_0
  10
-849.63071
  20
1306.9705
  0
VERTEX
  5
5af
  8
Layer_0
  10
-859.36954
  20
1305.5536
  0
VERTEX
  5
5b0
  8
Layer_0
  10
-869.11063
  20
1304.1977
  0
VERTEX
  5
5b1
  8
Layer_0
  10
-878.85465
  20
1302.9026
  0
VERTEX
  5
5b2
  8
Layer_0
  10
-888.60226
  20
1301.6682
  0
VERTEX
  5
5b3
  8
Layer_0
  10
-898.35415
  20
1300.4945
  0
VERTEX
  5
5b4
  8
Layer_0
  10
-908.11098
  20
1299.3813
  0
VERTEX
  5
5b5
  8
Layer_0
  10
-917.87342
  20
1298.3286
  0
VERTEX
  5
5b6
  8
Layer_0
  10
-927.64215
  20
1297.3362
  0
VERTEX
  5
5b7
  8
Layer_0
  10
-937.41784
  20
1296.4039
  0
VERTEX
  5
5b8
  8
Layer_0
  10
-947.20116
  20
1295.5318
  0
VERTEX
  5
5b9
  8
Layer_0
  10
-956.99277
  20
1294.7198
  0
VERTEX
  5
5ba
  8
Layer_0
  10
-966.79337
  20
1293.9676
  0
VERTEX
  5
5bb
  8
Layer_0
  10
-976.6036
  20
1293.2752
  0
VERTEX
  5
5bc
  8
Layer_0
  10
-986.42415
  20
1292.6425
  0
VERTEX
  5
5bd
  8
Layer_0
  10
-996.25569
  20
1292.0694
  0
VERTEX
  5
5be
  8
Layer_0
  10
-1006.0989
  20
1291.5558
  0
VERTEX
  5
5bf
  8
Layer_0
  10
-1015.9544
  20
1291.1016
  0
VERTEX
  5
5c0
  8
Layer_0
  10
-1025.823
  20
1290.7067
  0
VERTEX
  5
5c1
  8
Layer_0
  10
-1035.7052
  20
1290.3709
  0
VERTEX
  5
5c2
  8
Layer_0
  10
-1045.6017
  20
1290.0943
  0
VERTEX
  5
5c3
  8
Layer_0
  10
-1055.5133
  20
1289.8766
  0
VERTEX
  5
5c4
  8
Layer_0
  10
-1065.4405
  20
1289.7177
  0
VERTEX
  5
5c5
  8
Layer_0
  10
-1075.3842
  20
1289.6176
  0
VERTEX
  5
5c6
  8
Layer_0
  10
-1085.3448
  20
1289.5762
  0
VERTEX
  5
5c7
  8
Layer_0
  10
-1095.3232
  20
1289.5933
  0
VERTEX
  5
5c8
  8
Layer_0
  10
-1105.3199
  20
1289.6689
  0
VERTEX
  5
5c9
  8
Layer_0
  10
-1115.3357
  20
1289.8029
  0
VERTEX
  5
5ca
  8
Layer_0
  10
-1125.3712
  20
1289.995
  0
VERTEX
  5
5cb
  8
Layer_0
  10
-1135.4271
  20
1290.2453
  0
VERTEX
  5
5cc
  8
Layer_0
  10
-1145.5041
  20
1290.5537
  0
VERTEX
  5
5cd
  8
Layer_0
  10
-1155.6027
  20
1290.9199
  0
VERTEX
  5
5ce
  8
Layer_0
  10
-1159.014
  20
1291.056
  0
VERTEX
  5
5cf
  8
Layer_0
  10
-1162.3991
  20
1291.1965
  0
VERTEX
  5
5d0
  8
Layer_0
  10
-1165.7583
  20
1291.3415
  0
VERTEX
  5
5d1
  8
Layer_0
  10
-1169.092
  20
1291.4912
  0
VERTEX
  5
5d2
  8
Layer_0
  10
-1175.6843
  20
1291.8046
  0
VERTEX
  5
5d3
  8
Layer_0
  10
-1182.1788
  20
1292.1375
  0
VERTEX
  5
5d4
  8
Layer_0
  10
-1188.5783
  20
1292.4906
  0
VERTEX
  5
5d5
  8
Layer_0
  10
-1194.8856
  20
1292.8645
  0
VERTEX
  5
5d6
  8
Layer_0
  10
-1201.1036
  20
1293.2598
  0
VERTEX
  5
5d7
  8
Layer_0
  10
-1207.2351
  20
1293.6773
  0
VERTEX
  5
5d8
  8
Layer_0
  10
-1213.2828
  20
1294.1177
  0
VERTEX
  5
5d9
  8
Layer_0
  10
-1219.2497
  20
1294.5815
  0
VERTEX
  5
5da
  8
Layer_0
  10
-1225.1385
  20
1295.0696
  0
VERTEX
  5
5db
  8
Layer_0
  10
-1230.952
  20
1295.5825
  0
VERTEX
  5
5dc
  8
Layer_0
  10
-1236.693
  20
1296.1209
  0
VERTEX
  5
5dd
  8
Layer_0
  10
-1242.3644
  20
1296.6855
  0
VERTEX
  5
5de
  8
Layer_0
  10
-1247.969
  20
1297.277
  0
VERTEX
  5
5df
  8
Layer_0
  10
-1253.5096
  20
1297.8961
  0
VERTEX
  5
5e0
  8
Layer_0
  10
-1258.989
  20
1298.5433
  0
VERTEX
  5
5e1
  8
Layer_0
  10
-1264.41
  20
1299.2195
  0
VERTEX
  5
5e2
  8
Layer_0
  10
-1269.7755
  20
1299.9253
  0
VERTEX
  5
5e3
  8
Layer_0
  10
-1275.0882
  20
1300.6613
  0
VERTEX
  5
5e4
  8
Layer_0
  10
-1280.351
  20
1301.4282
  0
VERTEX
  5
5e5
  8
Layer_0
  10
-1285.5667
  20
1302.2267
  0
VERTEX
  5
5e6
  8
Layer_0
  10
-1290.7381
  20
1303.0575
  0
VERTEX
  5
5e7
  8
Layer_0
  10
-1295.8681
  20
1303.9212
  0
VERTEX
  5
5e8
  8
Layer_0
  10
-1300.9593
  20
1304.8186
  0
VERTEX
  5
5e9
  8
Layer_0
  10
-1306.0147
  20
1305.7502
  0
VERTEX
  5
5ea
  8
Layer_0
  10
-1311.0371
  20
1306.7169
  0
VERTEX
  5
5eb
  8
Layer_0
  10
-1316.0293
  20
1307.7191
  0
VERTEX
  5
5ec
  8
Layer_0
  10
-1320.9941
  20
1308.7577
  0
VERTEX
  5
5ed
  8
Layer_0
  10
-1325.9343
  20
1309.8333
  0
VERTEX
  5
5ee
  8
Layer_0
  10
-1330.8527
  20
1310.9465
  0
VERTEX
  5
5ef
  8
Layer_0
  10
-1335.7522
  20
1312.0981
  0
VERTEX
  5
5f0
  8
Layer_0
  10
-1340.6356
  20
1313.2886
  0
VERTEX
  5
5f1
  8
Layer_0
  10
-1345.5056
  20
1314.5189
  0
VERTEX
  5
5f2
  8
Layer_0
  10
-1350.3652
  20
1315.7895
  0
VERTEX
  5
5f3
  8
Layer_0
  10
-1355.217
  20
1317.1012
  0
VERTEX
  5
5f4
  8
Layer_0
  10
-1360.064
  20
1318.4546
  0
VERTEX
  5
5f5
  8
Layer_0
  10
-1364.909
  20
1319.8503
  0
VERTEX
  5
5f6
  8
Layer_0
  10
-1369.7546
  20
1321.2892
  0
VERTEX
  5
5f7
  8
Layer_0
  10
-1374.6039
  20
1322.7717
  0
VERTEX
  5
5f8
  8
Layer_0
  10
-1379.4596
  20
1324.2987
  0
VERTEX
  5
5f9
  8
Layer_0
  10
-1384.3245
  20
1325.8707
  0
VERTEX
  5
5fa
  8
Layer_0
  10
-1389.2014
  20
1327.4885
  0
VERTEX
  5
5fb
  8
Layer_0
  10
-1394.0931
  20
1329.1527
  0
VERTEX
  5
5fc
  8
Layer_0
  10
-1399.0025
  20
1330.8641
  0
VERTEX
  5
5fd
  8
Layer_0
  10
-1403.9324
  20
1332.6232
  0
VERTEX
  5
5fe
  8
Layer_0
  10
-1408.8856
  20
1334.4307
  0
VERTEX
  5
5ff
  8
Layer_0
  10
-1413.8649
  20
1336.2874
  0
VERTEX
  5
600
  8
Layer_0
  10
-1418.8731
  20
1338.1939
  0
VERTEX
  5
601
  8
Layer_0
  10
-1423.913
  20
1340.1508
  0
VERTEX
  5
602
  8
Layer_0
  10
-1428.9875
  20
1342.1589
  0
VERTEX
  5
603
  8
Layer_0
  10
-1434.0994
  20
1344.2189
  0
VERTEX
  5
604
  8
Layer_0
  10
-1439.2515
  20
1346.3313
  0
VERTEX
  5
605
  8
Layer_0
  10
-1444.4465
  20
1348.4969
  0
VERTEX
  5
606
  8
Layer_0
  10
-1449.6874
  20
1350.7163
  0
VERTEX
  5
607
  8
Layer_0
  10
-1454.9769
  20
1352.9903
  0
VERTEX
  5
608
  8
Layer_0
  10
-1460.3179
  20
1355.3194
  0
VERTEX
  5
609
  8
Layer_0
  10
-1465.7131
  20
1357.7044
  0
VERTEX
  5
60a
  8
Layer_0
  10
-1471.1654
  20
1360.146
  0
VERTEX
  5
60b
  8
Layer_0
  10
-1476.6776
  20
1362.6448
  0
VERTEX
  5
60c
  8
Layer_0
  10
-1482.2525
  20
1365.2014
  0
VERTEX
  5
60d
  8
Layer_0
  10
-1487.893
  20
1367.8166
  0
VERTEX
  5
60e
  8
Layer_0
  10
-1493.6018
  20
1370.4911
  0
VERTEX
  5
60f
  8
Layer_0
  10
-1499.3817
  20
1373.2255
  0
VERTEX
  5
610
  8
Layer_0
  10
-1502.4597
  20
1374.6868
  0
VERTEX
  5
611
  8
Layer_0
  10
-1505.4585
  20
1376.1072
  0
VERTEX
  5
612
  8
Layer_0
  10
-1508.3798
  20
1377.487
  0
VERTEX
  5
613
  8
Layer_0
  10
-1511.225
  20
1378.8267
  0
VERTEX
  5
614
  8
Layer_0
  10
-1513.9959
  20
1380.1269
  0
VERTEX
  5
615
  8
Layer_0
  10
-1516.6939
  20
1381.3878
  0
VERTEX
  5
616
  8
Layer_0
  10
-1519.3206
  20
1382.61
  0
VERTEX
  5
617
  8
Layer_0
  10
-1521.8775
  20
1383.794
  0
VERTEX
  5
618
  8
Layer_0
  10
-1524.3663
  20
1384.9401
  0
VERTEX
  5
619
  8
Layer_0
  10
-1526.7885
  20
1386.0489
  0
VERTEX
  5
61a
  8
Layer_0
  10
-1529.1456
  20
1387.1208
  0
VERTEX
  5
61b
  8
Layer_0
  10
-1531.4393
  20
1388.1563
  0
VERTEX
  5
61c
  8
Layer_0
  10
-1533.671
  20
1389.1558
  0
VERTEX
  5
61d
  8
Layer_0
  10
-1535.8424
  20
1390.1197
  0
VERTEX
  5
61e
  8
Layer_0
  10
-1537.9549
  20
1391.0486
  0
VERTEX
  5
61f
  8
Layer_0
  10
-1540.0103
  20
1391.9428
  0
VERTEX
  5
620
  8
Layer_0
  10
-1542.01
  20
1392.8028
  0
VERTEX
  5
621
  8
Layer_0
  10
-1543.9555
  20
1393.6292
  0
VERTEX
  5
622
  8
Layer_0
  10
-1545.8486
  20
1394.4222
  0
VERTEX
  5
623
  8
Layer_0
  10
-1547.6906
  20
1395.1825
  0
VERTEX
  5
624
  8
Layer_0
  10
-1549.4833
  20
1395.9104
  0
VERTEX
  5
625
  8
Layer_0
  10
-1551.2281
  20
1396.6064
  0
VERTEX
  5
626
  8
Layer_0
  10
-1552.9266
  20
1397.2709
  0
VERTEX
  5
627
  8
Layer_0
  10
-1554.5804
  20
1397.9045
  0
VERTEX
  5
628
  8
Layer_0
  10
-1556.191
  20
1398.5075
  0
VERTEX
  5
629
  8
Layer_0
  10
-1557.76
  20
1399.0804
  0
VERTEX
  5
62a
  8
Layer_0
  10
-1559.289
  20
1399.6237
  0
VERTEX
  5
62b
  8
Layer_0
  10
-1560.7795
  20
1400.1378
  0
VERTEX
  5
62c
  8
Layer_0
  10
-1562.2332
  20
1400.6232
  0
VERTEX
  5
62d
  8
Layer_0
  10
-1563.6514
  20
1401.0803
  0
VERTEX
  5
62e
  8
Layer_0
  10
-1565.0359
  20
1401.5097
  0
VERTEX
  5
62f
  8
Layer_0
  10
-1566.3882
  20
1401.9116
  0
VERTEX
  5
630
  8
Layer_0
  10
-1567.7098
  20
1402.2867
  0
VERTEX
  5
631
  8
Layer_0
  10
-1569.0023
  20
1402.6353
  0
VERTEX
  5
632
  8
Layer_0
  10
-1570.2673
  20
1402.9578
  0
VERTEX
  5
633
  8
Layer_0
  10
-1571.5063
  20
1403.2549
  0
VERTEX
  5
634
  8
Layer_0
  10
-1572.721
  20
1403.5269
  0
VERTEX
  5
635
  8
Layer_0
  10
-1573.9127
  20
1403.7742
  0
VERTEX
  5
636
  8
Layer_0
  10
-1575.0833
  20
1403.9974
  0
VERTEX
  5
637
  8
Layer_0
  10
-1576.2341
  20
1404.1968
  0
VERTEX
  5
638
  8
Layer_0
  10
-1577.3667
  20
1404.3729
  0
VERTEX
  5
639
  8
Layer_0
  10
-1578.4828
  20
1404.5263
  0
VERTEX
  5
63a
  8
Layer_0
  10
-1579.5838
  20
1404.6573
  0
VERTEX
  5
63b
  8
Layer_0
  10
-1580.6714
  20
1404.7663
  0
VERTEX
  5
63c
  8
Layer_0
  10
-1582.8124
  20
1404.9205
  0
VERTEX
  5
63d
  8
Layer_0
  10
-1584.9184
  20
1404.9926
  0
VERTEX
  5
63e
  8
Layer_0
  10
-1587.0017
  20
1404.9861
  0
VERTEX
  5
63f
  8
Layer_0
  10
-1589.075
  20
1404.9046
  0
VERTEX
  5
640
  8
Layer_0
  10
-1591.1508
  20
1404.7519
  0
VERTEX
  5
641
  8
Layer_0
  10
-1593.2414
  20
1404.5316
  0
VERTEX
  5
642
  8
Layer_0
  10
-1595.3596
  20
1404.2472
  0
VERTEX
  5
643
  8
Layer_0
  10
-1597.5176
  20
1403.9025
  0
VERTEX
  5
644
  8
Layer_0
  10
-1599.7282
  20
1403.501
  0
VERTEX
  5
645
  8
Layer_0
  10
-1602.0037
  20
1403.0463
  0
VERTEX
  5
646
  8
Layer_0
  10
-1604.0332
  20
1402.6009
  0
VERTEX
  5
647
  8
Layer_0
  10
-1606.0368
  20
1402.1129
  0
VERTEX
  5
648
  8
Layer_0
  10
-1608.014
  20
1401.5828
  0
VERTEX
  5
649
  8
Layer_0
  10
-1609.9646
  20
1401.0109
  0
VERTEX
  5
64a
  8
Layer_0
  10
-1611.8884
  20
1400.3976
  0
VERTEX
  5
64b
  8
Layer_0
  10
-1613.7849
  20
1399.7435
  0
VERTEX
  5
64c
  8
Layer_0
  10
-1615.654
  20
1399.049
  0
VERTEX
  5
64d
  8
Layer_0
  10
-1617.4954
  20
1398.3144
  0
VERTEX
  5
64e
  8
Layer_0
  10
-1619.3087
  20
1397.5402
  0
VERTEX
  5
64f
  8
Layer_0
  10
-1621.0936
  20
1396.7268
  0
VERTEX
  5
650
  8
Layer_0
  10
-1622.85
  20
1395.8747
  0
VERTEX
  5
651
  8
Layer_0
  10
-1624.5774
  20
1394.9842
  0
VERTEX
  5
652
  8
Layer_0
  10
-1626.2757
  20
1394.0559
  0
VERTEX
  5
653
  8
Layer_0
  10
-1627.9444
  20
1393.09
  0
VERTEX
  5
654
  8
Layer_0
  10
-1629.5834
  20
1392.0871
  0
VERTEX
  5
655
  8
Layer_0
  10
-1631.1923
  20
1391.0476
  0
VERTEX
  5
656
  8
Layer_0
  10
-1632.7709
  20
1389.9719
  0
VERTEX
  5
657
  8
Layer_0
  10
-1634.3188
  20
1388.8604
  0
VERTEX
  5
658
  8
Layer_0
  10
-1635.8358
  20
1387.7136
  0
VERTEX
  5
659
  8
Layer_0
  10
-1637.3216
  20
1386.5318
  0
VERTEX
  5
65a
  8
Layer_0
  10
-1638.7759
  20
1385.3156
  0
VERTEX
  5
65b
  8
Layer_0
  10
-1640.1984
  20
1384.0652
  0
VERTEX
  5
65c
  8
Layer_0
  10
-1641.5888
  20
1382.7813
  0
VERTEX
  5
65d
  8
Layer_0
  10
-1642.9469
  20
1381.4641
  0
VERTEX
  5
65e
  8
Layer_0
  10
-1644.2723
  20
1380.1141
  0
VERTEX
  5
65f
  8
Layer_0
  10
-1645.5647
  20
1378.7317
  0
VERTEX
  5
660
  8
Layer_0
  10
-1646.8239
  20
1377.3174
  0
VERTEX
  5
661
  8
Layer_0
  10
-1648.0496
  20
1375.8716
  0
VERTEX
  5
662
  8
Layer_0
  10
-1649.2415
  20
1374.3947
  0
VERTEX
  5
663
  8
Layer_0
  10
-1650.3993
  20
1372.8872
  0
VERTEX
  5
664
  8
Layer_0
  10
-1651.5227
  20
1371.3494
  0
VERTEX
  5
665
  8
Layer_0
  10
-1652.6114
  20
1369.7818
  0
VERTEX
  5
666
  8
Layer_0
  10
-1653.6652
  20
1368.1848
  0
VERTEX
  5
667
  8
Layer_0
  10
-1654.6837
  20
1366.5588
  0
VERTEX
  5
668
  8
Layer_0
  10
-1655.6667
  20
1364.9043
  0
VERTEX
  5
669
  8
Layer_0
  10
-1656.6138
  20
1363.2217
  0
VERTEX
  5
66a
  8
Layer_0
  10
-1657.5249
  20
1361.5115
  0
VERTEX
  5
66b
  8
Layer_0
  10
-1658.3995
  20
1359.7739
  0
VERTEX
  5
66c
  8
Layer_0
  10
-1659.2374
  20
1358.0096
  0
VERTEX
  5
66d
  8
Layer_0
  10
-1660.0384
  20
1356.2188
  0
VERTEX
  5
66e
  8
Layer_0
  10
-1660.8021
  20
1354.402
  0
VERTEX
  5
66f
  8
Layer_0
  10
-1661.5282
  20
1352.5597
  0
VERTEX
  5
670
  8
Layer_0
  10
-1662.2165
  20
1350.6923
  0
VERTEX
  5
671
  8
Layer_0
  10
-1662.8666
  20
1348.8002
  0
VERTEX
  5
672
  8
Layer_0
  10
-1663.4783
  20
1346.8837
  0
VERTEX
  5
673
  8
Layer_0
  10
-1664.0514
  20
1344.9435
  0
VERTEX
  5
674
  8
Layer_0
  10
-1664.5854
  20
1342.9798
  0
VERTEX
  5
675
  8
Layer_0
  10
-1665.0801
  20
1340.9931
  0
VERTEX
  5
676
  8
Layer_0
  10
-1665.5352
  20
1338.9839
  0
VERTEX
  5
677
  8
Layer_0
  10
-1665.9505
  20
1336.9525
  0
VERTEX
  5
678
  8
Layer_0
  10
-1666.3257
  20
1334.8994
  0
VERTEX
  5
679
  8
Layer_0
  10
-1666.6604
  20
1332.8249
  0
VERTEX
  5
67a
  8
Layer_0
  10
-1666.9543
  20
1330.7297
  0
VERTEX
  5
67b
  8
Layer_0
  10
-1667.2073
  20
1328.6139
  0
VERTEX
  5
67c
  8
Layer_0
  10
-1667.4189
  20
1326.4782
  0
VERTEX
  5
67d
  8
Layer_0
  10
-1667.5889
  20
1324.3229
  0
VERTEX
  5
67e
  8
Layer_0
  10
-1667.7171
  20
1322.1484
  0
VERTEX
  5
67f
  8
Layer_0
  10
-1667.8031
  20
1319.9551
  0
VERTEX
  5
680
  8
Layer_0
  10
-1667.8466
  20
1317.7436
  0
VERTEX
  5
681
  8
Layer_0
  10
-1667.8474
  20
1315.5141
  0
VERTEX
  5
682
  8
Layer_0
  10
-1667.8052
  20
1313.2673
  0
VERTEX
  5
683
  8
Layer_0
  10
-1667.7196
  20
1311.0033
  0
VERTEX
  5
684
  8
Layer_0
  10
-1667.5904
  20
1308.7228
  0
VERTEX
  5
685
  8
Layer_0
  10
-1667.4173
  20
1306.426
  0
VERTEX
  5
686
  8
Layer_0
  10
-1667.2856
  20
1304.9209
  0
VERTEX
  5
687
  8
Layer_0
  10
-1667.1475
  20
1303.4436
  0
VERTEX
  5
688
  8
Layer_0
  10
-1667.0025
  20
1301.9932
  0
VERTEX
  5
689
  8
Layer_0
  10
-1666.8502
  20
1300.5689
  0
VERTEX
  5
68a
  8
Layer_0
  10
-1666.6902
  20
1299.1697
  0
VERTEX
  5
68b
  8
Layer_0
  10
-1666.5219
  20
1297.795
  0
VERTEX
  5
68c
  8
Layer_0
  10
-1666.345
  20
1296.4438
  0
VERTEX
  5
68d
  8
Layer_0
  10
-1666.159
  20
1295.1152
  0
VERTEX
  5
68e
  8
Layer_0
  10
-1665.7578
  20
1292.5228
  0
VERTEX
  5
68f
  8
Layer_0
  10
-1665.3148
  20
1290.011
  0
VERTEX
  5
690
  8
Layer_0
  10
-1664.8264
  20
1287.5729
  0
VERTEX
  5
691
  8
Layer_0
  10
-1664.289
  20
1285.2018
  0
VERTEX
  5
692
  8
Layer_0
  10
-1663.699
  20
1282.891
  0
VERTEX
  5
693
  8
Layer_0
  10
-1663.0529
  20
1280.6337
  0
VERTEX
  5
694
  8
Layer_0
  10
-1662.347
  20
1278.423
  0
VERTEX
  5
695
  8
Layer_0
  10
-1661.5778
  20
1276.2522
  0
VERTEX
  5
696
  8
Layer_0
  10
-1660.7417
  20
1274.1146
  0
VERTEX
  5
697
  8
Layer_0
  10
-1659.8351
  20
1272.0033
  0
VERTEX
  5
698
  8
Layer_0
  10
-1658.8543
  20
1269.9117
  0
VERTEX
  5
699
  8
Layer_0
  10
-1657.7959
  20
1267.8328
  0
VERTEX
  5
69a
  8
Layer_0
  10
-1656.6562
  20
1265.76
  0
VERTEX
  5
69b
  8
Layer_0
  10
-1655.4317
  20
1263.6864
  0
VERTEX
  5
69c
  8
Layer_0
  10
-1654.1187
  20
1261.6053
  0
VERTEX
  5
69d
  8
Layer_0
  10
-1652.7136
  20
1259.51
  0
VERTEX
  5
69e
  8
Layer_0
  10
-1651.9755
  20
1258.4548
  0
VERTEX
  5
69f
  8
Layer_0
  10
-1651.213
  20
1257.3935
  0
VERTEX
  5
6a0
  8
Layer_0
  10
-1650.4257
  20
1256.3253
  0
VERTEX
  5
6a1
  8
Layer_0
  10
-1649.6131
  20
1255.2492
  0
VERTEX
  5
6a2
  8
Layer_0
  10
-1648.7749
  20
1254.1645
  0
VERTEX
  5
6a3
  8
Layer_0
  10
-1647.9105
  20
1253.0703
  0
VERTEX
  5
6a4
  8
Layer_0
  10
-1647.0195
  20
1251.9658
  0
VERTEX
  5
6a5
  8
Layer_0
  10
-1646.1014
  20
1250.8501
  0
VERTEX
  5
6a6
  8
Layer_0
  10
-1645.1559
  20
1249.7223
  0
VERTEX
  5
6a7
  8
Layer_0
  10
-1644.1824
  20
1248.5816
  0
VERTEX
  5
6a8
  8
Layer_0
  10
-1643.1806
  20
1247.4272
  0
VERTEX
  5
6a9
  8
Layer_0
  10
-1642.1499
  20
1246.2582
  0
VERTEX
  5
6aa
  8
Layer_0
  10
-1641.0899
  20
1245.0738
  0
VERTEX
  5
6ab
  8
Layer_0
  10
-1640.0002
  20
1243.8731
  0
VERTEX
  5
6ac
  8
Layer_0
  10
-1638.8803
  20
1242.6553
  0
VERTEX
  5
6ad
  8
Layer_0
  10
-1637.7297
  20
1241.4195
  0
VERTEX
  5
6ae
  8
Layer_0
  10
-1636.5481
  20
1240.1649
  0
VERTEX
  5
6af
  8
Layer_0
  10
-1635.335
  20
1238.8906
  0
VERTEX
  5
6b0
  8
Layer_0
  10
-1634.0899
  20
1237.5959
  0
VERTEX
  5
6b1
  8
Layer_0
  10
-1632.8123
  20
1236.2797
  0
VERTEX
  5
6b2
  8
Layer_0
  10
-1631.5019
  20
1234.9414
  0
VERTEX
  5
6b3
  8
Layer_0
  10
-1630.1582
  20
1233.58
  0
VERTEX
  5
6b4
  8
Layer_0
  10
-1628.7807
  20
1232.1947
  0
VERTEX
  5
6b5
  8
Layer_0
  10
-1627.369
  20
1230.7847
  0
VERTEX
  5
6b6
  8
Layer_0
  10
-1624.4307
  20
1227.898
  0
VERTEX
  5
6b7
  8
Layer_0
  10
-1621.4887
  20
1225.0861
  0
VERTEX
  5
6b8
  8
Layer_0
  10
-1618.5395
  20
1222.3469
  0
VERTEX
  5
6b9
  8
Layer_0
  10
-1615.5792
  20
1219.6783
  0
VERTEX
  5
6ba
  8
Layer_0
  10
-1612.6041
  20
1217.078
  0
VERTEX
  5
6bb
  8
Layer_0
  10
-1609.6105
  20
1214.5439
  0
VERTEX
  5
6bc
  8
Layer_0
  10
-1606.5947
  20
1212.0739
  0
VERTEX
  5
6bd
  8
Layer_0
  10
-1603.5528
  20
1209.6658
  0
VERTEX
  5
6be
  8
Layer_0
  10
-1600.4813
  20
1207.3175
  0
VERTEX
  5
6bf
  8
Layer_0
  10
-1597.3763
  20
1205.0268
  0
VERTEX
  5
6c0
  8
Layer_0
  10
-1594.2341
  20
1202.7915
  0
VERTEX
  5
6c1
  8
Layer_0
  10
-1591.051
  20
1200.6096
  0
VERTEX
  5
6c2
  8
Layer_0
  10
-1587.8233
  20
1198.4788
  0
VERTEX
  5
6c3
  8
Layer_0
  10
-1584.5473
  20
1196.3971
  0
VERTEX
  5
6c4
  8
Layer_0
  10
-1581.2191
  20
1194.3622
  0
VERTEX
  5
6c5
  8
Layer_0
  10
-1577.8351
  20
1192.372
  0
VERTEX
  5
6c6
  8
Layer_0
  10
-1574.3916
  20
1190.4243
  0
VERTEX
  5
6c7
  8
Layer_0
  10
-1570.8848
  20
1188.5171
  0
VERTEX
  5
6c8
  8
Layer_0
  10
-1567.3109
  20
1186.6481
  0
VERTEX
  5
6c9
  8
Layer_0
  10
-1563.6663
  20
1184.8152
  0
VERTEX
  5
6ca
  8
Layer_0
  10
-1559.9472
  20
1183.0162
  0
VERTEX
  5
6cb
  8
Layer_0
  10
-1556.1499
  20
1181.2491
  0
VERTEX
  5
6cc
  8
Layer_0
  10
-1552.2707
  20
1179.5115
  0
VERTEX
  5
6cd
  8
Layer_0
  10
-1548.3058
  20
1177.8015
  0
VERTEX
  5
6ce
  8
Layer_0
  10
-1544.2515
  20
1176.1168
  0
VERTEX
  5
6cf
  8
Layer_0
  10
-1540.1041
  20
1174.4553
  0
VERTEX
  5
6d0
  8
Layer_0
  10
-1537.9943
  20
1173.6326
  0
VERTEX
  5
6d1
  8
Layer_0
  10
-1535.8598
  20
1172.8149
  0
VERTEX
  5
6d2
  8
Layer_0
  10
-1533.7001
  20
1172.0018
  0
VERTEX
  5
6d3
  8
Layer_0
  10
-1531.5149
  20
1171.1933
  0
VERTEX
  5
6d4
  8
Layer_0
  10
-1529.3036
  20
1170.3889
  0
VERTEX
  5
6d5
  8
Layer_0
  10
-1527.0657
  20
1169.5884
  0
VERTEX
  5
6d6
  8
Layer_0
  10
-1524.8008
  20
1168.7916
  0
VERTEX
  5
6d7
  8
Layer_0
  10
-1522.5084
  20
1167.9982
  0
VERTEX
  5
6d8
  8
Layer_0
  10
-1520.1881
  20
1167.2078
  0
VERTEX
  5
6d9
  8
Layer_0
  10
-1517.8393
  20
1166.4203
  0
VERTEX
  5
6da
  8
Layer_0
  10
-1515.4617
  20
1165.6354
  0
VERTEX
  5
6db
  8
Layer_0
  10
-1513.0548
  20
1164.8528
  0
VERTEX
  5
6dc
  8
Layer_0
  10
-1507.3454
  20
1163.0434
  0
VERTEX
  5
6dd
  8
Layer_0
  10
-1501.555
  20
1161.2744
  0
VERTEX
  5
6de
  8
Layer_0
  10
-1495.682
  20
1159.5455
  0
VERTEX
  5
6df
  8
Layer_0
  10
-1489.7249
  20
1157.8564
  0
VERTEX
  5
6e0
  8
Layer_0
  10
-1483.6822
  20
1156.2069
  0
VERTEX
  5
6e1
  8
Layer_0
  10
-1477.5523
  20
1154.5968
  0
VERTEX
  5
6e2
  8
Layer_0
  10
-1471.3336
  20
1153.0257
  0
VERTEX
  5
6e3
  8
Layer_0
  10
-1465.0248
  20
1151.4933
  0
VERTEX
  5
6e4
  8
Layer_0
  10
-1461.836
  20
1150.7417
  0
VERTEX
  5
6e5
  8
Layer_0
  10
-1458.6241
  20
1149.9996
  0
VERTEX
  5
6e6
  8
Layer_0
  10
-1455.3889
  20
1149.2671
  0
VERTEX
  5
6e7
  8
Layer_0
  10
-1452.1302
  20
1148.5441
  0
VERTEX
  5
6e8
  8
Layer_0
  10
-1448.8478
  20
1147.8306
  0
VERTEX
  5
6e9
  8
Layer_0
  10
-1445.5415
  20
1147.1266
  0
VERTEX
  5
6ea
  8
Layer_0
  10
-1442.2111
  20
1146.4321
  0
VERTEX
  5
6eb
  8
Layer_0
  10
-1438.8564
  20
1145.7469
  0
VERTEX
  5
6ec
  8
Layer_0
  10
-1435.4773
  20
1145.0711
  0
VERTEX
  5
6ed
  8
Layer_0
  10
-1432.0734
  20
1144.4047
  0
VERTEX
  5
6ee
  8
Layer_0
  10
-1428.6448
  20
1143.7476
  0
VERTEX
  5
6ef
  8
Layer_0
  10
-1425.1911
  20
1143.0997
  0
VERTEX
  5
6f0
  8
Layer_0
  10
-1421.7121
  20
1142.4611
  0
VERTEX
  5
6f1
  8
Layer_0
  10
-1418.2078
  20
1141.8318
  0
VERTEX
  5
6f2
  8
Layer_0
  10
-1414.6778
  20
1141.2115
  0
VERTEX
  5
6f3
  8
Layer_0
  10
-1411.122
  20
1140.6005
  0
VERTEX
  5
6f4
  8
Layer_0
  10
-1407.5402
  20
1139.9985
  0
VERTEX
  5
6f5
  8
Layer_0
  10
-1403.9322
  20
1139.4057
  0
VERTEX
  5
6f6
  8
Layer_0
  10
-1400.2979
  20
1138.8219
  0
VERTEX
  5
6f7
  8
Layer_0
  10
-1396.6369
  20
1138.2471
  0
VERTEX
  5
6f8
  8
Layer_0
  10
-1392.9493
  20
1137.6813
  0
VERTEX
  5
6f9
  8
Layer_0
  10
-1389.2346
  20
1137.1244
  0
VERTEX
  5
6fa
  8
Layer_0
  10
-1385.4928
  20
1136.5765
  0
VERTEX
  5
6fb
  8
Layer_0
  10
-1381.7237
  20
1136.0374
  0
VERTEX
  5
6fc
  8
Layer_0
  10
-1377.927
  20
1135.5073
  0
VERTEX
  5
6fd
  8
Layer_0
  10
-1374.1026
  20
1134.9859
  0
VERTEX
  5
6fe
  8
Layer_0
  10
-1370.2504
  20
1134.4733
  0
VERTEX
  5
6ff
  8
Layer_0
  10
-1366.37
  20
1133.9695
  0
VERTEX
  5
700
  8
Layer_0
  10
-1362.4613
  20
1133.4744
  0
VERTEX
  5
701
  8
Layer_0
  10
-1358.5241
  20
1132.988
  0
VERTEX
  5
702
  8
Layer_0
  10
-1354.5583
  20
1132.5103
  0
VERTEX
  5
703
  8
Layer_0
  10
-1350.5636
  20
1132.0411
  0
VERTEX
  5
704
  8
Layer_0
  10
-1346.5398
  20
1131.5806
  0
VERTEX
  5
705
  8
Layer_0
  10
-1342.4868
  20
1131.1287
  0
VERTEX
  5
706
  8
Layer_0
  10
-1338.4044
  20
1130.6852
  0
VERTEX
  5
707
  8
Layer_0
  10
-1334.2923
  20
1130.2503
  0
VERTEX
  5
708
  8
Layer_0
  10
-1330.1504
  20
1129.8239
  0
VERTEX
  5
709
  8
Layer_0
  10
-1325.9785
  20
1129.4058
  0
VERTEX
  5
70a
  8
Layer_0
  10
-1321.7763
  20
1128.9962
  0
VERTEX
  5
70b
  8
Layer_0
  10
-1317.5438
  20
1128.595
  0
VERTEX
  5
70c
  8
Layer_0
  10
-1313.2807
  20
1128.202
  0
VERTEX
  5
70d
  8
Layer_0
  10
-1308.9869
  20
1127.8174
  0
VERTEX
  5
70e
  8
Layer_0
  10
-1304.662
  20
1127.4411
  0
VERTEX
  5
70f
  8
Layer_0
  10
-1300.306
  20
1127.073
  0
VERTEX
  5
710
  8
Layer_0
  10
-1295.9187
  20
1126.713
  0
VERTEX
  5
711
  8
Layer_0
  10
-1291.4998
  20
1126.3613
  0
VERTEX
  5
712
  8
Layer_0
  10
-1287.0491
  20
1126.0177
  0
VERTEX
  5
713
  8
Layer_0
  10
-1282.5666
  20
1125.6822
  0
VERTEX
  5
714
  8
Layer_0
  10
-1279.5744
  20
1125.4668
  0
VERTEX
  5
715
  8
Layer_0
  10
-1276.6341
  20
1125.2655
  0
VERTEX
  5
716
  8
Layer_0
  10
-1273.7427
  20
1125.0789
  0
VERTEX
  5
717
  8
Layer_0
  10
-1270.8976
  20
1124.9075
  0
VERTEX
  5
718
  8
Layer_0
  10
-1268.0957
  20
1124.7517
  0
VERTEX
  5
719
  8
Layer_0
  10
-1265.3345
  20
1124.612
  0
VERTEX
  5
71a
  8
Layer_0
  10
-1262.6109
  20
1124.4889
  0
VERTEX
  5
71b
  8
Layer_0
  10
-1259.9223
  20
1124.3829
  0
VERTEX
  5
71c
  8
Layer_0
  10
-1257.2659
  20
1124.2945
  0
VERTEX
  5
71d
  8
Layer_0
  10
-1254.6387
  20
1124.2241
  0
VERTEX
  5
71e
  8
Layer_0
  10
-1252.0381
  20
1124.1722
  0
VERTEX
  5
71f
  8
Layer_0
  10
-1249.4612
  20
1124.1393
  0
VERTEX
  5
720
  8
Layer_0
  10
-1246.9051
  20
1124.1259
  0
VERTEX
  5
721
  8
Layer_0
  10
-1244.3672
  20
1124.1324
  0
VERTEX
  5
722
  8
Layer_0
  10
-1241.8445
  20
1124.1594
  0
VERTEX
  5
723
  8
Layer_0
  10
-1239.3343
  20
1124.2073
  0
VERTEX
  5
724
  8
Layer_0
  10
-1234.34
  20
1124.3677
  0
VERTEX
  5
725
  8
Layer_0
  10
-1229.3619
  20
1124.6174
  0
VERTEX
  5
726
  8
Layer_0
  10
-1226.8718
  20
1124.777
  0
VERTEX
  5
727
  8
Layer_0
  10
-1224.3774
  20
1124.9604
  0
VERTEX
  5
728
  8
Layer_0
  10
-1221.8758
  20
1125.1681
  0
VERTEX
  5
729
  8
Layer_0
  10
-1219.3642
  20
1125.4004
  0
VERTEX
  5
72a
  8
Layer_0
  10
-1216.8398
  20
1125.658
  0
VERTEX
  5
72b
  8
Layer_0
  10
-1214.2997
  20
1125.9413
  0
VERTEX
  5
72c
  8
Layer_0
  10
-1211.7412
  20
1126.2508
  0
VERTEX
  5
72d
  8
Layer_0
  10
-1209.1615
  20
1126.587
  0
VERTEX
  5
72e
  8
Layer_0
  10
-1206.5577
  20
1126.9502
  0
VERTEX
  5
72f
  8
Layer_0
  10
-1203.9271
  20
1127.3411
  0
VERTEX
  5
730
  8
Layer_0
  10
-1201.2667
  20
1127.7601
  0
VERTEX
  5
731
  8
Layer_0
  10
-1198.574
  20
1128.2076
  0
VERTEX
  5
732
  8
Layer_0
  10
-1195.8459
  20
1128.6842
  0
VERTEX
  5
733
  8
Layer_0
  10
-1193.0797
  20
1129.1903
  0
VERTEX
  5
734
  8
Layer_0
  10
-1190.2726
  20
1129.7265
  0
VERTEX
  5
735
  8
Layer_0
  10
-1187.4218
  20
1130.2931
  0
VERTEX
  5
736
  8
Layer_0
  10
-1184.5245
  20
1130.8907
  0
VERTEX
  5
737
  8
Layer_0
  10
-1181.5779
  20
1131.5197
  0
VERTEX
  5
738
  8
Layer_0
  10
-1178.5791
  20
1132.1806
  0
VERTEX
  5
739
  8
Layer_0
  10
-1175.5254
  20
1132.874
  0
VERTEX
  5
73a
  8
Layer_0
  10
-1172.4139
  20
1133.6002
  0
VERTEX
  5
73b
  8
Layer_0
  10
-1169.2418
  20
1134.3598
  0
VERTEX
  5
73c
  8
Layer_0
  10
-1166.0064
  20
1135.1532
  0
VERTEX
  5
73d
  8
Layer_0
  10
-1162.7048
  20
1135.981
  0
VERTEX
  5
73e
  8
Layer_0
  10
-1159.3342
  20
1136.8435
  0
VERTEX
  5
73f
  8
Layer_0
  10
-1155.8917
  20
1137.7413
  0
VERTEX
  5
740
  8
Layer_0
  10
-1152.3747
  20
1138.6749
  0
VERTEX
  5
741
  8
Layer_0
  10
-1148.7803
  20
1139.6447
  0
VERTEX
  5
742
  8
Layer_0
  10
-1145.1056
  20
1140.6512
  0
VERTEX
  5
743
  8
Layer_0
  10
-1141.3479
  20
1141.6949
  0
VERTEX
  5
744
  8
Layer_0
  10
-1137.5043
  20
1142.7763
  0
VERTEX
  5
745
  8
Layer_0
  10
-1133.5721
  20
1143.8958
  0
VERTEX
  5
746
  8
Layer_0
  10
-1131.5719
  20
1144.47
  0
VERTEX
  5
747
  8
Layer_0
  10
-1129.5484
  20
1145.0539
  0
VERTEX
  5
748
  8
Layer_0
  10
-1127.5014
  20
1145.6476
  0
VERTEX
  5
749
  8
Layer_0
  10
-1125.4304
  20
1146.2512
  0
VERTEX
  5
74a
  8
Layer_0
  10
-1123.3352
  20
1146.8646
  0
VERTEX
  5
74b
  8
Layer_0
  10
-1121.2154
  20
1147.488
  0
VERTEX
  5
74c
  8
Layer_0
  10
-1119.0706
  20
1148.1214
  0
VERTEX
  5
74d
  8
Layer_0
  10
-1116.9005
  20
1148.7649
  0
VERTEX
  5
74e
  8
Layer_0
  10
-1114.7047
  20
1149.4185
  0
VERTEX
  5
74f
  8
Layer_0
  10
-1112.4828
  20
1150.0824
  0
VERTEX
  5
750
  8
Layer_0
  10
-1110.2346
  20
1150.7564
  0
VERTEX
  5
751
  8
Layer_0
  10
-1107.9597
  20
1151.4408
  0
VERTEX
  5
752
  8
Layer_0
  10
-1105.6577
  20
1152.1356
  0
VERTEX
  5
753
  8
Layer_0
  10
-1103.3282
  20
1152.8408
  0
VERTEX
  5
754
  8
Layer_0
  10
-1100.971
  20
1153.5565
  0
VERTEX
  5
755
  8
Layer_0
  10
-1098.5856
  20
1154.2827
  0
VERTEX
  5
756
  8
Layer_0
  10
-1096.1718
  20
1155.0196
  0
VERTEX
  5
757
  8
Layer_0
  10
-1093.7291
  20
1155.7671
  0
VERTEX
  5
758
  8
Layer_0
  10
-1091.2572
  20
1156.5254
  0
VERTEX
  5
759
  8
Layer_0
  10
-1088.7558
  20
1157.2945
  0
VERTEX
  5
75a
  8
Layer_0
  10
-1086.2245
  20
1158.0744
  0
VERTEX
  5
75b
  8
Layer_0
  10
-1083.663
  20
1158.8652
  0
VERTEX
  5
75c
  8
Layer_0
  10
-1081.0709
  20
1159.667
  0
VERTEX
  5
75d
  8
Layer_0
  10
-1078.4478
  20
1160.4799
  0
VERTEX
  5
75e
  8
Layer_0
  10
-1075.4838
  20
1161.397
  0
VERTEX
  5
75f
  8
Layer_0
  10
-1072.5662
  20
1162.2954
  0
VERTEX
  5
760
  8
Layer_0
  10
-1069.6939
  20
1163.1754
  0
VERTEX
  5
761
  8
Layer_0
  10
-1066.8661
  20
1164.0371
  0
VERTEX
  5
762
  8
Layer_0
  10
-1064.0817
  20
1164.8807
  0
VERTEX
  5
763
  8
Layer_0
  10
-1061.34
  20
1165.7064
  0
VERTEX
  5
764
  8
Layer_0
  10
-1058.6398
  20
1166.5144
  0
VERTEX
  5
765
  8
Layer_0
  10
-1055.9804
  20
1167.305
  0
VERTEX
  5
766
  8
Layer_0
  10
-1053.3607
  20
1168.0783
  0
VERTEX
  5
767
  8
Layer_0
  10
-1050.7798
  20
1168.8346
  0
VERTEX
  5
768
  8
Layer_0
  10
-1048.2368
  20
1169.574
  0
VERTEX
  5
769
  8
Layer_0
  10
-1045.7307
  20
1170.2968
  0
VERTEX
  5
76a
  8
Layer_0
  10
-1043.2606
  20
1171.0031
  0
VERTEX
  5
76b
  8
Layer_0
  10
-1040.8256
  20
1171.6932
  0
VERTEX
  5
76c
  8
Layer_0
  10
-1038.4247
  20
1172.3672
  0
VERTEX
  5
76d
  8
Layer_0
  10
-1036.057
  20
1173.0254
  0
VERTEX
  5
76e
  8
Layer_0
  10
-1033.7216
  20
1173.668
  0
VERTEX
  5
76f
  8
Layer_0
  10
-1031.4174
  20
1174.2952
  0
VERTEX
  5
770
  8
Layer_0
  10
-1029.1437
  20
1174.9071
  0
VERTEX
  5
771
  8
Layer_0
  10
-1026.8993
  20
1175.5041
  0
VERTEX
  5
772
  8
Layer_0
  10
-1024.6835
  20
1176.0862
  0
VERTEX
  5
773
  8
Layer_0
  10
-1022.4953
  20
1176.6538
  0
VERTEX
  5
774
  8
Layer_0
  10
-1020.3337
  20
1177.2069
  0
VERTEX
  5
775
  8
Layer_0
  10
-1018.1977
  20
1177.7458
  0
VERTEX
  5
776
  8
Layer_0
  10
-1016.0865
  20
1178.2708
  0
VERTEX
  5
777
  8
Layer_0
  10
-1013.9992
  20
1178.782
  0
VERTEX
  5
778
  8
Layer_0
  10
-1011.9347
  20
1179.2795
  0
VERTEX
  5
779
  8
Layer_0
  10
-1009.8921
  20
1179.7638
  0
VERTEX
  5
77a
  8
Layer_0
  10
-1005.8691
  20
1180.6929
  0
VERTEX
  5
77b
  8
Layer_0
  10
-1001.9226
  20
1181.5709
  0
VERTEX
  5
77c
  8
Layer_0
  10
-998.04506
  20
1182.3996
  0
VERTEX
  5
77d
  8
Layer_0
  10
-994.22905
  20
1183.1805
  0
VERTEX
  5
77e
  8
Layer_0
  10
-990.46706
  20
1183.9152
  0
VERTEX
  5
77f
  8
Layer_0
  10
-986.75158
  20
1184.6054
  0
VERTEX
  5
780
  8
Layer_0
  10
-983.07512
  20
1185.2528
  0
VERTEX
  5
781
  8
Layer_0
  10
-979.43017
  20
1185.8589
  0
VERTEX
  5
782
  8
Layer_0
  10
-975.80923
  20
1186.4254
  0
VERTEX
  5
783
  8
Layer_0
  10
-972.2048
  20
1186.954
  0
VERTEX
  5
784
  8
Layer_0
  10
-968.60939
  20
1187.4462
  0
VERTEX
  5
785
  8
Layer_0
  10
-965.0155
  20
1187.9038
  0
VERTEX
  5
786
  8
Layer_0
  10
-961.41562
  20
1188.3283
  0
VERTEX
  5
787
  8
Layer_0
  10
-957.80226
  20
1188.7213
  0
VERTEX
  5
788
  8
Layer_0
  10
-954.16791
  20
1189.0846
  0
VERTEX
  5
789
  8
Layer_0
  10
-950.50508
  20
1189.4198
  0
VERTEX
  5
78a
  8
Layer_0
  10
-946.80628
  20
1189.7284
  0
VERTEX
  5
78b
  8
Layer_0
  10
-943.06399
  20
1190.0122
  0
VERTEX
  5
78c
  8
Layer_0
  10
-940.68056
  20
1190.1777
  0
VERTEX
  5
78d
  8
Layer_0
  10
-938.32583
  20
1190.3279
  0
VERTEX
  5
78e
  8
Layer_0
  10
-935.99846
  20
1190.4625
  0
VERTEX
  5
78f
  8
Layer_0
  10
-933.69712
  20
1190.5812
  0
VERTEX
  5
790
  8
Layer_0
  10
-931.42047
  20
1190.6837
  0
VERTEX
  5
791
  8
Layer_0
  10
-929.16719
  20
1190.7698
  0
VERTEX
  5
792
  8
Layer_0
  10
-926.93593
  20
1190.8391
  0
VERTEX
  5
793
  8
Layer_0
  10
-924.72536
  20
1190.8914
  0
VERTEX
  5
794
  8
Layer_0
  10
-920.36098
  20
1190.9436
  0
VERTEX
  5
795
  8
Layer_0
  10
-916.06339
  20
1190.9243
  0
VERTEX
  5
796
  8
Layer_0
  10
-911.8219
  20
1190.8311
  0
VERTEX
  5
797
  8
Layer_0
  10
-907.62587
  20
1190.6618
  0
VERTEX
  5
798
  8
Layer_0
  10
-903.46462
  20
1190.414
  0
VERTEX
  5
799
  8
Layer_0
  10
-899.32748
  20
1190.0855
  0
VERTEX
  5
79a
  8
Layer_0
  10
-895.20381
  20
1189.6739
  0
VERTEX
  5
79b
  8
Layer_0
  10
-891.08291
  20
1189.1771
  0
VERTEX
  5
79c
  8
Layer_0
  10
-886.95415
  20
1188.5927
  0
VERTEX
  5
79d
  8
Layer_0
  10
-882.80683
  20
1187.9184
  0
VERTEX
  5
79e
  8
Layer_0
  10
-880.72289
  20
1187.5468
  0
VERTEX
  5
79f
  8
Layer_0
  10
-878.63031
  20
1187.1519
  0
VERTEX
  5
7a0
  8
Layer_0
  10
-876.52777
  20
1186.7334
  0
VERTEX
  5
7a1
  8
Layer_0
  10
-874.41392
  20
1186.291
  0
VERTEX
  5
7a2
  8
Layer_0
  10
-872.28744
  20
1185.8244
  0
VERTEX
  5
7a3
  8
Layer_0
  10
-870.14698
  20
1185.3334
  0
VERTEX
  5
7a4
  8
Layer_0
  10
-867.99123
  20
1184.8176
  0
VERTEX
  5
7a5
  8
Layer_0
  10
-865.81885
  20
1184.2767
  0
VERTEX
  5
7a6
  8
Layer_0
  10
-863.62849
  20
1183.7105
  0
VERTEX
  5
7a7
  8
Layer_0
  10
-861.41884
  20
1183.1187
  0
VERTEX
  5
7a8
  8
Layer_0
  10
-859.18855
  20
1182.5011
  0
VERTEX
  5
7a9
  8
Layer_0
  10
-856.93629
  20
1181.8572
  0
VERTEX
  5
7aa
  8
Layer_0
  10
-854.66074
  20
1181.1868
  0
VERTEX
  5
7ab
  8
Layer_0
  10
-852.36055
  20
1180.4897
  0
VERTEX
  5
7ac
  8
Layer_0
  10
-850.03439
  20
1179.7656
  0
VERTEX
  5
7ad
  8
Layer_0
  10
-847.68094
  20
1179.0141
  0
VERTEX
  5
7ae
  8
Layer_0
  10
-845.29885
  20
1178.2351
  0
VERTEX
  5
7af
  8
Layer_0
  10
-842.88679
  20
1177.4281
  0
VERTEX
  5
7b0
  8
Layer_0
  10
-840.44344
  20
1176.5929
  0
VERTEX
  5
7b1
  8
Layer_0
  10
-837.96745
  20
1175.7293
  0
VERTEX
  5
7b2
  8
Layer_0
  10
-835.4575
  20
1174.8369
  0
VERTEX
  5
7b3
  8
Layer_0
  10
-832.91225
  20
1173.9155
  0
VERTEX
  5
7b4
  8
Layer_0
  10
-830.33037
  20
1172.9647
  0
VERTEX
  5
7b5
  8
Layer_0
  10
-827.71052
  20
1171.9843
  0
VERTEX
  5
7b6
  8
Layer_0
  10
-825.05138
  20
1170.9741
  0
VERTEX
  5
7b7
  8
Layer_0
  10
-822.3516
  20
1169.9336
  0
VERTEX
  5
7b8
  8
Layer_0
  10
-819.60986
  20
1168.8627
  0
VERTEX
  5
7b9
  8
Layer_0
  10
-816.82482
  20
1167.761
  0
VERTEX
  5
7ba
  8
Layer_0
  10
-813.99515
  20
1166.6283
  0
VERTEX
  5
7bb
  8
Layer_0
  10
-811.11951
  20
1165.4642
  0
VERTEX
  5
7bc
  8
Layer_0
  10
-808.19658
  20
1164.2685
  0
VERTEX
  5
7bd
  8
Layer_0
  10
-805.22502
  20
1163.041
  0
VERTEX
  5
7be
  8
Layer_0
  10
-802.20349
  20
1161.7812
  0
VERTEX
  5
7bf
  8
Layer_0
  10
-799.13066
  20
1160.489
  0
VERTEX
  5
7c0
  8
Layer_0
  10
-796.00521
  20
1159.164
  0
VERTEX
  5
7c1
  8
Layer_0
  10
-792.82579
  20
1157.806
  0
VERTEX
  5
7c2
  8
Layer_0
  10
-789.63513
  20
1156.4414
  0
VERTEX
  5
7c3
  8
Layer_0
  10
-786.50083
  20
1155.1073
  0
VERTEX
  5
7c4
  8
Layer_0
  10
-783.42157
  20
1153.8033
  0
VERTEX
  5
7c5
  8
Layer_0
  10
-780.39601
  20
1152.529
  0
VERTEX
  5
7c6
  8
Layer_0
  10
-777.42282
  20
1151.2842
  0
VERTEX
  5
7c7
  8
Layer_0
  10
-774.50065
  20
1150.0683
  0
VERTEX
  5
7c8
  8
Layer_0
  10
-771.62818
  20
1148.881
  0
VERTEX
  5
7c9
  8
Layer_0
  10
-768.80407
  20
1147.7219
  0
VERTEX
  5
7ca
  8
Layer_0
  10
-766.02698
  20
1146.5906
  0
VERTEX
  5
7cb
  8
Layer_0
  10
-763.29557
  20
1145.4869
  0
VERTEX
  5
7cc
  8
Layer_0
  10
-760.60851
  20
1144.4101
  0
VERTEX
  5
7cd
  8
Layer_0
  10
-757.96447
  20
1143.3601
  0
VERTEX
  5
7ce
  8
Layer_0
  10
-755.3621
  20
1142.3364
  0
VERTEX
  5
7cf
  8
Layer_0
  10
-752.80008
  20
1141.3386
  0
VERTEX
  5
7d0
  8
Layer_0
  10
-750.27706
  20
1140.3664
  0
VERTEX
  5
7d1
  8
Layer_0
  10
-747.79171
  20
1139.4193
  0
VERTEX
  5
7d2
  8
Layer_0
  10
-745.3427
  20
1138.497
  0
VERTEX
  5
7d3
  8
Layer_0
  10
-742.92868
  20
1137.5991
  0
VERTEX
  5
7d4
  8
Layer_0
  10
-740.54833
  20
1136.7253
  0
VERTEX
  5
7d5
  8
Layer_0
  10
-738.20031
  20
1135.8751
  0
VERTEX
  5
7d6
  8
Layer_0
  10
-735.88327
  20
1135.0481
  0
VERTEX
  5
7d7
  8
Layer_0
  10
-733.5959
  20
1134.2441
  0
VERTEX
  5
7d8
  8
Layer_0
  10
-731.33684
  20
1133.4625
  0
VERTEX
  5
7d9
  8
Layer_0
  10
-729.10476
  20
1132.703
  0
VERTEX
  5
7da
  8
Layer_0
  10
-726.89833
  20
1131.9653
  0
VERTEX
  5
7db
  8
Layer_0
  10
-724.71622
  20
1131.249
  0
VERTEX
  5
7dc
  8
Layer_0
  10
-722.55708
  20
1130.5536
  0
VERTEX
  5
7dd
  8
Layer_0
  10
-720.41958
  20
1129.8788
  0
VERTEX
  5
7de
  8
Layer_0
  10
-718.30238
  20
1129.2242
  0
VERTEX
  5
7df
  8
Layer_0
  10
-716.20416
  20
1128.5895
  0
VERTEX
  5
7e0
  8
Layer_0
  10
-714.12356
  20
1127.9742
  0
VERTEX
  5
7e1
  8
Layer_0
  10
-712.05926
  20
1127.3779
  0
VERTEX
  5
7e2
  8
Layer_0
  10
-707.97421
  20
1126.2412
  0
VERTEX
  5
7e3
  8
Layer_0
  10
-703.93832
  20
1125.1761
  0
VERTEX
  5
7e4
  8
Layer_0
  10
-699.9409
  20
1124.1797
  0
VERTEX
  5
7e5
  8
Layer_0
  10
-695.97125
  20
1123.2489
  0
VERTEX
  5
7e6
  8
Layer_0
  10
-692.01871
  20
1122.3806
  0
VERTEX
  5
7e7
  8
Layer_0
  10
-688.07257
  20
1121.5718
  0
VERTEX
  5
7e8
  8
Layer_0
  10
-684.12215
  20
1120.8195
  0
VERTEX
  5
7e9
  8
Layer_0
  10
-680.15677
  20
1120.1206
  0
VERTEX
  5
7ea
  8
Layer_0
  10
-676.16574
  20
1119.4721
  0
VERTEX
  5
7eb
  8
Layer_0
  10
-672.13837
  20
1118.8708
  0
VERTEX
  5
7ec
  8
Layer_0
  10
-668.06397
  20
1118.3138
  0
VERTEX
  5
7ed
  8
Layer_0
  10
-663.93186
  20
1117.7981
  0
VERTEX
  5
7ee
  8
Layer_0
  10
-659.73136
  20
1117.3205
  0
VERTEX
  5
7ef
  8
Layer_0
  10
-655.45176
  20
1116.8779
  0
VERTEX
  5
7f0
  8
Layer_0
  10
-653.27897
  20
1116.6689
  0
VERTEX
  5
7f1
  8
Layer_0
  10
-651.08239
  20
1116.4675
  0
VERTEX
  5
7f2
  8
Layer_0
  10
-648.86071
  20
1116.2733
  0
VERTEX
  5
7f3
  8
Layer_0
  10
-646.61257
  20
1116.0861
  0
VERTEX
  5
7f4
  8
Layer_0
  10
-644.05865
  20
1115.8917
  0
VERTEX
  5
7f5
  8
Layer_0
  10
-641.47289
  20
1115.7214
  0
VERTEX
  5
7f6
  8
Layer_0
  10
-638.85598
  20
1115.5749
  0
VERTEX
  5
7f7
  8
Layer_0
  10
-636.20863
  20
1115.4523
  0
VERTEX
  5
7f8
  8
Layer_0
  10
-633.53154
  20
1115.3534
  0
VERTEX
  5
7f9
  8
Layer_0
  10
-630.82541
  20
1115.2781
  0
VERTEX
  5
7fa
  8
Layer_0
  10
-628.09095
  20
1115.2263
  0
VERTEX
  5
7fb
  8
Layer_0
  10
-625.32886
  20
1115.1978
  0
VERTEX
  5
7fc
  8
Layer_0
  10
-622.53985
  20
1115.1925
  0
VERTEX
  5
7fd
  8
Layer_0
  10
-619.72461
  20
1115.2105
  0
VERTEX
  5
7fe
  8
Layer_0
  10
-616.88384
  20
1115.2514
  0
VERTEX
  5
7ff
  8
Layer_0
  10
-614.01827
  20
1115.3153
  0
VERTEX
  5
800
  8
Layer_0
  10
-611.12857
  20
1115.4019
  0
VERTEX
  5
801
  8
Layer_0
  10
-608.21546
  20
1115.5113
  0
VERTEX
  5
802
  8
Layer_0
  10
-605.27965
  20
1115.6433
  0
VERTEX
  5
803
  8
Layer_0
  10
-602.32183
  20
1115.7977
  0
VERTEX
  5
804
  8
Layer_0
  10
-599.34271
  20
1115.9745
  0
VERTEX
  5
805
  8
Layer_0
  10
-596.34298
  20
1116.1735
  0
VERTEX
  5
806
  8
Layer_0
  10
-593.32336
  20
1116.3947
  0
VERTEX
  5
807
  8
Layer_0
  10
-590.28455
  20
1116.6379
  0
VERTEX
  5
808
  8
Layer_0
  10
-587.22724
  20
1116.9031
  0
VERTEX
  5
809
  8
Layer_0
  10
-584.15215
  20
1117.19
  0
VERTEX
  5
80a
  8
Layer_0
  10
-581.05998
  20
1117.4986
  0
VERTEX
  5
80b
  8
Layer_0
  10
-577.95142
  20
1117.8289
  0
VERTEX
  5
80c
  8
Layer_0
  10
-574.82718
  20
1118.1806
  0
VERTEX
  5
80d
  8
Layer_0
  10
-571.68797
  20
1118.5536
  0
VERTEX
  5
80e
  8
Layer_0
  10
-568.53448
  20
1118.9479
  0
VERTEX
  5
80f
  8
Layer_0
  10
-565.36743
  20
1119.3634
  0
VERTEX
  5
810
  8
Layer_0
  10
-558.99542
  20
1120.2573
  0
VERTEX
  5
811
  8
Layer_0
  10
-552.57758
  20
1121.2344
  0
VERTEX
  5
812
  8
Layer_0
  10
-546.11951
  20
1122.2938
  0
VERTEX
  5
813
  8
Layer_0
  10
-539.62686
  20
1123.4347
  0
VERTEX
  5
814
  8
Layer_0
  10
-533.10523
  20
1124.6562
  0
VERTEX
  5
815
  8
Layer_0
  10
-526.56026
  20
1125.9573
  0
VERTEX
  5
816
  8
Layer_0
  10
-519.99757
  20
1127.3372
  0
VERTEX
  5
817
  8
Layer_0
  10
-513.42278
  20
1128.795
  0
VERTEX
  5
818
  8
Layer_0
  10
-506.84153
  20
1130.3298
  0
VERTEX
  5
819
  8
Layer_0
  10
-500.25942
  20
1131.9407
  0
VERTEX
  5
81a
  8
Layer_0
  10
-493.68209
  20
1133.6268
  0
VERTEX
  5
81b
  8
Layer_0
  10
-487.11516
  20
1135.3872
  0
VERTEX
  5
81c
  8
Layer_0
  10
-480.56425
  20
1137.2211
  0
VERTEX
  5
81d
  8
Layer_0
  10
-474.035
  20
1139.1276
  0
VERTEX
  5
81e
  8
Layer_0
  10
-467.53302
  20
1141.1057
  0
VERTEX
  5
81f
  8
Layer_0
  10
-461.06393
  20
1143.1546
  0
VERTEX
  5
820
  8
Layer_0
  10
-454.63337
  20
1145.2733
  0
VERTEX
  5
821
  8
Layer_0
  10
-448.24696
  20
1147.4611
  0
VERTEX
  5
822
  8
Layer_0
  10
-444.0811
  20
1148.933
  0
VERTEX
  5
823
  8
Layer_0
  10
-439.94038
  20
1150.4304
  0
VERTEX
  5
824
  8
Layer_0
  10
-435.82478
  20
1151.9532
  0
VERTEX
  5
825
  8
Layer_0
  10
-431.73423
  20
1153.5015
  0
VERTEX
  5
826
  8
Layer_0
  10
-427.66872
  20
1155.0752
  0
VERTEX
  5
827
  8
Layer_0
  10
-423.62819
  20
1156.6745
  0
VERTEX
  5
828
  8
Layer_0
  10
-419.61261
  20
1158.2994
  0
VERTEX
  5
829
  8
Layer_0
  10
-415.62193
  20
1159.9498
  0
VERTEX
  5
82a
  8
Layer_0
  10
-411.65612
  20
1161.6259
  0
VERTEX
  5
82b
  8
Layer_0
  10
-407.71514
  20
1163.3276
  0
VERTEX
  5
82c
  8
Layer_0
  10
-403.79894
  20
1165.0549
  0
VERTEX
  5
82d
  8
Layer_0
  10
-399.90749
  20
1166.8079
  0
VERTEX
  5
82e
  8
Layer_0
  10
-396.04075
  20
1168.5867
  0
VERTEX
  5
82f
  8
Layer_0
  10
-392.19867
  20
1170.3912
  0
VERTEX
  5
830
  8
Layer_0
  10
-388.38122
  20
1172.2214
  0
VERTEX
  5
831
  8
Layer_0
  10
-384.58836
  20
1174.0775
  0
VERTEX
  5
832
  8
Layer_0
  10
-380.82004
  20
1175.9594
  0
VERTEX
  5
833
  8
Layer_0
  10
-377.07623
  20
1177.8671
  0
VERTEX
  5
834
  8
Layer_0
  10
-373.35689
  20
1179.8007
  0
VERTEX
  5
835
  8
Layer_0
  10
-369.66197
  20
1181.7602
  0
VERTEX
  5
836
  8
Layer_0
  10
-365.99144
  20
1183.7457
  0
VERTEX
  5
837
  8
Layer_0
  10
-362.34526
  20
1185.7571
  0
VERTEX
  5
838
  8
Layer_0
  10
-358.72339
  20
1187.7944
  0
VERTEX
  5
839
  8
Layer_0
  10
-355.12578
  20
1189.8578
  0
VERTEX
  5
83a
  8
Layer_0
  10
-351.5524
  20
1191.9473
  0
VERTEX
  5
83b
  8
Layer_0
  10
-348.0032
  20
1194.0628
  0
VERTEX
  5
83c
  8
Layer_0
  10
-344.47816
  20
1196.2044
  0
VERTEX
  5
83d
  8
Layer_0
  10
-340.97722
  20
1198.3721
  0
VERTEX
  5
83e
  8
Layer_0
  10
-337.50035
  20
1200.5659
  0
VERTEX
  5
83f
  8
Layer_0
  10
-334.0475
  20
1202.786
  0
VERTEX
  5
840
  8
Layer_0
  10
-330.61864
  20
1205.0322
  0
VERTEX
  5
841
  8
Layer_0
  10
-327.21373
  20
1207.3046
  0
VERTEX
  5
842
  8
Layer_0
  10
-323.83273
  20
1209.6034
  0
VERTEX
  5
843
  8
Layer_0
  10
-320.4756
  20
1211.9283
  0
VERTEX
  5
844
  8
Layer_0
  10
-317.14229
  20
1214.2796
  0
VERTEX
  5
845
  8
Layer_0
  10
-313.83277
  20
1216.6573
  0
VERTEX
  5
846
  8
Layer_0
  10
-310.547
  20
1219.0613
  0
VERTEX
  5
847
  8
Layer_0
  10
-307.28493
  20
1221.4917
  0
VERTEX
  5
848
  8
Layer_0
  10
-304.04654
  20
1223.9485
  0
VERTEX
  5
849
  8
Layer_0
  10
-300.83177
  20
1226.4317
  0
VERTEX
  5
84a
  8
Layer_0
  10
-297.64059
  20
1228.9414
  0
VERTEX
  5
84b
  8
Layer_0
  10
-294.47295
  20
1231.4776
  0
VERTEX
  5
84c
  8
Layer_0
  10
-291.32883
  20
1234.0403
  0
VERTEX
  5
84d
  8
Layer_0
  10
-288.20817
  20
1236.6296
  0
VERTEX
  5
84e
  8
Layer_0
  10
-285.11094
  20
1239.2455
  0
VERTEX
  5
84f
  8
Layer_0
  10
-282.0371
  20
1241.8879
  0
VERTEX
  5
850
  8
Layer_0
  10
-278.98661
  20
1244.557
  0
VERTEX
  5
851
  8
Layer_0
  10
-275.95942
  20
1247.2528
  0
VERTEX
  5
852
  8
Layer_0
  10
-272.9555
  20
1249.9752
  0
VERTEX
  5
853
  8
Layer_0
  10
-269.97481
  20
1252.7244
  0
VERTEX
  5
854
  8
Layer_0
  10
-267.01731
  20
1255.5002
  0
VERTEX
  5
855
  8
Layer_0
  10
-264.08296
  20
1258.3029
  0
VERTEX
  5
856
  8
Layer_0
  10
-261.17172
  20
1261.1323
  0
VERTEX
  5
857
  8
Layer_0
  10
-258.28354
  20
1263.9886
  0
VERTEX
  5
858
  8
Layer_0
  10
-255.41839
  20
1266.8717
  0
VERTEX
  5
859
  8
Layer_0
  10
-252.57624
  20
1269.7817
  0
VERTEX
  5
85a
  8
Layer_0
  10
-249.75703
  20
1272.7186
  0
VERTEX
  5
85b
  8
Layer_0
  10
-246.96072
  20
1275.6824
  0
VERTEX
  5
85c
  8
Layer_0
  10
-244.18729
  20
1278.6731
  0
VERTEX
  5
85d
  8
Layer_0
  10
-241.43669
  20
1281.6909
  0
VERTEX
  5
85e
  8
Layer_0
  10
-238.70887
  20
1284.7356
  0
VERTEX
  5
85f
  8
Layer_0
  10
-236.0038
  20
1287.8074
  0
VERTEX
  5
860
  8
Layer_0
  10
-233.32145
  20
1290.9062
  0
VERTEX
  5
861
  8
Layer_0
  10
-230.66176
  20
1294.0322
  0
VERTEX
  5
862
  8
Layer_0
  10
-228.32332
  20
1296.8414
  0
VERTEX
  5
863
  8
Layer_0
  10
-225.98058
  20
1299.729
  0
VERTEX
  5
864
  8
Layer_0
  10
-223.63702
  20
1302.689
  0
VERTEX
  5
865
  8
Layer_0
  10
-221.29614
  20
1305.7157
  0
VERTEX
  5
866
  8
Layer_0
  10
-218.96144
  20
1308.8032
  0
VERTEX
  5
867
  8
Layer_0
  10
-216.6364
  20
1311.9456
  0
VERTEX
  5
868
  8
Layer_0
  10
-214.32453
  20
1315.1371
  0
VERTEX
  5
869
  8
Layer_0
  10
-212.02931
  20
1318.3719
  0
VERTEX
  5
86a
  8
Layer_0
  10
-209.75423
  20
1321.6441
  0
VERTEX
  5
86b
  8
Layer_0
  10
-207.5028
  20
1324.9478
  0
VERTEX
  5
86c
  8
Layer_0
  10
-205.27851
  20
1328.2773
  0
VERTEX
  5
86d
  8
Layer_0
  10
-203.08485
  20
1331.6266
  0
VERTEX
  5
86e
  8
Layer_0
  10
-200.92531
  20
1334.99
  0
VERTEX
  5
86f
  8
Layer_0
  10
-198.80339
  20
1338.3616
  0
VERTEX
  5
870
  8
Layer_0
  10
-196.72258
  20
1341.7355
  0
VERTEX
  5
871
  8
Layer_0
  10
-194.68638
  20
1345.106
  0
VERTEX
  5
872
  8
Layer_0
  10
-192.69828
  20
1348.467
  0
VERTEX
  5
873
  8
Layer_0
  10
-190.76177
  20
1351.8129
  0
VERTEX
  5
874
  8
Layer_0
  10
-188.88035
  20
1355.1378
  0
VERTEX
  5
875
  8
Layer_0
  10
-187.05751
  20
1358.4358
  0
VERTEX
  5
876
  8
Layer_0
  10
-185.29674
  20
1361.7011
  0
VERTEX
  5
877
  8
Layer_0
  10
-183.60155
  20
1364.9278
  0
VERTEX
  5
878
  8
Layer_0
  10
-181.97542
  20
1368.1101
  0
VERTEX
  5
879
  8
Layer_0
  10
-180.42184
  20
1371.2421
  0
VERTEX
  5
87a
  8
Layer_0
  10
-179.67335
  20
1372.7875
  0
VERTEX
  5
87b
  8
Layer_0
  10
-178.94431
  20
1374.3181
  0
VERTEX
  5
87c
  8
Layer_0
  10
-178.23516
  20
1375.8332
  0
VERTEX
  5
87d
  8
Layer_0
  10
-177.54633
  20
1377.3321
  0
VERTEX
  5
87e
  8
Layer_0
  10
-176.87826
  20
1378.8141
  0
VERTEX
  5
87f
  8
Layer_0
  10
-176.23139
  20
1380.2783
  0
VERTEX
  5
880
  8
Layer_0
  10
-175.60615
  20
1381.7242
  0
VERTEX
  5
881
  8
Layer_0
  10
-175.00298
  20
1383.1509
  0
VERTEX
  5
882
  8
Layer_0
  10
-174.42232
  20
1384.5578
  0
VERTEX
  5
883
  8
Layer_0
  10
-173.8646
  20
1385.9441
  0
VERTEX
  5
884
  8
Layer_0
  10
-173.33026
  20
1387.309
  0
VERTEX
  5
885
  8
Layer_0
  10
-172.81974
  20
1388.6519
  0
VERTEX
  5
886
  8
Layer_0
  10
-172.33347
  20
1389.972
  0
VERTEX
  5
887
  8
Layer_0
  10
-171.87189
  20
1391.2685
  0
VERTEX
  5
888
  8
Layer_0
  10
-171.43543
  20
1392.5409
  0
VERTEX
  5
889
  8
Layer_0
  10
-171.02454
  20
1393.7882
  0
VERTEX
  5
88a
  8
Layer_0
  10
-170.63143
  20
1395.0646
  0
VERTEX
  5
88b
  8
Layer_0
  10
-170.27049
  20
1396.3542
  0
VERTEX
  5
88c
  8
Layer_0
  10
-169.9415
  20
1397.6564
  0
VERTEX
  5
88d
  8
Layer_0
  10
-169.64426
  20
1398.9706
  0
VERTEX
  5
88e
  8
Layer_0
  10
-169.37856
  20
1400.2963
  0
VERTEX
  5
88f
  8
Layer_0
  10
-169.14417
  20
1401.6328
  0
VERTEX
  5
890
  8
Layer_0
  10
-168.9409
  20
1402.9796
  0
VERTEX
  5
891
  8
Layer_0
  10
-168.76853
  20
1404.3361
  0
VERTEX
  5
892
  8
Layer_0
  10
-168.62684
  20
1405.7017
  0
VERTEX
  5
893
  8
Layer_0
  10
-168.51564
  20
1407.0759
  0
VERTEX
  5
894
  8
Layer_0
  10
-168.43469
  20
1408.4581
  0
VERTEX
  5
895
  8
Layer_0
  10
-168.3838
  20
1409.8476
  0
VERTEX
  5
896
  8
Layer_0
  10
-168.36276
  20
1411.244
  0
VERTEX
  5
897
  8
Layer_0
  10
-168.37134
  20
1412.6466
  0
VERTEX
  5
898
  8
Layer_0
  10
-168.40934
  20
1414.0549
  0
VERTEX
  5
899
  8
Layer_0
  10
-168.47655
  20
1415.4683
  0
VERTEX
  5
89a
  8
Layer_0
  10
-168.57276
  20
1416.8862
  0
VERTEX
  5
89b
  8
Layer_0
  10
-168.69775
  20
1418.3081
  0
VERTEX
  5
89c
  8
Layer_0
  10
-168.85131
  20
1419.7333
  0
VERTEX
  5
89d
  8
Layer_0
  10
-169.03324
  20
1421.1613
  0
VERTEX
  5
89e
  8
Layer_0
  10
-169.24331
  20
1422.5915
  0
VERTEX
  5
89f
  8
Layer_0
  10
-169.48133
  20
1424.0233
  0
VERTEX
  5
8a0
  8
Layer_0
  10
-169.74707
  20
1425.4562
  0
VERTEX
  5
8a1
  8
Layer_0
  10
-170.04032
  20
1426.8896
  0
VERTEX
  5
8a2
  8
Layer_0
  10
-170.36088
  20
1428.3229
  0
VERTEX
  5
8a3
  8
Layer_0
  10
-170.70853
  20
1429.7555
  0
VERTEX
  5
8a4
  8
Layer_0
  10
-171.08307
  20
1431.1868
  0
VERTEX
  5
8a5
  8
Layer_0
  10
-171.48427
  20
1432.6163
  0
VERTEX
  5
8a6
  8
Layer_0
  10
-171.91193
  20
1434.0435
  0
VERTEX
  5
8a7
  8
Layer_0
  10
-172.36584
  20
1435.4676
  0
VERTEX
  5
8a8
  8
Layer_0
  10
-172.84578
  20
1436.8882
  0
VERTEX
  5
8a9
  8
Layer_0
  10
-173.35154
  20
1438.3046
  0
VERTEX
  5
8aa
  8
Layer_0
  10
-173.88292
  20
1439.7163
  0
VERTEX
  5
8ab
  8
Layer_0
  10
-174.43969
  20
1441.1228
  0
VERTEX
  5
8ac
  8
Layer_0
  10
-175.02166
  20
1442.5233
  0
VERTEX
  5
8ad
  8
Layer_0
  10
-175.6286
  20
1443.9175
  0
VERTEX
  5
8ae
  8
Layer_0
  10
-176.26031
  20
1445.3046
  0
VERTEX
  5
8af
  8
Layer_0
  10
-176.91657
  20
1446.6841
  0
VERTEX
  5
8b0
  8
Layer_0
  10
-177.59718
  20
1448.0554
  0
VERTEX
  5
8b1
  8
Layer_0
  10
-178.30191
  20
1449.418
  0
VERTEX
  5
8b2
  8
Layer_0
  10
-179.03057
  20
1450.7713
  0
VERTEX
  5
8b3
  8
Layer_0
  10
-179.78293
  20
1452.1146
  0
VERTEX
  5
8b4
  8
Layer_0
  10
-180.55879
  20
1453.4475
  0
VERTEX
  5
8b5
  8
Layer_0
  10
-181.35794
  20
1454.7693
  0
VERTEX
  5
8b6
  8
Layer_0
  10
-182.18016
  20
1456.0795
  0
VERTEX
  5
8b7
  8
Layer_0
  10
-183.02524
  20
1457.3775
  0
VERTEX
  5
8b8
  8
Layer_0
  10
-183.89297
  20
1458.6627
  0
VERTEX
  5
8b9
  8
Layer_0
  10
-184.78314
  20
1459.9345
  0
VERTEX
  5
8ba
  8
Layer_0
  10
-185.69554
  20
1461.1924
  0
VERTEX
  5
8bb
  8
Layer_0
  10
-186.62995
  20
1462.4357
  0
VERTEX
  5
8bc
  8
Layer_0
  10
-187.58617
  20
1463.664
  0
VERTEX
  5
8bd
  8
Layer_0
  10
-188.56398
  20
1464.8766
  0
VERTEX
  5
8be
  8
Layer_0
  10
-189.56318
  20
1466.073
  0
VERTEX
  5
8bf
  8
Layer_0
  10
-190.58354
  20
1467.2525
  0
VERTEX
  5
8c0
  8
Layer_0
  10
-191.62486
  20
1468.4146
  0
VERTEX
  5
8c1
  8
Layer_0
  10
-192.68693
  20
1469.5588
  0
VERTEX
  5
8c2
  8
Layer_0
  10
-193.76953
  20
1470.6843
  0
VERTEX
  5
8c3
  8
Layer_0
  10
-194.87246
  20
1471.7908
  0
VERTEX
  5
8c4
  8
Layer_0
  10
-195.9955
  20
1472.8776
  0
VERTEX
  5
8c5
  8
Layer_0
  10
-197.13844
  20
1473.944
  0
VERTEX
  5
8c6
  8
Layer_0
  10
-198.30107
  20
1474.9896
  0
VERTEX
  5
8c7
  8
Layer_0
  10
-199.48318
  20
1476.0138
  0
VERTEX
  5
8c8
  8
Layer_0
  10
-200.68455
  20
1477.0159
  0
VERTEX
  5
8c9
  8
Layer_0
  10
-201.90498
  20
1477.9955
  0
VERTEX
  5
8ca
  8
Layer_0
  10
-203.5236
  20
1479.2331
  0
VERTEX
  5
8cb
  8
Layer_0
  10
-205.17189
  20
1480.4213
  0
VERTEX
  5
8cc
  8
Layer_0
  10
-206.84997
  20
1481.56
  0
VERTEX
  5
8cd
  8
Layer_0
  10
-208.55798
  20
1482.6493
  0
VERTEX
  5
8ce
  8
Layer_0
  10
-210.29604
  20
1483.6892
  0
VERTEX
  5
8cf
  8
Layer_0
  10
-212.06428
  20
1484.6797
  0
VERTEX
  5
8d0
  8
Layer_0
  10
-213.86283
  20
1485.6209
  0
VERTEX
  5
8d1
  8
Layer_0
  10
-215.69181
  20
1486.5128
  0
VERTEX
  5
8d2
  8
Layer_0
  10
-217.55135
  20
1487.3554
  0
VERTEX
  5
8d3
  8
Layer_0
  10
-219.44157
  20
1488.1487
  0
VERTEX
  5
8d4
  8
Layer_0
  10
-221.36262
  20
1488.8929
  0
VERTEX
  5
8d5
  8
Layer_0
  10
-223.3146
  20
1489.5878
  0
VERTEX
  5
8d6
  8
Layer_0
  10
-225.29766
  20
1490.2335
  0
VERTEX
  5
8d7
  8
Layer_0
  10
-227.31191
  20
1490.8302
  0
VERTEX
  5
8d8
  8
Layer_0
  10
-229.35749
  20
1491.3777
  0
VERTEX
  5
8d9
  8
Layer_0
  10
-231.43452
  20
1491.8761
  0
VERTEX
  5
8da
  8
Layer_0
  10
-233.54313
  20
1492.3255
  0
VERTEX
  5
8db
  8
Layer_0
  10
-235.68345
  20
1492.7258
  0
VERTEX
  5
8dc
  8
Layer_0
  10
-237.8556
  20
1493.0772
  0
VERTEX
  5
8dd
  8
Layer_0
  10
-240.05972
  20
1493.3796
  0
VERTEX
  5
8de
  8
Layer_0
  10
-242.29592
  20
1493.6331
  0
VERTEX
  5
8df
  8
Layer_0
  10
-244.56434
  20
1493.8376
  0
VERTEX
  5
8e0
  8
Layer_0
  10
-246.8651
  20
1493.9933
  0
VERTEX
  5
8e1
  8
Layer_0
  10
-249.19834
  20
1494.1002
  0
VERTEX
  5
8e2
  8
Layer_0
  10
-251.56417
  20
1494.1582
  0
VERTEX
  5
8e3
  8
Layer_0
  10
-253.96273
  20
1494.1674
  0
VERTEX
  5
8e4
  8
Layer_0
  10
-256.39415
  20
1494.1279
  0
VERTEX
  5
8e5
  8
Layer_0
  10
-258.85854
  20
1494.0396
  0
VERTEX
  5
8e6
  8
Layer_0
  10
-261.35605
  20
1493.9026
  0
VERTEX
  5
8e7
  8
Layer_0
  10
-263.88678
  20
1493.717
  0
VERTEX
  5
8e8
  8
Layer_0
  10
-266.45089
  20
1493.4827
  0
VERTEX
  5
8e9
  8
Layer_0
  10
-269.04848
  20
1493.1997
  0
SEQEND
  0
POLYLINE
  5
8eb
  8
Layer_0
  62
0
  66
1
  10
0
  20
0
  30
0
  0
VERTEX
  5
8eb
  8
Layer_0
  10
-1776.5
  20
-1376
  0
VERTEX
  5
8ec
  8
Layer_0
  10
-2276.5
  20
-1376
  0
VERTEX
  5
8ed
  8
Layer_0
  10
-2276.5
  20
-1326
  0
VERTEX
  5
8ee
  8
Layer_0
  10
-1776.5
  20
-1326
  0
VERTEX
  5
8ef
  8
Layer_0
  10
-1776.5
  20
-1376
  0
SEQEND
  0
POLYLINE
  5
8f1
  8
Layer_0
  62
0
  66
1
  10
0
  20
0
  30
0
  0
VERTEX
  5
8f1
  8
Layer_0
  10
-1776.5
  20
-1326
  0
VERTEX
  5
8f2
  8
Layer_0
  10
-2276.5
  20
-1326
  0
VERTEX
  5
8f3
  8
Layer_0
  10
-2276.5
  20
-1276
  0
VERTEX
  5
8f4
  8
Layer_0
  10
-1776.5
  20
-1276
  0
VERTEX
  5
8f5
  8
Layer_0
  10
-1776.5
  20
-1326
  0
SEQEND
  0
POLYLINE
  5
8f7
  8
Layer_0
  62
0
  66
1
  10
0
  20
0
  30
0
  0
VERTEX
  5
8f7
  8
Layer_0
  10
-1776.5
  20
-1276
  0
VERTEX
  5
8f8
  8
Layer_0
  10
-2276.5
  20
-1276
  0
VERTEX
  5
8f9
  8
Layer_0
  10
-2276.5
  20
-1226
  0
VERTEX
  5
8fa
  8
Layer_0
  10
-1776.5
  20
-1226
  0
VERTEX
  5
8fb
  8
Layer_0
  10
-1776.5
  20
-1276
  0
SEQEND
  0
POLYLINE
  5
8fd
  8
Layer_0
  62
0
  66
1
  10
0
  20
0
  30
0
  0
VERTEX
  5
8fd
  8
Layer_0
  10
-1776.5
  20
-1226
  0
VERTEX
  5
8fe
  8
Layer_0
  10
-2276.5
  20
-1226
  0
VERTEX
  5
8ff
  8
Layer_0
  10
-2276.5
  20
-1176
  0
VERTEX
  5
900
  8
Layer_0
  10
-1776.5
  20
-1176
  0
VERTEX
  5
901
  8
Layer_0
  10
-1776.5
  20
-1226
  0
SEQEND
  0
POLYLINE
  5
903
  8
Layer_0
  62
0
  66
1
  10
0
  20
0
  30
0
  0
VERTEX
  5
903
  8
Layer_0
  10
-1776.5
  20
-1176
  0
VERTEX
  5
904
  8
Layer_0
  10
-2276.5
  20
-1176
  0
VERTEX
  5
905
  8
Layer_0
  10
-2276.5
  20
-1126
  0
VERTEX
  5
906
  8
Layer_0
  10
-1776.5
  20
-1126
  0
VERTEX
  5
907
  8
Layer_0
  10
-1776.5
  20
-1176
  0
SEQEND
  0
POLYLINE
  5
909
  8
Layer_0
  62
0
  66
1
  10
0
  20
0
  30
0
  0
VERTEX
  5
909
  8
Layer_0
  10
-1776.5
  20
-1126
  0
VERTEX
  5
90a
  8
Layer_0
  10
-2276.5
  20
-1126
  0
VERTEX
  5
90b
  8
Layer_0
  10
-2276.5
  20
-1076
  0
VERTEX
  5
90c
  8
Layer_0
  10
-1776.5
  20
-1076
  0
VERTEX
  5
90d
  8
Layer_0
  10
-1776.5
  20
-1126
  0
SEQEND
  0
POLYLINE
  5
90f
  8
Layer_0
  62
0
  66
1
  10
0
  20
0
  30
0
  0
VERTEX
  5
90f
  8
Layer_0
  10
-1776.5
  20
-1076
  0
VERTEX
  5
910
  8
Layer_0
  10
-2276.5
  20
-1076
  0
VERTEX
  5
911
  8
Layer_0
  10
-2276.5
  20
-1026
  0
VERTEX
  5
912
  8
Layer_0
  10
-1776.5
  20
-1026
  0
VERTEX
  5
913
  8
Layer_0
  10
-1776.5
  20
-1076
  0
SEQEND
  0
POLYLINE
  5
915
  8
Layer_0
  62
0
  66
1
  10
0
  20
0
  30
0
  0
VERTEX
  5
915
  8
Layer_0
  10
-1776.5
  20
-1026
  0
VERTEX
  5
916
  8
Layer_0
  10
-2276.5
  20
-1026
  0
VERTEX
  5
917
  8
Layer_0
  10
-2276.5
  20
-976
  0
VERTEX
  5
918
  8
Layer_0
  10
-1776.5
  20
-976
  0
VERTEX
  5
919
  8
Layer_0
  10
-1776.5
  20
-1026
  0
SEQEND
  0
POLYLINE
  5
91b
  8
Layer_0
  62
0
  66
1
  10
0
  20
0
  30
0
  0
VERTEX
  5
91b
  8
Layer_0
  10
-1776.5
  20
-976
  0
VERTEX
  5
91c
  8
Layer_0
  10
-2276.5
  20
-976
  0
VERTEX
  5
91d
  8
Layer_0
  10
-2276.5
  20
-926
  0
VERTEX
  5
91e
  8
Layer_0
  10
-1776.5
  20
-926
  0
VERTEX
  5
91f
  8
Layer_0
  10
-1776.5
  20
-976
  0
SEQEND
  0
POLYLINE
  5
921
  8
Layer_0
  62
0
  66
1
  10
0
  20
0
  30
0
  0
VERTEX
  5
921
  8
Layer_0
  10
-1776.5
  20
-926
  0
VERTEX
  5
922
  8
Layer_0
  10
-2276.5
  20
-926
  0
VERTEX
  5
923
  8
Layer_0
  10
-2276.5
  20
-876
  0
VERTEX
  5
924
  8
Layer_0
  10
-1776.5
  20
-876
  0
VERTEX
  5
925
  8
Layer_0
  10
-1776.5
  20
-926
  0
SEQEND
  0
POLYLINE
  5
927
  8
Layer_0
  62
0
  66
1
  10
0
  20
0
  30
0
  0
VERTEX
  5
927
  8
Layer_0
  10
-1776.5
  20
-876
  0
VERTEX
  5
928
  8
Layer_0
  10
-2276.5
  20
-876
  0
VERTEX
  5
929
  8
Layer_0
  10
-2276.5
  20
-826
  0
VERTEX
  5
92a
  8
Layer_0
  10
-1776.5
  20
-826
  0
VERTEX
  5
92b
  8
Layer_0
  10
-1776.5
  20
-876
  0
SEQEND
  0
POLYLINE
  5
92d
  8
Layer_0
  62
0
  66
1
  10
0
  20
0
  30
0
  0
VERTEX
  5
92d
  8
Layer_0
  10
-1776.5
  20
-826
  0
VERTEX
  5
92e
  8
Layer_0
  10
-2276.5
  20
-826
  0
VERTEX
  5
92f
  8
Layer_0
  10
-2276.5
  20
-776
  0
VERTEX
  5
930
  8
Layer_0
  10
-1776.5
  20
-776
  0
VERTEX
  5
931
  8
Layer_0
  10
-1776.5
  20
-826
  0
SEQEND
  0
POLYLINE
  5
933
  8
Layer_0
  62
0
  66
1
  10
0
  20
0
  30
0
  0
VERTEX
  5
933
  8
Layer_0
  10
-1776.5
  20
-776
  0
VERTEX
  5
934
  8
Layer_0
  10
-2276.5
  20
-776
  0
VERTEX
  5
935
  8
Layer_0
  10
-2276.5
  20
-726
  0
VERTEX
  5
936
  8
Layer_0
  10
-1776.5
  20
-726
  0
VERTEX
  5
937
  8
Layer_0
  10
-1776.5
  20
-776
  0
SEQEND
  0
POLYLINE
  5
939
  8
Layer_0
  62
0
  66
1
  10
0
  20
0
  30
0
  0
VERTEX
  5
939
  8
Layer_0
  10
-1776.5
  20
-726
  0
VERTEX
  5
93a
  8
Layer_0
  10
-2276.5
  20
-726
  0
VERTEX
  5
93b
  8
Layer_0
  10
-2276.5
  20
-676
  0
VERTEX
  5
93c
  8
Layer_0
  10
-1776.5
  20
-676
  0
VERTEX
  5
93d
  8
Layer_0
  10
-1776.5
  20
-726
  0
SEQEND
  0
POLYLINE
  5
93f
  8
Layer_0
  62
0
  66
1
  10
0
  20
0
  30
0
  0
VERTEX
  5
93f
  8
Layer_0
  10
-1776.5
  20
-676
  0
VERTEX
  5
940
  8
Layer_0
  10
-2276.5
  20
-676
  0
VERTEX
  5
941
  8
Layer_0
  10
-2276.5
  20
-626
  0
VERTEX
  5
942
  8
Layer_0
  10
-1776.5
  20
-626
  0
VERTEX
  5
943
  8
Layer_0
  10
-1776.5
  20
-676
  0
SEQEND
  0
POLYLINE
  5
945
  8
Layer_0
  62
0
  66
1
  10
0
  20
0
  30
0
  0
VERTEX
  5
945
  8
Layer_0
  10
-1776.5
  20
-626
  0
VERTEX
  5
946
  8
Layer_0
  10
-2276.5
  20
-626
  0
VERTEX
  5
947
  8
Layer_0
  10
-2276.5
  20
-576
  0
VERTEX
  5
948
  8
Layer_0
  10
-1776.5
  20
-576
  0
VERTEX
  5
949
  8
Layer_0
  10
-1776.5
  20
-626
  0
SEQEND
  0
POLYLINE
  5
94b
  8
Layer_0
  62
0
  66
1
  10
0
  20
0
  30
0
  0
VERTEX
  5
94b
  8
Layer_0
  10
-1776.5
  20
-576
  0
VERTEX
  5
94c
  8
Layer_0
  10
-2276.5
  20
-576
  0
VERTEX
  5
94d
  8
Layer_0
  10
-2276.5
  20
-526
  0
VERTEX
  5
94e
  8
Layer_0
  10
-1776.5
  20
-526
  0
VERTEX
  5
94f
  8
Layer_0
  10
-1776.5
  20
-576
  0
SEQEND
  0
POLYLINE
  5
951
  8
Layer_0
  62
0
  66
1
  10
0
  20
0
  30
0
  0
VERTEX
  5
951
  8
Layer_0
  10
-1776.5
  20
-526
  0
VERTEX
  5
952
  8
Layer_0
  10
-2276.5
  20
-526
  0
VERTEX
  5
953
  8
Layer_0
  10
-2276.5
  20
-476
  0
VERTEX
  5
954
  8
Layer_0
  10
-1776.5
  20
-476
  0
VERTEX
  5
955
  8
Layer_0
  10
-1776.5
  20
-526
  0
SEQEND
  0
POLYLINE
  5
957
  8
Layer_0
  62
0
  66
1
  10
0
  20
0
  30
0
  0
VERTEX
  5
957
  8
Layer_0
  10
-1776.5
  20
-476
  0
VERTEX
  5
958
  8
Layer_0
  10
-2276.5
  20
-476
  0
VERTEX
  5
959
  8
Layer_0
  10
-2276.5
  20
-426
  0
VERTEX
  5
95a
  8
Layer_0
  10
-1776.5
  20
-426
  0
VERTEX
  5
95b
  8
Layer_0
  10
-1776.5
  20
-476
  0
SEQEND
  0
POLYLINE
  5
95d
  8
Layer_0
  62
0
  66
1
  10
0
  20
0
  30
0
  0
VERTEX
  5
95d
  8
Layer_0
  10
-1776.5
  20
-426
  0
VERTEX
  5
95e
  8
Layer_0
  10
-2276.5
  20
-426
  0
VERTEX
  5
95f
  8
Layer_0
  10
-2276.5
  20
-376
  0
VERTEX
  5
960
  8
Layer_0
  10
-1776.5
  20
-376
  0
VERTEX
  5
961
  8
Layer_0
  10
-1776.5
  20
-426
  0
SEQEND
  0
POLYLINE
  5
963
  8
Layer_0
  62
0
  66
1
  10
0
  20
0
  30
0
  0
VERTEX
  5
963
  8
Layer_0
  10
-1776.5
  20
-376
  0
VERTEX
  5
964
  8
Layer_0
  10
-2276.5
  20
-376
  0
VERTEX
  5
965
  8
Layer_0
  10
-2276.5
  20
-326
  0
VERTEX
  5
966
  8
Layer_0
  10
-1776.5
  20
-326
  0
VERTEX
  5
967
  8
Layer_0
  10
-1776.5
  20
-376
  0
SEQEND
  0
POLYLINE
  5
969
  8
Layer_0
  62
0
  66
1
  10
0
  20
0
  30
0
  0
VERTEX
  5
969
  8
Layer_0
  10
-1776.5
  20
-326
  0
VERTEX
  5
96a
  8
Layer_0
  10
-2276.5
  20
-326
  0
VERTEX
  5
96b
  8
Layer_0
  10
-2276.5
  20
-276
  0
VERTEX
  5
96c
  8
Layer_0
  10
-1776.5
  20
-276
  0
VERTEX
  5
96d
  8
Layer_0
  10
-1776.5
  20
-326
  0
SEQEND
  0
POLYLINE
  5
96f
  8
Layer_0
  62
0
  66
1
  10
0
  20
0
  30
0
  0
VERTEX
  5
96f
  8
Layer_0
  10
-1776.5
  20
-276
  0
VERTEX
  5
970
  8
Layer_0
  10
-2276.5
  20
-276
  0
VERTEX
  5
971
  8
Layer_0
  10
-2276.5
  20
-226
  0
VERTEX
  5
972
  8
Layer_0
  10
-1776.5
  20
-226
  0
VERTEX
  5
973
  8
Layer_0
  10
-1776.5
  20
-276
  0
SEQEND
  0
POLYLINE
  5
975
  8
Layer_0
  62
0
  66
1
  10
0
  20
0
  30
0
  0
VERTEX
  5
975
  8
Layer_0
  10
-1776.5
  20
-226
  0
VERTEX
  5
976
  8
Layer_0
  10
-2276.5
  20
-226
  0
VERTEX
  5
977
  8
Layer_0
  10
-2276.5
  20
-176
  0
VERTEX
  5
978
  8
Layer_0
  10
-1776.5
  20
-176
  0
VERTEX
  5
979
  8
Layer_0
  10
-1776.5
  20
-226
  0
SEQEND
  0
POLYLINE
  5
97b
  8
Layer_0
  62
0
  66
1
  10
0
  20
0
  30
0
  0
VERTEX
  5
97b
  8
Layer_0
  10
-1776.5
  20
-176
  0
VERTEX
  5
97c
  8
Layer_0
  10
-2276.5
  20
-176
  0
VERTEX
  5
97d
  8
Layer_0
  10
-2276.5
  20
-126
  0
VERTEX
  5
97e
  8
Layer_0
  10
-1776.5
  20
-126
  0
VERTEX
  5
97f
  8
Layer_0
  10
-1776.5
  20
-176
  0
SEQEND
  0
POLYLINE
  5
981
  8
Layer_0
  62
0
  66
1
  10
0
  20
0
  30
0
  0
VERTEX
  5
981
  8
Layer_0
  10
-1776.5
  20
-126
  0
VERTEX
  5
982
  8
Layer_0
  10
-2276.5
  20
-126
  0
VERTEX
  5
983
  8
Layer_0
  10
-2276.5
  20
-76
  0
VERTEX
  5
984
  8
Layer_0
  10
-1776.5
  20
-76
  0
VERTEX
  5
985
  8
Layer_0
  10
-1776.5
  20
-126
  0
SEQEND
  0
POLYLINE
  5
987
  8
Layer_0
  62
0
  66
1
  10
0
  20
0
  30
0
  0
VERTEX
  5
987
  8
Layer_0
  10
-1776.5
  20
-76
  0
VERTEX
  5
988
  8
Layer_0
  10
-2276.5
  20
-76
  0
VERTEX
  5
989
  8
Layer_0
  10
-2276.5
  20
-26
  0
VERTEX
  5
98a
  8
Layer_0
  10
-1776.5
  20
-26
  0
VERTEX
  5
98b
  8
Layer_0
  10
-1776.5
  20
-76
  0
SEQEND
  0
POLYLINE
  5
98d
  8
Layer_0
  62
0
  66
1
  10
0
  20
0
  30
0
  0
VERTEX
  5
98d
  8
Layer_0
  10
-1776.5
  20
-26
  0
VERTEX
  5
98e
  8
Layer_0
  10
-2276.5
  20
-26
  0
VERTEX
  5
98f
  8
Layer_0
  10
-2276.5
  20
24
  0
VERTEX
  5
990
  8
Layer_0
  10
-1776.5
  20
24
  0
VERTEX
  5
991
  8
Layer_0
  10
-1776.5
  20
-26
  0
SEQEND
  0
POLYLINE
  5
993
  8
Layer_0
  62
0
  66
1
  10
0
  20
0
  30
0
  0
VERTEX
  5
993
  8
Layer_0
  10
-1776.5
  20
24
  0
VERTEX
  5
994
  8
Layer_0
  10
-2276.5
  20
24
  0
VERTEX
  5
995
  8
Layer_0
  10
-2276.5
  20
74
  0
VERTEX
  5
996
  8
Layer_0
  10
-1776.5
  20
74
  0
VERTEX
  5
997
  8
Layer_0
  10
-1776.5
  20
24
  0
SEQEND
  0
POLYLINE
  5
999
  8
Layer_0
  62
0
  66
1
  10
0
  20
0
  30
0
  0
VERTEX
  5
999
  8
Layer_0
  10
-1776.5
  20
74
  0
VERTEX
  5
99a
  8
Layer_0
  10
-2276.5
  20
74
  0
VERTEX
  5
99b
  8
Layer_0
  10
-2276.5
  20
124
  0
VERTEX
  5
99c
  8
Layer_0
  10
-1776.5
  20
124
  0
VERTEX
  5
99d
  8
Layer_0
  10
-1776.5
  20
74
  0
SEQEND
  0
POLYLINE
  5
99f
  8
Layer_0
  62
0
  66
1
  10
0
  20
0
  30
0
  0
VERTEX
  5
99f
  8
Layer_0
  10
-1776.5
  20
124
  0
VERTEX
  5
9a0
  8
Layer_0
  10
-2276.5
  20
124
  0
VERTEX
  5
9a1
  8
Layer_0
  10
-2276.5
  20
174
  0
VERTEX
  5
9a2
  8
Layer_0
  10
-1776.5
  20
174
  0
VERTEX
  5
9a3
  8
Layer_0
  10
-1776.5
  20
124
  0
SEQEND
  0
POLYLINE
  5
9a5
  8
Layer_0
  62
0
  66
1
  10
0
  20
0
  30
0
  0
VERTEX
  5
9a5
  8
Layer_0
  10
-1776.5
  20
174
  0
VERTEX
  5
9a6
  8
Layer_0
  10
-2276.5
  20
174
  0
VERTEX
  5
9a7
  8
Layer_0
  10
-2276.5
  20
224
  0
VERTEX
  5
9a8
  8
Layer_0
  10
-1776.5
  20
224
  0
VERTEX
  5
9a9
  8
Layer_0
  10
-1776.5
  20
174
  0
SEQEND
  0
POLYLINE
  5
9ab
  8
Layer_0
  62
0
  66
1
  10
0
  20
0
  30
0
  0
VERTEX
  5
9ab
  8
Layer_0
  10
-1776.5
  20
224
  0
VERTEX
  5
9ac
  8
Layer_0
  10
-2276.5
  20
224
  0
VERTEX
  5
9ad
  8
Layer_0
  10
-2276.5
  20
274
  0
VERTEX
  5
9ae
  8
Layer_0
  10
-1776.5
  20
274
  0
VERTEX
  5
9af
  8
Layer_0
  10
-1776.5
  20
224
  0
SEQEND
  0
POLYLINE
  5
9b1
  8
Layer_0
  62
0
  66
1
  10
0
  20
0
  30
0
  0
VERTEX
  5
9b1
  8
Layer_0
  10
-1776.5
  20
274
  0
VERTEX
  5
9b2
  8
Layer_0
  10
-2276.5
  20
274
  0
VERTEX
  5
9b3
  8
Layer_0
  10
-2276.5
  20
324
  0
VERTEX
  5
9b4
  8
Layer_0
  10
-1776.5
  20
324
  0
VERTEX
  5
9b5
  8
Layer_0
  10
-1776.5
  20
274
  0
SEQEND
  0
POLYLINE
  5
9b7
  8
Layer_0
  62
0
  66
1
  10
0
  20
0
  30
0
  0
VERTEX
  5
9b7
  8
Layer_0
  10
-1776.5
  20
324
  0
VERTEX
  5
9b8
  8
Layer_0
  10
-2276.5
  20
324
  0
VERTEX
  5
9b9
  8
Layer_0
  10
-2276.5
  20
374
  0
VERTEX
  5
9ba
  8
Layer_0
  10
-1776.5
  20
374
  0
VERTEX
  5
9bb
  8
Layer_0
  10
-1776.5
  20
324
  0
SEQEND
  0
POLYLINE
  5
9bd
  8
Layer_0
  62
0
  66
1
  10
0
  20
0
  30
0
  0
VERTEX
  5
9bd
  8
Layer_0
  10
-1776.5
  20
374
  0
VERTEX
  5
9be
  8
Layer_0
  10
-2276.5
  20
374
  0
VERTEX
  5
9bf
  8
Layer_0
  10
-2276.5
  20
424
  0
VERTEX
  5
9c0
  8
Layer_0
  10
-1776.5
  20
424
  0
VERTEX
  5
9c1
  8
Layer_0
  10
-1776.5
  20
374
  0
SEQEND
  0
POLYLINE
  5
9c3
  8
Layer_0
  62
0
  66
1
  10
0
  20
0
  30
0
  0
VERTEX
  5
9c3
  8
Layer_0
  10
-1776.5
  20
424
  0
VERTEX
  5
9c4
  8
Layer_0
  10
-2276.5
  20
424
  0
VERTEX
  5
9c5
  8
Layer_0
  10
-2276.5
  20
474
  0
VERTEX
  5
9c6
  8
Layer_0
  10
-1776.5
  20
474
  0
VERTEX
  5
9c7
  8
Layer_0
  10
-1776.5
  20
424
  0
SEQEND
  0
POLYLINE
  5
9c9
  8
Layer_0
  62
0
  66
1
  10
0
  20
0
  30
0
  0
VERTEX
  5
9c9
  8
Layer_0
  10
-1776.5
  20
474
  0
VERTEX
  5
9ca
  8
Layer_0
  10
-2276.5
  20
474
  0
VERTEX
  5
9cb
  8
Layer_0
  10
-2276.5
  20
524
  0
VERTEX
  5
9cc
  8
Layer_0
  10
-1776.5
  20
524
  0
VERTEX
  5
9cd
  8
Layer_0
  10
-1776.5
  20
474
  0
SEQEND
  0
POLYLINE
  5
9cf
  8
Layer_0
  62
0
  66
1
  10
0
  20
0
  30
0
  0
VERTEX
  5
9cf
  8
Layer_0
  10
-1776.5
  20
524
  0
VERTEX
  5
9d0
  8
Layer_0
  10
-2276.5
  20
524
  0
VERTEX
  5
9d1
  8
Layer_0
  10
-2276.5
  20
574
  0
VERTEX
  5
9d2
  8
Layer_0
  10
-1776.5
  20
574
  0
VERTEX
  5
9d3
  8
Layer_0
  10
-1776.5
  20
524
  0
SEQEND
  0
POLYLINE
  5
9d5
  8
Layer_0
  62
0
  66
1
  10
0
  20
0
  30
0
  0
VERTEX
  5
9d5
  8
Layer_0
  10
-1776.5
  20
574
  0
VERTEX
  5
9d6
  8
Layer_0
  10
-2276.5
  20
574
  0
VERTEX
  5
9d7
  8
Layer_0
  10
-2276.5
  20
624
  0
VERTEX
  5
9d8
  8
Layer_0
  10
-1776.5
  20
624
  0
VERTEX
  5
9d9
  8
Layer_0
  10
-1776.5
  20
574
  0
SEQEND
  0
POLYLINE
  5
9db
  8
Layer_0
  62
0
  66
1
  10
0
  20
0
  30
0
  0
VERTEX
  5
9db
  8
Layer_0
  10
-1776.5
  20
624
  0
VERTEX
  5
9dc
  8
Layer_0
  10
-2276.5
  20
624
  0
VERTEX
  5
9dd
  8
Layer_0
  10
-2276.5
  20
674
  0
VERTEX
  5
9de
  8
Layer_0
  10
-1776.5
  20
674
  0
VERTEX
  5
9df
  8
Layer_0
  10
-1776.5
  20
624
  0
SEQEND
  0
POLYLINE
  5
9e1
  8
Layer_0
  62
0
  66
1
  10
0
  20
0
  30
0
  0
VERTEX
  5
9e1
  8
Layer_0
  10
-1776.5
  20
674
  0
VERTEX
  5
9e2
  8
Layer_0
  10
-2276.5
  20
674
  0
VERTEX
  5
9e3
  8
Layer_0
  10
-2276.5
  20
724
  0
VERTEX
  5
9e4
  8
Layer_0
  10
-1776.5
  20
724
  0
VERTEX
  5
9e5
  8
Layer_0
  10
-1776.5
  20
674
  0
SEQEND
  0
POLYLINE
  5
9e7
  8
Layer_0
  62
0
  66
1
  10
0
  20
0
  30
0
  0
VERTEX
  5
9e7
  8
Layer_0
  10
-1776.5
  20
724
  0
VERTEX
  5
9e8
  8
Layer_0
  10
-2276.5
  20
724
  0
VERTEX
  5
9e9
  8
Layer_0
  10
-2276.5
  20
774
  0
VERTEX
  5
9ea
  8
Layer_0
  10
-1776.5
  20
774
  0
VERTEX
  5
9eb
  8
Layer_0
  10
-1776.5
  20
724
  0
SEQEND
  0
POLYLINE
  5
9ed
  8
Layer_0
  62
0
  66
1
  10
0
  20
0
  30
0
  0
VERTEX
  5
9ed
  8
Layer_0
  10
-1776.5
  20
774
  0
VERTEX
  5
9ee
  8
Layer_0
  10
-2276.5
  20
774
  0
VERTEX
  5
9ef
  8
Layer_0
  10
-2276.5
  20
824
  0
VERTEX
  5
9f0
  8
Layer_0
  10
-1776.5
  20
824
  0
VERTEX
  5
9f1
  8
Layer_0
  10
-1776.5
  20
774
  0
SEQEND
  0
POLYLINE
  5
9f3
  8
Layer_0
  62
0
  66
1
  10
0
  20
0
  30
0
  0
VERTEX
  5
9f3
  8
Layer_0
  10
-1776.5
  20
824
  0
VERTEX
  5
9f4
  8
Layer_0
  10
-2276.5
  20
824
  0
VERTEX
  5
9f5
  8
Layer_0
  10
-2276.5
  20
874
  0
VERTEX
  5
9f6
  8
Layer_0
  10
-1776.5
  20
874
  0
VERTEX
  5
9f7
  8
Layer_0
  10
-1776.5
  20
824
  0
SEQEND
  0
POLYLINE
  5
9f9
  8
Layer_0
  62
0
  66
1
  10
0
  20
0
  30
0
  0
VERTEX
  5
9f9
  8
Layer_0
  10
-1776.5
  20
874
  0
VERTEX
  5
9fa
  8
Layer_0
  10
-2276.5
  20
874
  0
VERTEX
  5
9fb
  8
Layer_0
  10
-2276.5
  20
924
  0
VERTEX
  5
9fc
  8
Layer_0
  10
-1776.5
  20
924
  0
VERTEX
  5
9fd
  8
Layer_0
  10
-1776.5
  20
874
  0
SEQEND
  0
POLYLINE
  5
9ff
  8
Layer_0
  62
0
  66
1
  10
0
  20
0
  30
0
  0
VERTEX
  5
9ff
  8
Layer_0
  10
-1776.5
  20
924
  0
VERTEX
  5
a00
  8
Layer_0
  10
-2276.5
  20
924
  0
VERTEX
  5
a01
  8
Layer_0
  10
-2276.5
  20
974
  0
VERTEX
  5
a02
  8
Layer_0
  10
-1776.5
  20
974
  0
VERTEX
  5
a03
  8
Layer_0
  10
-1776.5
  20
924
  0
SEQEND
  0
POLYLINE
  5
a05
  8
Layer_0
  62
0
  66
1
  10
0
  20
0
  30
0
  0
VERTEX
  5
a05
  8
Layer_0
  10
-1776.5
  20
974
  0
VERTEX
  5
a06
  8
Layer_0
  10
-2276.5
  20
974
  0
VERTEX
  5
a07
  8
Layer_0
  10
-2276.5
  20
1024
  0
VERTEX
  5
a08
  8
Layer_0
  10
-1776.5
  20
1024
  0
VERTEX
  5
a09
  8
Layer_0
  10
-1776.5
  20
974
  0
SEQEND
  0
POLYLINE
  5
a0b
  8
Layer_0
  62
0
  66
1
  10
0
  20
0
  30
0
  0
VERTEX
  5
a0b
  8
Layer_0
  10
-1776.5
  20
1024
  0
VERTEX
  5
a0c
  8
Layer_0
  10
-2276.5
  20
1024
  0
VERTEX
  5
a0d
  8
Layer_0
  10
-2276.5
  20
1074
  0
VERTEX
  5
a0e
  8
Layer_0
  10
-1776.5
  20
1074
  0
VERTEX
  5
a0f
  8
Layer_0
  10
-1776.5
  20
1024
  0
SEQEND
  0
POLYLINE
  5
a11
  8
Layer_0
  62
0
  66
1
  10
0
  20
0
  30
0
  0
VERTEX
  5
a11
  8
Layer_0
  10
-1776.5
  20
1074
  0
VERTEX
  5
a12
  8
Layer_0
  10
-2276.5
  20
1074
  0
VERTEX
  5
a13
  8
Layer_0
  10
-2276.5
  20
1124
  0
VERTEX
  5
a14
  8
Layer_0
  10
-1776.5
  20
1124
  0
VERTEX
  5
a15
  8
Layer_0
  10
-1776.5
  20
1074
  0
SEQEND
  0
POLYLINE
  5
a17
  8
Layer_0
  62
0
  66
1
  10
0
  20
0
  30
0
  0
VERTEX
  5
a17
  8
Layer_0
  10
-1776.5
  20
1124
  0
VERTEX
  5
a18
  8
Layer_0
  10
-2276.5
  20
1124
  0
VERTEX
  5
a19
  8
Layer_0
  10
-2276.5
  20
1174
  0
VERTEX
  5
a1a
  8
Layer_0
  10
-1776.5
  20
1174
  0
VERTEX
  5
a1b
  8
Layer_0
  10
-1776.5
  20
1124
  0
SEQEND
  0
POLYLINE
  5
a1d
  8
Layer_0
  62
0
  66
1
  10
0
  20
0
  30
0
  0
VERTEX
  5
a1d
  8
Layer_0
  10
-1776.5
  20
1174
  0
VERTEX
  5
a1e
  8
Layer_0
  10
-2276.5
  20
1174
  0
VERTEX
  5
a1f
  8
Layer_0
  10
-2276.5
  20
1224
  0
VERTEX
  5
a20
  8
Layer_0
  10
-1776.5
  20
1224
  0
VERTEX
  5
a21
  8
Layer_0
  10
-1776.5
  20
1174
  0
SEQEND
  0
POLYLINE
  5
a23
  8
Layer_0
  62
0
  66
1
  10
0
  20
0
  30
0
  0
VERTEX
  5
a23
  8
Layer_0
  10
-1776.5
  20
1224
  0
VERTEX
  5
a24
  8
Layer_0
  10
-2276.5
  20
1224
  0
VERTEX
  5
a25
  8
Layer_0
  10
-2276.5
  20
1274
  0
VERTEX
  5
a26
  8
Layer_0
  10
-1776.5
  20
1274
  0
VERTEX
  5
a27
  8
Layer_0
  10
-1776.5
  20
1224
  0
SEQEND
  0
POLYLINE
  5
a29
  8
Layer_0
  62
0
  66
1
  10
0
  20
0
  30
0
  0
VERTEX
  5
a29
  8
Layer_0
  10
-1776.5
  20
1274
  0
VERTEX
  5
a2a
  8
Layer_0
  10
-2276.5
  20
1274
  0
VERTEX
  5
a2b
  8
Layer_0
  10
-2276.5
  20
1324
  0
VERTEX
  5
a2c
  8
Layer_0
  10
-1776.5
  20
1324
  0
VERTEX
  5
a2d
  8
Layer_0
  10
-1776.5
  20
1274
  0
SEQEND
  0
POLYLINE
  5
a2f
  8
Layer_0
  62
0
  66
1
  10
0
  20
0
  30
0
  0
VERTEX
  5
a2f
  8
Layer_0
  10
-1776.5
  20
1324
  0
VERTEX
  5
a30
  8
Layer_0
  10
-2276.5
  20
1324
  0
VERTEX
  5
a31
  8
Layer_0
  10
-2276.5
  20
1374
  0
VERTEX
  5
a32
  8
Layer_0
  10
-1776.5
  20
1374
  0
VERTEX
  5
a33
  8
Layer_0
  10
-1776.5
  20
1324
  0
SEQEND
  0
POLYLINE
  5
a35
  8
Layer_0
  62
0
  66
1
  10
0
  20
0
  30
0
  0
VERTEX
  5
a35
  8
Layer_0
  10
-1776.5
  20
1374
  0
VERTEX
  5
a36
  8
Layer_0
  10
-2276.5
  20
1374
  0
VERTEX
  5
a37
  8
Layer_0
  10
-2276.5
  20
1424
  0
VERTEX
  5
a38
  8
Layer_0
  10
-1776.5
  20
1424
  0
VERTEX
  5
a39
  8
Layer_0
  10
-1776.5
  20
1374
  0
SEQEND
  0
POLYLINE
  5
a3b
  8
Layer_0
  62
0
  66
1
  10
0
  20
0
  30
0
  0
VERTEX
  5
a3b
  8
Layer_0
  10
-1776.5
  20
1424
  0
VERTEX
  5
a3c
  8
Layer_0
  10
-2276.5
  20
1424
  0
VERTEX
  5
a3d
  8
Layer_0
  10
-2276.5
  20
1474
  0
VERTEX
  5
a3e
  8
Layer_0
  10
-1776.5
  20
1474
  0
VERTEX
  5
a3f
  8
Layer_0
  10
-1776.5
  20
1424
  0
SEQEND
  0
POLYLINE
  5
a41
  8
Layer_0
  62
0
  66
1
  10
0
  20
0
  30
0
  0
VERTEX
  5
a41
  8
Layer_0
  10
-1776.5
  20
1474
  0
VERTEX
  5
a42
  8
Layer_0
  10
-2276.5
  20
1474
  0
VERTEX
  5
a43
  8
Layer_0
  10
-2276.5
  20
1524
  0
VERTEX
  5
a44
  8
Layer_0
  10
-1776.5
  20
1524
  0
VERTEX
  5
a45
  8
Layer_0
  10
-1776.5
  20
1474
  0
SEQEND
  0
POLYLINE
  5
a47
  8
Layer_0
  62
0
  66
1
  10
0
  20
0
  30
0
  0
VERTEX
  5
a47
  8
Layer_0
  10
-1776.5
  20
1524
  0
VERTEX
  5
a48
  8
Layer_0
  10
-2276.5
  20
1524
  0
VERTEX
  5
a49
  8
Layer_0
  10
-2276.5
  20
1574
  0
VERTEX
  5
a4a
  8
Layer_0
  10
-1776.5
  20
1574
  0
VERTEX
  5
a4b
  8
Layer_0
  10
-1776.5
  20
1524
  0
SEQEND
  0
POLYLINE
  5
a4d
  8
Layer_0
  62
0
  66
1
  10
0
  20
0
  30
0
  0
VERTEX
  5
a4d
  8
Layer_0
  10
-1776.5
  20
1574
  0
VERTEX
  5
a4e
  8
Layer_0
  10
-2276.5
  20
1574
  0
VERTEX
  5
a4f
  8
Layer_0
  10
-2276.5
  20
1624
  0
VERTEX
  5
a50
  8
Layer_0
  10
-1776.5
  20
1624
  0
VERTEX
  5
a51
  8
Layer_0
  10
-1776.5
  20
1574
  0
SEQEND
  0
CIRCLE
  5
a53
  8
Layer_1
  62
1
  10
-928.39087
  20
609.35394
  30
0
  40
5.9575233
  0
CIRCLE
  5
a53
  8
Layer_1
  62
1
  10
-276.39087
  20
607.35394
  30
0
  40
5.9575233
  0
CIRCLE
  5
a53
  8
Layer_1
  62
1
  10
-1568.3909
  20
606.35394
  30
0
  40
5.9575233
  0
CIRCLE
  5
a53
  8
Layer_0
  62
0
  10
-383.39087
  20
890.35394
  30
0
  40
5.0000029
  0
CIRCLE
  5
a53
  8
Layer_0
  62
0
  10
-419.86646
  20
875.04126
  30
0
  40
5.0000029
  0
CIRCLE
  5
a53
  8
Layer_0
  62
0
  10
-456.82593
  20
860.47064
  30
0
  40
5.0000029
  0
CIRCLE
  5
a53
  8
Layer_0
  62
0
  10
-493.94727
  20
846.35846
  30
0
  40
5.0000029
  0
CIRCLE
  5
a53
  8
Layer_0
  62
0
  10
-530.68115
  20
833.23566
  30
0
  40
5.0000029
  0
CIRCLE
  5
a53
  8
Layer_0
  62
0
  10
-567.61401
  20
820.6488
  30
0
  40
5.0000029
  0
CIRCLE
  5
a53
  8
Layer_0
  62
0
  10
-604.60913
  20
809.17249
  30
0
  40
5.0000029
  0
CIRCLE
  5
a53
  8
Layer_0
  62
0
  10
-641.8833
  20
797.96674
  30
0
  40
5.0000029
  0
CIRCLE
  5
a53
  8
Layer_0
  62
0
  10
-679.58325
  20
787.71503
  30
0
  40
5.0000029
  0
CIRCLE
  5
a53
  8
Layer_0
  62
0
  10
-717.65698
  20
778.83704
  30
0
  40
5.0000029
  0
CIRCLE
  5
a53
  8
Layer_0
  62
0
  10
-754.50952
  20
770.26105
  30
0
  40
5.0000029
  0
CIRCLE
  5
a53
  8
Layer_0
  62
0
  10
-792.17456
  20
762.40045
  30
0
  40
5.0000029
  0
CIRCLE
  5
a53
  8
Layer_0
  62
0
  10
-829.49878
  20
755.5835
  30
0
  40
5.0000029
  0
CIRCLE
  5
a53
  8
Layer_0
  62
0
  10
-867.38281
  20
748.61444
  30
0
  40
5.0000029
  0
CIRCLE
  5
a53
  8
Layer_0
  62
0
  10
-904.85205
  20
743.1637
  30
0
  40
5.0000029
  0
CIRCLE
  5
a53
  8
Layer_0
  62
0
  10
-942.57617
  20
738.96381
  30
0
  40
5.0000029
  0
CIRCLE
  5
a53
  8
Layer_0
  62
0
  10
-980.25659
  20
735.59692
  30
0
  40
5.0000029
  0
CIRCLE
  5
a53
  8
Layer_0
  62
0
  10
-1017.7031
  20
732.84442
  30
0
  40
5.0000029
  0
CIRCLE
  5
a53
  8
Layer_0
  62
0
  10
-1055.2456
  20
730.83942
  30
0
  40
5.0000029
  0
CIRCLE
  5
a53
  8
Layer_0
  62
0
  10
-1092.3372
  20
729.4444
  30
0
  40
5.0000029
  0
CIRCLE
  5
a53
  8
Layer_0
  62
0
  10
-1129.7627
  20
728.84418
  30
0
  40
5.0000029
  0
CIRCLE
  5
a53
  8
Layer_0
  62
0
  10
-1167.3552
  20
729.41125
  30
0
  40
5.0000029
  0
CIRCLE
  5
a53
  8
Layer_0
  62
0
  10
-1204.7756
  20
731.13947
  30
0
  40
5.0000029
  0
CIRCLE
  5
a53
  8
Layer_0
  62
0
  10
-1241.5759
  20
734.05499
  30
0
  40
5.0000029
  0
CIRCLE
  5
a53
  8
Layer_0
  62
0
  10
-1278.8274
  20
738.52203
  30
0
  40
5.0000029
  0
CIRCLE
  5
a53
  8
Layer_0
  62
0
  10
-1315.77
  20
744.80902
  30
0
  40
5.0000029
  0
CIRCLE
  5
a53
  8
Layer_0
  62
0
  10
-1352.6213
  20
753.34106
  30
0
  40
5.0000029
  0
CIRCLE
  5
a53
  8
Layer_0
  62
0
  10
-1390.3909
  20
763.35394
  30
0
  40
5.0000029
  0
CIRCLE
  5
a53
  8
Layer_0
  62
0
  10
-1426.1187
  20
777.24786
  30
0
  40
5.0000029
  0
CIRCLE
  5
a53
  8
Layer_0
  62
0
  10
-1465.7097
  20
792.6084
  30
0
  40
5.0000029
  0
CIRCLE
  5
a53
  8
Layer_1
  62
1
  10
-267.39087
  20
879.35394
  30
0
  40
6.499999
  0
POLYLINE
  5
a53
  8
Layer_1
  62
1
  66
1
  10
0
  20
0
  30
0
  0
VERTEX
  5
a53
  8
Layer_1
  10
-280.99201
  20
971.90946
  0
VERTEX
  5
a54
  8
Layer_1
  10
-282.37074
  20
971.58692
  0
VERTEX
  5
a55
  8
Layer_1
  10
-283.81336
  20
971.20765
  0
VERTEX
  5
a56
  8
Layer_1
  10
-284.56983
  20
970.99223
  0
VERTEX
  5
a57
  8
Layer_1
  10
-285.35572
  20
970.75721
  0
VERTEX
  5
a58
  8
Layer_1
  10
-286.17551
  20
970.50078
  0
VERTEX
  5
a59
  8
Layer_1
  10
-287.03368
  20
970.22115
  0
VERTEX
  5
a5a
  8
Layer_1
  10
-287.93472
  20
969.91651
  0
VERTEX
  5
a5b
  8
Layer_1
  10
-288.88312
  20
969.58505
  0
VERTEX
  5
a5c
  8
Layer_1
  10
-289.88334
  20
969.22497
  0
VERTEX
  5
a5d
  8
Layer_1
  10
-290.93988
  20
968.83446
  0
VERTEX
  5
a5e
  8
Layer_1
  10
-292.05722
  20
968.41171
  0
VERTEX
  5
a5f
  8
Layer_1
  10
-293.23984
  20
967.95493
  0
VERTEX
  5
a60
  8
Layer_1
  10
-294.49222
  20
967.46231
  0
VERTEX
  5
a61
  8
Layer_1
  10
-295.81885
  20
966.93204
  0
VERTEX
  5
a62
  8
Layer_1
  10
-297.22422
  20
966.36232
  0
VERTEX
  5
a63
  8
Layer_1
  10
-298.71279
  20
965.75135
  0
VERTEX
  5
a64
  8
Layer_1
  10
-299.48968
  20
965.42982
  0
VERTEX
  5
a65
  8
Layer_1
  10
-300.28906
  20
965.09731
  0
VERTEX
  5
a66
  8
Layer_1
  10
-301.11148
  20
964.75358
  0
VERTEX
  5
a67
  8
Layer_1
  10
-301.95751
  20
964.3984
  0
VERTEX
  5
a68
  8
Layer_1
  10
-302.8277
  20
964.03156
  0
VERTEX
  5
a69
  8
Layer_1
  10
-303.72262
  20
963.65282
  0
VERTEX
  5
a6a
  8
Layer_1
  10
-304.64282
  20
963.26197
  0
VERTEX
  5
a6b
  8
Layer_1
  10
-305.58887
  20
962.85877
  0
VERTEX
  5
a6c
  8
Layer_1
  10
-306.56132
  20
962.443
  0
VERTEX
  5
a6d
  8
Layer_1
  10
-307.56075
  20
962.01443
  0
VERTEX
  5
a6e
  8
Layer_1
  10
-308.5877
  20
961.57285
  0
VERTEX
  5
a6f
  8
Layer_1
  10
-309.64274
  20
961.11801
  0
VERTEX
  5
a70
  8
Layer_1
  10
-310.72642
  20
960.6497
  0
VERTEX
  5
a71
  8
Layer_1
  10
-311.83932
  20
960.1677
  0
VERTEX
  5
a72
  8
Layer_1
  10
-312.98198
  20
959.67177
  0
VERTEX
  5
a73
  8
Layer_1
  10
-314.15498
  20
959.16169
  0
VERTEX
  5
a74
  8
Layer_1
  10
-315.35886
  20
958.63723
  0
VERTEX
  5
a75
  8
Layer_1
  10
-316.59419
  20
958.09817
  0
VERTEX
  5
a76
  8
Layer_1
  10
-317.86153
  20
957.54429
  0
VERTEX
  5
a77
  8
Layer_1
  10
-319.16145
  20
956.97535
  0
VERTEX
  5
a78
  8
Layer_1
  10
-320.49449
  20
956.39114
  0
VERTEX
  5
a79
  8
Layer_1
  10
-321.86123
  20
955.79142
  0
VERTEX
  5
a7a
  8
Layer_1
  10
-323.26222
  20
955.17598
  0
VERTEX
  5
a7b
  8
Layer_1
  10
-324.69802
  20
954.54458
  0
VERTEX
  5
a7c
  8
Layer_1
  10
-326.16919
  20
953.897
  0
VERTEX
  5
a7d
  8
Layer_1
  10
-327.67629
  20
953.23301
  0
VERTEX
  5
a7e
  8
Layer_1
  10
-329.21989
  20
952.55239
  0
VERTEX
  5
a7f
  8
Layer_1
  10
-330.80054
  20
951.85492
  0
VERTEX
  5
a80
  8
Layer_1
  10
-334.18131
  20
950.36298
  0
VERTEX
  5
a81
  8
Layer_1
  10
-337.49198
  20
948.90275
  0
VERTEX
  5
a82
  8
Layer_1
  10
-340.734
  20
947.47363
  0
VERTEX
  5
a83
  8
Layer_1
  10
-343.90881
  20
946.07501
  0
VERTEX
  5
a84
  8
Layer_1
  10
-347.01784
  20
944.70628
  0
VERTEX
  5
a85
  8
Layer_1
  10
-350.06256
  20
943.36684
  0
VERTEX
  5
a86
  8
Layer_1
  10
-353.04439
  20
942.05607
  0
VERTEX
  5
a87
  8
Layer_1
  10
-355.96479
  20
940.77338
  0
VERTEX
  5
a88
  8
Layer_1
  10
-358.82519
  20
939.51815
  0
VERTEX
  5
a89
  8
Layer_1
  10
-361.62705
  20
938.28978
  0
VERTEX
  5
a8a
  8
Layer_1
  10
-364.3718
  20
937.08766
  0
VERTEX
  5
a8b
  8
Layer_1
  10
-367.06088
  20
935.91119
  0
VERTEX
  5
a8c
  8
Layer_1
  10
-369.69575
  20
934.75975
  0
VERTEX
  5
a8d
  8
Layer_1
  10
-372.27784
  20
933.63275
  0
VERTEX
  5
a8e
  8
Layer_1
  10
-374.80859
  20
932.52957
  0
VERTEX
  5
a8f
  8
Layer_1
  10
-377.28946
  20
931.4496
  0
VERTEX
  5
a90
  8
Layer_1
  10
-379.72189
  20
930.39225
  0
VERTEX
  5
a91
  8
Layer_1
  10
-382.10731
  20
929.3569
  0
VERTEX
  5
a92
  8
Layer_1
  10
-384.44717
  20
928.34294
  0
VERTEX
  5
a93
  8
Layer_1
  10
-386.74292
  20
927.34978
  0
VERTEX
  5
a94
  8
Layer_1
  10
-388.996
  20
926.3768
  0
VERTEX
  5
a95
  8
Layer_1
  10
-391.20785
  20
925.42339
  0
VERTEX
  5
a96
  8
Layer_1
  10
-393.37992
  20
924.48895
  0
VERTEX
  5
a97
  8
Layer_1
  10
-395.51364
  20
923.57288
  0
VERTEX
  5
a98
  8
Layer_1
  10
-397.61047
  20
922.67456
  0
VERTEX
  5
a99
  8
Layer_1
  10
-399.67185
  20
921.79339
  0
VERTEX
  5
a9a
  8
Layer_1
  10
-401.69921
  20
920.92876
  0
VERTEX
  5
a9b
  8
Layer_1
  10
-403.69401
  20
920.08007
  0
VERTEX
  5
a9c
  8
Layer_1
  10
-405.65769
  20
919.2467
  0
VERTEX
  5
a9d
  8
Layer_1
  10
-407.59169
  20
918.42806
  0
VERTEX
  5
a9e
  8
Layer_1
  10
-409.49745
  20
917.62353
  0
VERTEX
  5
a9f
  8
Layer_1
  10
-411.37642
  20
916.8325
  0
VERTEX
  5
aa0
  8
Layer_1
  10
-413.23004
  20
916.05438
  0
VERTEX
  5
aa1
  8
Layer_1
  10
-415.05975
  20
915.28855
  0
VERTEX
  5
aa2
  8
Layer_1
  10
-416.867
  20
914.53441
  0
VERTEX
  5
aa3
  8
Layer_1
  10
-418.65324
  20
913.79135
  0
VERTEX
  5
aa4
  8
Layer_1
  10
-422.16843
  20
912.33604
  0
VERTEX
  5
aa5
  8
Layer_1
  10
-425.61687
  20
910.91777
  0
VERTEX
  5
aa6
  8
Layer_1
  10
-429.0101
  20
909.53168
  0
VERTEX
  5
aa7
  8
Layer_1
  10
-432.35969
  20
908.17293
  0
VERTEX
  5
aa8
  8
Layer_1
  10
-435.67716
  20
906.83664
  0
VERTEX
  5
aa9
  8
Layer_1
  10
-438.97408
  20
905.51798
  0
VERTEX
  5
aaa
  8
Layer_1
  10
-445.55244
  20
902.91408
  0
VERTEX
  5
aab
  8
Layer_1
  10
-452.18714
  20
900.32241
  0
VERTEX
  5
aac
  8
Layer_1
  10
-455.55449
  20
899.01902
  0
VERTEX
  5
aad
  8
Layer_1
  10
-458.97058
  20
897.70412
  0
VERTEX
  5
aae
  8
Layer_1
  10
-462.44694
  20
896.37286
  0
VERTEX
  5
aaf
  8
Layer_1
  10
-465.99514
  20
895.02037
  42
-8.3969756e-05
  0
VERTEX
  5
ab0
  8
Layer_1
  10
-500.55615
  20
881.88342
  0
VERTEX
  5
ab1
  8
Layer_1
  10
-501.7194
  20
881.44364
  0
VERTEX
  5
ab2
  8
Layer_1
  10
-502.95435
  20
880.98091
  0
VERTEX
  5
ab3
  8
Layer_1
  10
-504.25828
  20
880.49617
  0
VERTEX
  5
ab4
  8
Layer_1
  10
-505.62847
  20
879.99035
  0
VERTEX
  5
ab5
  8
Layer_1
  10
-507.0622
  20
879.46437
  0
VERTEX
  5
ab6
  8
Layer_1
  10
-508.55674
  20
878.91916
  0
VERTEX
  5
ab7
  8
Layer_1
  10
-510.10936
  20
878.35565
  0
VERTEX
  5
ab8
  8
Layer_1
  10
-511.71734
  20
877.77476
  0
VERTEX
  5
ab9
  8
Layer_1
  10
-513.37796
  20
877.17742
  0
VERTEX
  5
aba
  8
Layer_1
  10
-515.08849
  20
876.56454
  0
VERTEX
  5
abb
  8
Layer_1
  10
-516.8462
  20
875.93707
  0
VERTEX
  5
abc
  8
Layer_1
  10
-518.64837
  20
875.29592
  0
VERTEX
  5
abd
  8
Layer_1
  10
-520.49227
  20
874.64201
  0
VERTEX
  5
abe
  8
Layer_1
  10
-522.37519
  20
873.97628
  0
VERTEX
  5
abf
  8
Layer_1
  10
-524.29438
  20
873.29965
  0
VERTEX
  5
ac0
  8
Layer_1
  10
-526.24714
  20
872.61305
  0
VERTEX
  5
ac1
  8
Layer_1
  10
-528.23073
  20
871.91739
  0
VERTEX
  5
ac2
  8
Layer_1
  10
-530.24243
  20
871.21361
  0
VERTEX
  5
ac3
  8
Layer_1
  10
-532.27951
  20
870.50263
  0
VERTEX
  5
ac4
  8
Layer_1
  10
-534.33925
  20
869.78538
  0
VERTEX
  5
ac5
  8
Layer_1
  10
-538.51581
  20
868.33575
  0
VERTEX
  5
ac6
  8
Layer_1
  10
-542.7503
  20
866.87214
  0
VERTEX
  5
ac7
  8
Layer_1
  10
-551.30587
  20
863.93256
  0
VERTEX
  5
ac8
  8
Layer_1
  10
-559.83157
  20
861.02586
  0
VERTEX
  5
ac9
  8
Layer_1
  10
-564.02871
  20
859.60335
  0
VERTEX
  5
aca
  8
Layer_1
  10
-568.15299
  20
858.21127
  0
VERTEX
  5
acb
  8
Layer_1
  10
-570.18098
  20
857.52896
  0
VERTEX
  5
acc
  8
Layer_1
  10
-572.18259
  20
856.85703
  0
VERTEX
  5
acd
  8
Layer_1
  10
-574.15507
  20
856.19642
  0
VERTEX
  5
ace
  8
Layer_1
  10
-576.09571
  20
855.54803
  0
VERTEX
  5
acf
  8
Layer_1
  10
-578.00179
  20
854.91281
  0
VERTEX
  5
ad0
  8
Layer_1
  10
-579.87057
  20
854.29167
  0
VERTEX
  5
ad1
  8
Layer_1
  10
-581.69933
  20
853.68555
  0
VERTEX
  5
ad2
  8
Layer_1
  10
-583.48535
  20
853.09536
  0
VERTEX
  5
ad3
  8
Layer_1
  10
-585.22589
  20
852.52204
  0
VERTEX
  5
ad4
  8
Layer_1
  10
-586.91825
  20
851.9665
  0
VERTEX
  5
ad5
  8
Layer_1
  10
-588.55968
  20
851.42967
  0
VERTEX
  5
ad6
  8
Layer_1
  10
-590.14748
  20
850.91249
  0
VERTEX
  5
ad7
  8
Layer_1
  10
-591.6789
  20
850.41587
  0
VERTEX
  5
ad8
  8
Layer_1
  10
-593.15123
  20
849.94074
  0
VERTEX
  5
ad9
  8
Layer_1
  10
-594.56174
  20
849.48802
  0
VERTEX
  5
ada
  8
Layer_1
  10
-595.9077
  20
849.05864
  0
VERTEX
  5
adb
  8
Layer_1
  10
-597.1864
  20
848.65353
  0
VERTEX
  5
adc
  8
Layer_1
  10
-598.3951
  20
848.27362
  0
VERTEX
  5
add
  8
Layer_1
  10
-599.53108
  20
847.91981
  0
VERTEX
  5
ade
  8
Layer_1
  10
-600.59161
  20
847.59305
  0
VERTEX
  5
adf
  8
Layer_1
  10
-601.57398
  20
847.29426
  0
VERTEX
  5
ae0
  8
Layer_1
  10
-602.47545
  20
847.02436
  0
VERTEX
  5
ae1
  8
Layer_1
  10
-603.2933
  20
846.78428
  0
VERTEX
  5
ae2
  8
Layer_1
  10
-604.02481
  20
846.57495
  0
VERTEX
  5
ae3
  8
Layer_1
  10
-604.66724
  20
846.39728
  0
VERTEX
  5
ae4
  8
Layer_1
  10
-605.21788
  20
846.25221
  0
VERTEX
  5
ae5
  8
Layer_1
  10
-605.45793
  20
846.19219
  0
VERTEX
  5
ae6
  8
Layer_1
  10
-605.674
  20
846.14066
  0
VERTEX
  5
ae7
  8
Layer_1
  10
-605.86576
  20
846.09774
  0
VERTEX
  5
ae8
  8
Layer_1
  10
-606.03287
  20
846.06356
  0
VERTEX
  5
ae9
  8
Layer_1
  10
-606.25826
  20
846.01757
  0
VERTEX
  5
aea
  8
Layer_1
  10
-606.52065
  20
845.95938
  0
VERTEX
  5
aeb
  8
Layer_1
  10
-606.81881
  20
845.88934
  0
VERTEX
  5
aec
  8
Layer_1
  10
-607.15149
  20
845.80783
  0
VERTEX
  5
aed
  8
Layer_1
  10
-607.51745
  20
845.71521
  0
VERTEX
  5
aee
  8
Layer_1
  10
-607.91545
  20
845.61184
  0
VERTEX
  5
aef
  8
Layer_1
  10
-608.34425
  20
845.4981
  0
VERTEX
  5
af0
  8
Layer_1
  10
-608.80259
  20
845.37435
  0
VERTEX
  5
af1
  8
Layer_1
  10
-609.28924
  20
845.24094
  0
VERTEX
  5
af2
  8
Layer_1
  10
-609.80296
  20
845.09826
  0
VERTEX
  5
af3
  8
Layer_1
  10
-610.3425
  20
844.94667
  0
VERTEX
  5
af4
  8
Layer_1
  10
-610.90661
  20
844.78652
  0
VERTEX
  5
af5
  8
Layer_1
  10
-612.10359
  20
844.44206
  0
VERTEX
  5
af6
  8
Layer_1
  10
-613.38395
  20
844.06779
  0
VERTEX
  5
af7
  8
Layer_1
  10
-614.73776
  20
843.66665
  0
VERTEX
  5
af8
  8
Layer_1
  10
-616.15506
  20
843.24157
  0
VERTEX
  5
af9
  8
Layer_1
  10
-617.6259
  20
842.79548
  0
VERTEX
  5
afa
  8
Layer_1
  10
-619.14033
  20
842.3313
  0
VERTEX
  5
afb
  8
Layer_1
  10
-622.26021
  20
841.3604
  0
VERTEX
  5
afc
  8
Layer_1
  10
-625.43511
  20
840.35228
  0
VERTEX
  5
afd
  8
Layer_1
  10
-626.25326
  20
840.09123
  0
VERTEX
  5
afe
  8
Layer_1
  10
-627.10832
  20
839.82114
  0
VERTEX
  5
aff
  8
Layer_1
  10
-627.99897
  20
839.54239
  0
VERTEX
  5
b00
  8
Layer_1
  10
-628.92386
  20
839.25535
  0
VERTEX
  5
b01
  8
Layer_1
  10
-629.88167
  20
838.96038
  0
VERTEX
  5
b02
  8
Layer_1
  10
-630.87107
  20
838.65784
  0
VERTEX
  5
b03
  8
Layer_1
  10
-631.89073
  20
838.34812
  0
VERTEX
  5
b04
  8
Layer_1
  10
-632.9393
  20
838.03156
  0
VERTEX
  5
b05
  8
Layer_1
  10
-634.01547
  20
837.70855
  0
VERTEX
  5
b06
  8
Layer_1
  10
-635.1179
  20
837.37944
  0
VERTEX
  5
b07
  8
Layer_1
  10
-636.24526
  20
837.0446
  0
VERTEX
  5
b08
  8
Layer_1
  10
-637.39622
  20
836.70439
  0
VERTEX
  5
b09
  8
Layer_1
  10
-639.76361
  20
836.00937
  0
VERTEX
  5
b0a
  8
Layer_1
  10
-642.20941
  20
835.2973
  0
VERTEX
  5
b0b
  8
Layer_1
  10
-644.72298
  20
834.57112
  0
VERTEX
  5
b0c
  8
Layer_1
  10
-647.29366
  20
833.83375
  0
VERTEX
  5
b0d
  8
Layer_1
  10
-649.9108
  20
833.08813
  0
VERTEX
  5
b0e
  8
Layer_1
  10
-652.56376
  20
832.3372
  0
VERTEX
  5
b0f
  8
Layer_1
  10
-657.9345
  20
830.83111
  0
VERTEX
  5
b10
  8
Layer_1
  10
-663.32068
  20
829.33895
  0
VERTEX
  5
b11
  8
Layer_1
  10
-665.99293
  20
828.60542
  0
VERTEX
  5
b12
  8
Layer_1
  10
-668.63709
  20
827.88417
  0
VERTEX
  5
b13
  8
Layer_1
  10
-671.2425
  20
827.17814
  0
VERTEX
  5
b14
  8
Layer_1
  10
-673.79852
  20
826.49025
  0
VERTEX
  5
b15
  8
Layer_1
  10
-676.29449
  20
825.82344
  0
VERTEX
  5
b16
  8
Layer_1
  10
-678.71976
  20
825.18064
  0
VERTEX
  5
b17
  8
Layer_1
  10
-681.06368
  20
824.56478
  0
VERTEX
  5
b18
  8
Layer_1
  10
-683.31559
  20
823.9788
  0
VERTEX
  5
b19
  8
Layer_1
  10
-684.40372
  20
823.69793
  0
VERTEX
  5
b1a
  8
Layer_1
  10
-685.46486
  20
823.42562
  0
VERTEX
  5
b1b
  8
Layer_1
  10
-686.49767
  20
823.16226
  0
VERTEX
  5
b1c
  8
Layer_1
  10
-687.50083
  20
822.90819
  0
VERTEX
  5
b1d
  8
Layer_1
  10
-688.47299
  20
822.6638
  0
VERTEX
  5
b1e
  8
Layer_1
  10
-689.41284
  20
822.42944
  0
VERTEX
  5
b1f
  8
Layer_1
  10
-690.31903
  20
822.20548
  0
VERTEX
  5
b20
  8
Layer_1
  10
-691.19024
  20
821.99229
  0
VERTEX
  5
b21
  8
Layer_1
  10
-692.02514
  20
821.79023
  0
VERTEX
  5
b22
  8
Layer_1
  10
-692.82239
  20
821.59968
  0
VERTEX
  5
b23
  8
Layer_1
  10
-693.58067
  20
821.42099
  0
VERTEX
  5
b24
  8
Layer_1
  10
-694.29864
  20
821.25454
  0
VERTEX
  5
b25
  8
Layer_1
  10
-694.97496
  20
821.10069
  0
VERTEX
  5
b26
  8
Layer_1
  10
-695.60832
  20
820.95981
  0
VERTEX
  5
b27
  8
Layer_1
  10
-696.19738
  20
820.83226
  0
VERTEX
  5
b28
  8
Layer_1
  10
-696.7408
  20
820.71842
  0
VERTEX
  5
b29
  8
Layer_1
  10
-697.15604
  20
820.63143
  0
VERTEX
  5
b2a
  8
Layer_1
  10
-697.66603
  20
820.52168
  0
VERTEX
  5
b2b
  8
Layer_1
  10
-698.26784
  20
820.38987
  0
VERTEX
  5
b2c
  8
Layer_1
  10
-698.95853
  20
820.23666
  0
VERTEX
  5
b2d
  8
Layer_1
  10
-699.73517
  20
820.06276
  0
VERTEX
  5
b2e
  8
Layer_1
  10
-700.59484
  20
819.86883
  0
VERTEX
  5
b2f
  8
Layer_1
  10
-701.5346
  20
819.65557
  0
VERTEX
  5
b30
  8
Layer_1
  10
-702.55151
  20
819.42366
  0
VERTEX
  5
b31
  8
Layer_1
  10
-703.64266
  20
819.17378
  0
VERTEX
  5
b32
  8
Layer_1
  10
-704.8051
  20
818.90662
  0
VERTEX
  5
b33
  8
Layer_1
  10
-706.0359
  20
818.62286
  0
VERTEX
  5
b34
  8
Layer_1
  10
-707.33214
  20
818.32318
  0
VERTEX
  5
b35
  8
Layer_1
  10
-708.69088
  20
818.00828
  0
VERTEX
  5
b36
  8
Layer_1
  10
-710.10919
  20
817.67883
  0
VERTEX
  5
b37
  8
Layer_1
  10
-711.58414
  20
817.33552
  0
VERTEX
  5
b38
  8
Layer_1
  10
-713.11279
  20
816.97904
  0
VERTEX
  5
b39
  8
Layer_1
  10
-714.69222
  20
816.61006
  0
VERTEX
  5
b3a
  8
Layer_1
  10
-716.3195
  20
816.22927
  0
VERTEX
  5
b3b
  8
Layer_1
  10
-717.99169
  20
815.83736
  0
VERTEX
  5
b3c
  8
Layer_1
  10
-719.70585
  20
815.43501
  0
VERTEX
  5
b3d
  8
Layer_1
  10
-721.45907
  20
815.0229
  0
VERTEX
  5
b3e
  8
Layer_1
  10
-723.24841
  20
814.60173
  0
VERTEX
  5
b3f
  8
Layer_1
  10
-725.07093
  20
814.17216
  0
VERTEX
  5
b40
  8
Layer_1
  10
-726.92371
  20
813.73489
  0
VERTEX
  5
b41
  8
Layer_1
  10
-730.7083
  20
812.83999
  0
VERTEX
  5
b42
  8
Layer_1
  10
-734.57874
  20
811.92248
  0
VERTEX
  5
b43
  8
Layer_1
  10
-738.51156
  20
810.98785
  0
VERTEX
  5
b44
  8
Layer_1
  10
-742.48333
  20
810.04156
  0
VERTEX
  5
b45
  8
Layer_1
  10
-744.50983
  20
809.56102
  0
VERTEX
  5
b46
  8
Layer_1
  10
-746.60275
  20
809.07036
  0
VERTEX
  5
b47
  8
Layer_1
  10
-748.75734
  20
808.57055
  0
VERTEX
  5
b48
  8
Layer_1
  10
-750.96883
  20
808.0626
  0
VERTEX
  5
b49
  8
Layer_1
  10
-753.23248
  20
807.5475
  0
VERTEX
  5
b4a
  8
Layer_1
  10
-755.54352
  20
807.02623
  0
VERTEX
  5
b4b
  8
Layer_1
  10
-757.89721
  20
806.49979
  0
VERTEX
  5
b4c
  8
Layer_1
  10
-760.28878
  20
805.96918
  0
VERTEX
  5
b4d
  8
Layer_1
  10
-765.16656
  20
804.89939
  0
VERTEX
  5
b4e
  8
Layer_1
  10
-770.13881
  20
803.8248
  0
VERTEX
  5
b4f
  8
Layer_1
  10
-775.1675
  20
802.75334
  0
VERTEX
  5
b50
  8
Layer_1
  10
-780.21457
  20
801.69295
  0
VERTEX
  5
b51
  8
Layer_1
  10
-785.242
  20
800.65157
  0
VERTEX
  5
b52
  8
Layer_1
  10
-790.21172
  20
799.63713
  0
VERTEX
  5
b53
  8
Layer_1
  10
-792.66305
  20
799.1425
  0
VERTEX
  5
b54
  8
Layer_1
  10
-795.08569
  20
798.65758
  0
VERTEX
  5
b55
  8
Layer_1
  10
-797.47489
  20
798.18336
  0
VERTEX
  5
b56
  8
Layer_1
  10
-799.82588
  20
797.72084
  0
VERTEX
  5
b57
  8
Layer_1
  10
-802.13392
  20
797.271
  0
VERTEX
  5
b58
  8
Layer_1
  10
-804.39424
  20
796.83485
  0
VERTEX
  5
b59
  8
Layer_1
  10
-806.6021
  20
796.41337
  0
VERTEX
  5
b5a
  8
Layer_1
  10
-808.75272
  20
796.00756
  0
VERTEX
  5
b5b
  8
Layer_1
  10
-810.84137
  20
795.6184
  0
VERTEX
  5
b5c
  8
Layer_1
  10
-812.86328
  20
795.2469
  0
VERTEX
  5
b5d
  8
Layer_1
  10
-814.81371
  20
794.89403
  0
VERTEX
  5
b5e
  8
Layer_1
  10
-816.68788
  20
794.5608
  0
VERTEX
  5
b5f
  8
Layer_1
  10
-824.04212
  20
793.26084
  0
VERTEX
  5
b60
  8
Layer_1
  10
-831.30405
  20
791.9683
  0
VERTEX
  5
b61
  8
Layer_1
  10
-834.84176
  20
791.33543
  0
VERTEX
  5
b62
  8
Layer_1
  10
-838.28604
  20
790.71717
  0
VERTEX
  5
b63
  8
Layer_1
  10
-839.96581
  20
790.41484
  0
VERTEX
  5
b64
  8
Layer_1
  10
-841.61343
  20
790.11775
  0
VERTEX
  5
b65
  8
Layer_1
  10
-843.22596
  20
789.82644
  0
VERTEX
  5
b66
  8
Layer_1
  10
-844.80048
  20
789.54144
  0
VERTEX
  5
b67
  8
Layer_1
  10
-846.33405
  20
789.26328
  0
VERTEX
  5
b68
  8
Layer_1
  10
-847.82374
  20
788.99248
  0
VERTEX
  5
b69
  8
Layer_1
  10
-849.26662
  20
788.72958
  0
VERTEX
  5
b6a
  8
Layer_1
  10
-850.65975
  20
788.47512
  0
VERTEX
  5
b6b
  8
Layer_1
  10
-852.00021
  20
788.22961
  0
VERTEX
  5
b6c
  8
Layer_1
  10
-853.28507
  20
787.99361
  0
VERTEX
  5
b6d
  8
Layer_1
  10
-854.51139
  20
787.76762
  0
VERTEX
  5
b6e
  8
Layer_1
  10
-855.67624
  20
787.55219
  0
VERTEX
  5
b6f
  8
Layer_1
  10
-856.77669
  20
787.34785
  0
VERTEX
  5
b70
  8
Layer_1
  10
-857.80981
  20
787.15513
  0
VERTEX
  5
b71
  8
Layer_1
  10
-858.77267
  20
786.97455
  0
VERTEX
  5
b72
  8
Layer_1
  10
-859.66233
  20
786.80666
  0
VERTEX
  5
b73
  8
Layer_1
  10
-860.47587
  20
786.65198
  0
VERTEX
  5
b74
  8
Layer_1
  10
-861.21035
  20
786.51104
  0
VERTEX
  5
b75
  8
Layer_1
  10
-861.86284
  20
786.38437
  0
VERTEX
  5
b76
  8
Layer_1
  10
-862.43041
  20
786.27251
  0
VERTEX
  5
b77
  8
Layer_1
  10
-863.98497
  20
785.96664
  0
VERTEX
  5
b78
  8
Layer_1
  10
-865.56917
  20
785.66169
  0
VERTEX
  5
b79
  8
Layer_1
  10
-867.18259
  20
785.35768
  0
VERTEX
  5
b7a
  8
Layer_1
  10
-868.82484
  20
785.05465
  0
VERTEX
  5
b7b
  8
Layer_1
  10
-870.49549
  20
784.75261
  0
VERTEX
  5
b7c
  8
Layer_1
  10
-872.19415
  20
784.45162
  0
VERTEX
  5
b7d
  8
Layer_1
  10
-873.9204
  20
784.15168
  0
VERTEX
  5
b7e
  8
Layer_1
  10
-875.67383
  20
783.85284
  0
VERTEX
  5
b7f
  8
Layer_1
  10
-877.45404
  20
783.55512
  0
VERTEX
  5
b80
  8
Layer_1
  10
-879.26062
  20
783.25854
  0
VERTEX
  5
b81
  8
Layer_1
  10
-881.09315
  20
782.96315
  0
VERTEX
  5
b82
  8
Layer_1
  10
-882.95123
  20
782.66897
  0
VERTEX
  5
b83
  8
Layer_1
  10
-886.7424
  20
782.08436
  0
VERTEX
  5
b84
  8
Layer_1
  10
-890.63086
  20
781.50494
  0
VERTEX
  5
b85
  8
Layer_1
  10
-894.61333
  20
780.93095
  0
VERTEX
  5
b86
  8
Layer_1
  10
-898.68654
  20
780.36262
  0
VERTEX
  5
b87
  8
Layer_1
  10
-902.84723
  20
779.8002
  0
VERTEX
  5
b88
  8
Layer_1
  10
-907.09211
  20
779.24391
  0
VERTEX
  5
b89
  8
Layer_1
  10
-911.41793
  20
778.694
  0
VERTEX
  5
b8a
  8
Layer_1
  10
-915.8214
  20
778.15069
  0
VERTEX
  5
b8b
  8
Layer_1
  10
-920.29925
  20
777.61423
  0
VERTEX
  5
b8c
  8
Layer_1
  10
-924.84822
  20
777.08485
  0
VERTEX
  5
b8d
  8
Layer_1
  10
-929.46503
  20
776.56278
  0
VERTEX
  5
b8e
  8
Layer_1
  10
-934.14641
  20
776.04827
  0
VERTEX
  5
b8f
  8
Layer_1
  10
-938.8891
  20
775.54154
  0
VERTEX
  5
b90
  8
Layer_1
  10
-943.6898
  20
775.04284
  0
VERTEX
  5
b91
  8
Layer_1
  10
-948.54527
  20
774.5524
  0
VERTEX
  5
b92
  8
Layer_1
  10
-953.45222
  20
774.07046
  0
VERTEX
  5
b93
  8
Layer_1
  10
-958.40739
  20
773.59724
  0
VERTEX
  5
b94
  8
Layer_1
  10
-963.40749
  20
773.13299
  0
VERTEX
  5
b95
  8
Layer_1
  10
-968.44927
  20
772.67795
  0
VERTEX
  5
b96
  8
Layer_1
  10
-973.52944
  20
772.23234
  0
VERTEX
  5
b97
  8
Layer_1
  10
-978.64475
  20
771.79641
  0
VERTEX
  5
b98
  8
Layer_1
  10
-983.7919
  20
771.37039
  0
VERTEX
  5
b99
  8
Layer_1
  10
-994.1687
  20
770.54903
  0
VERTEX
  5
b9a
  8
Layer_1
  10
-1004.6337
  20
769.77014
  0
VERTEX
  5
b9b
  8
Layer_1
  10
-1015.1606
  20
769.03561
  0
VERTEX
  5
b9c
  8
Layer_1
  10
-1025.7234
  20
768.34732
  0
VERTEX
  5
b9d
  8
Layer_1
  10
-1036.2958
  20
767.70717
  0
VERTEX
  5
b9e
  8
Layer_1
  10
-1046.8517
  20
767.11704
  0
VERTEX
  5
b9f
  8
Layer_1
  10
-1057.365
  20
766.57882
  0
VERTEX
  5
ba0
  8
Layer_1
  10
-1067.8093
  20
766.09439
  0
VERTEX
  5
ba1
  8
Layer_1
  10
-1072.9975
  20
765.87294
  0
VERTEX
  5
ba2
  8
Layer_1
  10
-1078.1586
  20
765.66565
  0
VERTEX
  5
ba3
  8
Layer_1
  10
-1083.2895
  20
765.47274
  0
VERTEX
  5
ba4
  8
Layer_1
  10
-1088.3867
  20
765.29447
  0
VERTEX
  5
ba5
  8
Layer_1
  10
-1093.4471
  20
765.13105
  0
VERTEX
  5
ba6
  8
Layer_1
  10
-1098.4674
  20
764.98274
  0
VERTEX
  5
ba7
  8
Layer_1
  10
-1103.4444
  20
764.84977
  0
VERTEX
  5
ba8
  8
Layer_1
  10
-1108.3746
  20
764.73236
  0
VERTEX
  5
ba9
  8
Layer_1
  10
-1113.2549
  20
764.63076
  0
VERTEX
  5
baa
  8
Layer_1
  10
-1118.0821
  20
764.54521
  0
VERTEX
  5
bab
  8
Layer_1
  10
-1122.8527
  20
764.47593
  0
VERTEX
  5
bac
  8
Layer_1
  10
-1127.5636
  20
764.42317
  0
VERTEX
  5
bad
  8
Layer_1
  10
-1132.2115
  20
764.38716
  0
VERTEX
  5
bae
  8
Layer_1
  10
-1136.7931
  20
764.36813
  0
VERTEX
  5
baf
  8
Layer_1
  10
-1141.3051
  20
764.36633
  0
VERTEX
  5
bb0
  8
Layer_1
  10
-1145.7443
  20
764.38199
  0
VERTEX
  5
bb1
  8
Layer_1
  10
-1150.1074
  20
764.41534
  0
VERTEX
  5
bb2
  8
Layer_1
  10
-1154.3911
  20
764.46662
  0
VERTEX
  5
bb3
  8
Layer_1
  10
-1158.5922
  20
764.53606
  0
VERTEX
  5
bb4
  8
Layer_1
  10
-1162.7074
  20
764.62391
  0
VERTEX
  5
bb5
  8
Layer_1
  10
-1166.7494
  20
764.72592
  0
VERTEX
  5
bb6
  8
Layer_1
  10
-1170.7644
  20
764.83843
  0
VERTEX
  5
bb7
  8
Layer_1
  10
-1174.7526
  20
764.96149
  0
VERTEX
  5
bb8
  8
Layer_1
  10
-1178.7141
  20
765.09512
  0
VERTEX
  5
bb9
  8
Layer_1
  10
-1182.6493
  20
765.23935
  0
VERTEX
  5
bba
  8
Layer_1
  10
-1186.5583
  20
765.39421
  0
VERTEX
  5
bbb
  8
Layer_1
  10
-1190.4413
  20
765.55973
  0
VERTEX
  5
bbc
  8
Layer_1
  10
-1194.2985
  20
765.73593
  0
VERTEX
  5
bbd
  8
Layer_1
  10
-1198.1302
  20
765.92285
  0
VERTEX
  5
bbe
  8
Layer_1
  10
-1201.9365
  20
766.12051
  0
VERTEX
  5
bbf
  8
Layer_1
  10
-1205.7178
  20
766.32895
  0
VERTEX
  5
bc0
  8
Layer_1
  10
-1209.4741
  20
766.54819
  0
VERTEX
  5
bc1
  8
Layer_1
  10
-1213.2057
  20
766.77826
  0
VERTEX
  5
bc2
  8
Layer_1
  10
-1216.9129
  20
767.01919
  0
VERTEX
  5
bc3
  8
Layer_1
  10
-1220.5957
  20
767.27101
  0
VERTEX
  5
bc4
  8
Layer_1
  10
-1224.2546
  20
767.53375
  0
VERTEX
  5
bc5
  8
Layer_1
  10
-1227.8895
  20
767.80744
  0
VERTEX
  5
bc6
  8
Layer_1
  10
-1231.5009
  20
768.0921
  0
VERTEX
  5
bc7
  8
Layer_1
  10
-1235.0888
  20
768.38777
  0
VERTEX
  5
bc8
  8
Layer_1
  10
-1238.6535
  20
768.69447
  0
VERTEX
  5
bc9
  8
Layer_1
  10
-1242.1953
  20
769.01223
  0
VERTEX
  5
bca
  8
Layer_1
  10
-1245.7142
  20
769.34108
  0
VERTEX
  5
bcb
  8
Layer_1
  10
-1249.2106
  20
769.68106
  0
VERTEX
  5
bcc
  8
Layer_1
  10
-1252.6846
  20
770.03218
  0
VERTEX
  5
bcd
  8
Layer_1
  10
-1259.5665
  20
770.768
  0
VERTEX
  5
bce
  8
Layer_1
  10
-1266.3615
  20
771.54876
  0
VERTEX
  5
bcf
  8
Layer_1
  10
-1273.0714
  20
772.3747
  0
VERTEX
  5
bd0
  8
Layer_1
  10
-1279.6978
  20
773.24604
  0
VERTEX
  5
bd1
  8
Layer_1
  10
-1286.2425
  20
774.16303
  0
VERTEX
  5
bd2
  8
Layer_1
  10
-1292.7072
  20
775.12589
  0
VERTEX
  5
bd3
  8
Layer_1
  10
-1299.0935
  20
776.13485
  0
VERTEX
  5
bd4
  8
Layer_1
  10
-1305.4032
  20
777.19014
  0
VERTEX
  5
bd5
  8
Layer_1
  10
-1311.638
  20
778.292
  0
VERTEX
  5
bd6
  8
Layer_1
  10
-1317.7996
  20
779.44065
  0
VERTEX
  5
bd7
  8
Layer_1
  10
-1323.8896
  20
780.63634
  0
VERTEX
  5
bd8
  8
Layer_1
  10
-1329.9099
  20
781.87928
  0
VERTEX
  5
bd9
  8
Layer_1
  10
-1335.862
  20
783.16972
  0
VERTEX
  5
bda
  8
Layer_1
  10
-1341.7477
  20
784.50788
  0
VERTEX
  5
bdb
  8
Layer_1
  10
-1347.5688
  20
785.89399
  0
VERTEX
  5
bdc
  8
Layer_1
  10
-1353.3268
  20
787.32829
  0
VERTEX
  5
bdd
  8
Layer_1
  10
-1359.0236
  20
788.811
  0
VERTEX
  5
bde
  8
Layer_1
  10
-1364.6608
  20
790.34237
  0
VERTEX
  5
bdf
  8
Layer_1
  10
-1370.2401
  20
791.92261
  0
VERTEX
  5
be0
  8
Layer_1
  10
-1375.7633
  20
793.55196
  0
VERTEX
  5
be1
  8
Layer_1
  10
-1376.7915
  20
793.86306
  0
VERTEX
  5
be2
  8
Layer_1
  10
-1377.8539
  20
794.18764
  0
VERTEX
  5
be3
  8
Layer_1
  10
-1378.9489
  20
794.52522
  0
VERTEX
  5
be4
  8
Layer_1
  10
-1380.0754
  20
794.87535
  0
VERTEX
  5
be5
  8
Layer_1
  10
-1381.2319
  20
795.23755
  0
VERTEX
  5
be6
  8
Layer_1
  10
-1382.4172
  20
795.61134
  0
VERTEX
  5
be7
  8
Layer_1
  10
-1383.6298
  20
795.99627
  0
VERTEX
  5
be8
  8
Layer_1
  10
-1384.8684
  20
796.39187
  0
VERTEX
  5
be9
  8
Layer_1
  10
-1387.4185
  20
797.21316
  0
VERTEX
  5
bea
  8
Layer_1
  10
-1390.0566
  20
798.07148
  0
VERTEX
  5
beb
  8
Layer_1
  10
-1392.7721
  20
798.96307
  0
VERTEX
  5
bec
  8
Layer_1
  10
-1395.5541
  20
799.88418
  0
VERTEX
  5
bed
  8
Layer_1
  10
-1398.3921
  20
800.83105
  0
VERTEX
  5
bee
  8
Layer_1
  10
-1401.2753
  20
801.79993
  0
VERTEX
  5
bef
  8
Layer_1
  10
-1404.1929
  20
802.78706
  0
VERTEX
  5
bf0
  8
Layer_1
  10
-1407.1342
  20
803.7887
  0
VERTEX
  5
bf1
  8
Layer_1
  10
-1413.0451
  20
805.82048
  0
VERTEX
  5
bf2
  8
Layer_1
  10
-1418.9223
  20
807.86523
  0
VERTEX
  5
bf3
  8
Layer_1
  10
-1421.8214
  20
808.88309
  0
VERTEX
  5
bf4
  8
Layer_1
  10
-1424.6799
  20
809.89294
  0
VERTEX
  5
bf5
  8
Layer_1
  10
-1427.4871
  20
810.89101
  0
VERTEX
  5
bf6
  8
Layer_1
  10
-1430.2322
  20
811.87357
  0
VERTEX
  5
bf7
  8
Layer_1
  10
-1432.9045
  20
812.83685
  0
VERTEX
  5
bf8
  8
Layer_1
  10
-1435.4934
  20
813.7771
  0
VERTEX
  5
bf9
  8
Layer_1
  10
-1436.7532
  20
814.23742
  0
VERTEX
  5
bfa
  8
Layer_1
  10
-1437.988
  20
814.69057
  0
VERTEX
  5
bfb
  8
Layer_1
  10
-1439.1967
  20
815.13609
  0
VERTEX
  5
bfc
  8
Layer_1
  10
-1440.3777
  20
815.5735
  0
VERTEX
  5
bfd
  8
Layer_1
  10
-1441.5299
  20
816.00235
  0
VERTEX
  5
bfe
  8
Layer_1
  10
-1442.6517
  20
816.42215
  0
VERTEX
  5
bff
  8
Layer_1
  10
-1443.742
  20
816.83245
  0
VERTEX
  5
c00
  8
Layer_1
  10
-1444.7994
  20
817.23276
  0
VERTEX
  5
c01
  8
Layer_1
  10
-1445.8224
  20
817.62263
  0
VERTEX
  5
c02
  8
Layer_1
  10
-1446.8099
  20
818.00158
  0
VERTEX
  5
c03
  8
Layer_1
  10
-1447.7604
  20
818.36914
  0
VERTEX
  5
c04
  8
Layer_1
  10
-1448.6726
  20
818.72484
  0
VERTEX
  5
c05
  8
Layer_1
  10
-1449.5451
  20
819.06822
  0
VERTEX
  5
c06
  8
Layer_1
  10
-1450.3767
  20
819.39881
  0
VERTEX
  5
c07
  8
Layer_1
  10
-1451.166
  20
819.71613
  0
VERTEX
  5
c08
  8
Layer_1
  10
-1451.9116
  20
820.01972
  0
VERTEX
  5
c09
  8
Layer_1
  10
-1452.6121
  20
820.30911
  0
VERTEX
  5
c0a
  8
Layer_1
  10
-1453.2664
  20
820.58383
  0
VERTEX
  5
c0b
  8
Layer_1
  10
-1453.873
  20
820.84341
  0
VERTEX
  5
c0c
  8
Layer_1
  10
-1454.4305
  20
821.08738
  0
VERTEX
  5
c0d
  8
Layer_1
  10
-1456.1658
  20
821.84657
  0
VERTEX
  5
c0e
  8
Layer_1
  10
-1457.8271
  20
822.55483
  0
VERTEX
  5
c0f
  8
Layer_1
  10
-1458.6177
  20
822.88501
  0
VERTEX
  5
c10
  8
Layer_1
  10
-1459.3751
  20
823.19665
  0
VERTEX
  5
c11
  8
Layer_1
  10
-1460.0943
  20
823.4878
  0
VERTEX
  5
c12
  8
Layer_1
  10
-1460.7703
  20
823.75654
  0
VERTEX
  5
c13
  8
Layer_1
  10
-1461.3984
  20
824.00091
  0
VERTEX
  5
c14
  8
Layer_1
  10
-1461.9735
  20
824.21899
  0
VERTEX
  5
c15
  8
Layer_1
  10
-1462.4908
  20
824.40883
  0
VERTEX
  5
c16
  8
Layer_1
  10
-1462.9452
  20
824.5685
  0
VERTEX
  5
c17
  8
Layer_1
  10
-1463.3319
  20
824.69607
  0
VERTEX
  5
c18
  8
Layer_1
  10
-1463.6459
  20
824.78958
  0
VERTEX
  5
c19
  8
Layer_1
  10
-1463.8824
  20
824.84711
  0
VERTEX
  5
c1a
  8
Layer_1
  10
-1464.0364
  20
824.86672
  0
VERTEX
  5
c1b
  8
Layer_1
  10
-1464.2177
  20
824.88703
  0
VERTEX
  5
c1c
  8
Layer_1
  10
-1464.4778
  20
824.94734
  0
VERTEX
  5
c1d
  8
Layer_1
  10
-1464.8145
  20
825.04666
  0
VERTEX
  5
c1e
  8
Layer_1
  10
-1465.2258
  20
825.18403
  0
VERTEX
  5
c1f
  8
Layer_1
  10
-1465.7098
  20
825.35847
  0
VERTEX
  5
c20
  8
Layer_1
  10
-1466.2644
  20
825.56901
  0
VERTEX
  5
c21
  8
Layer_1
  10
-1466.8876
  20
825.81469
  0
VERTEX
  5
c22
  8
Layer_1
  10
-1467.5774
  20
826.09453
  0
VERTEX
  5
c23
  8
Layer_1
  10
-1468.3317
  20
826.40756
  0
VERTEX
  5
c24
  8
Layer_1
  10
-1469.1486
  20
826.7528
  0
VERTEX
  5
c25
  8
Layer_1
  10
-1470.026
  20
827.1293
  0
VERTEX
  5
c26
  8
Layer_1
  10
-1470.9619
  20
827.53607
  0
VERTEX
  5
c27
  8
Layer_1
  10
-1471.9543
  20
827.97215
  0
VERTEX
  5
c28
  8
Layer_1
  10
-1473.0012
  20
828.43656
  0
VERTEX
  5
c29
  8
Layer_1
  10
-1474.1005
  20
828.92833
  0
VERTEX
  5
c2a
  8
Layer_1
  10
-1475.2502
  20
829.4465
  0
VERTEX
  5
c2b
  8
Layer_1
  10
-1476.4484
  20
829.99009
  0
VERTEX
  5
c2c
  8
Layer_1
  10
-1477.693
  20
830.55813
  0
VERTEX
  5
c2d
  8
Layer_1
  10
-1478.9819
  20
831.14965
  0
VERTEX
  5
c2e
  8
Layer_1
  10
-1480.3132
  20
831.76368
  0
VERTEX
  5
c2f
  8
Layer_1
  10
-1481.6849
  20
832.39924
  0
VERTEX
  5
c30
  8
Layer_1
  10
-1483.0949
  20
833.05537
  0
VERTEX
  5
c31
  8
Layer_1
  10
-1484.5411
  20
833.7311
  0
VERTEX
  5
c32
  8
Layer_1
  10
-1486.0217
  20
834.42545
  0
VERTEX
  5
c33
  8
Layer_1
  10
-1487.5346
  20
835.13745
  0
VERTEX
  5
c34
  8
Layer_1
  10
-1489.0776
  20
835.86614
  0
VERTEX
  5
c35
  8
Layer_1
  10
-1490.649
  20
836.61053
  0
VERTEX
  5
c36
  8
Layer_1
  10
-1492.2465
  20
837.36967
  0
VERTEX
  5
c37
  8
Layer_1
  10
-1495.5122
  20
838.92827
  0
VERTEX
  5
c38
  8
Layer_1
  10
-1498.8585
  20
840.53418
  0
VERTEX
  5
c39
  8
Layer_1
  10
-1502.2693
  20
842.17963
  0
VERTEX
  5
c3a
  8
Layer_1
  10
-1505.7285
  20
843.85684
  0
VERTEX
  5
c3b
  8
Layer_1
  10
-1509.2199
  20
845.55806
  0
VERTEX
  5
c3c
  8
Layer_1
  10
-1512.7273
  20
847.27551
  0
VERTEX
  5
c3d
  8
Layer_1
  10
-1516.2347
  20
849.00142
  0
VERTEX
  5
c3e
  8
Layer_1
  10
-1519.7259
  20
850.72802
  0
VERTEX
  5
c3f
  8
Layer_1
  10
-1523.1846
  20
852.44755
  0
VERTEX
  5
c40
  8
Layer_1
  10
-1526.5949
  20
854.15224
  0
VERTEX
  5
c41
  8
Layer_1
  10
-1529.9405
  20
855.83431
  0
VERTEX
  5
c42
  8
Layer_1
  10
-1533.2053
  20
857.48601
  0
VERTEX
  5
c43
  8
Layer_1
  10
-1534.8024
  20
858.29803
  0
VERTEX
  5
c44
  8
Layer_1
  10
-1536.3732
  20
859.09955
  0
VERTEX
  5
c45
  8
Layer_1
  10
-1537.9157
  20
859.88959
  0
VERTEX
  5
c46
  8
Layer_1
  10
-1539.4279
  20
860.66718
  0
VERTEX
  5
c47
  8
Layer_1
  10
-1540.9079
  20
861.43135
  0
VERTEX
  5
c48
  8
Layer_1
  10
-1542.3535
  20
862.18112
  0
VERTEX
  5
c49
  8
Layer_1
  10
-1543.7627
  20
862.91554
  0
VERTEX
  5
c4a
  8
Layer_1
  10
-1545.1336
  20
863.63361
  0
VERTEX
  5
c4b
  8
Layer_1
  10
-1546.4641
  20
864.33438
  0
VERTEX
  5
c4c
  8
Layer_1
  10
-1547.7522
  20
865.01688
  0
VERTEX
  5
c4d
  8
Layer_1
  10
-1548.9959
  20
865.68012
  0
VERTEX
  5
c4e
  8
Layer_1
  10
-1550.1932
  20
866.32315
  0
VERTEX
  5
c4f
  8
Layer_1
  10
-1551.9799
  20
867.26642
  0
VERTEX
  5
c50
  8
Layer_1
  10
-1553.8561
  20
868.21919
  0
VERTEX
  5
c51
  8
Layer_1
  10
-1555.8061
  20
869.17499
  0
VERTEX
  5
c52
  8
Layer_1
  10
-1557.8143
  20
870.12737
  0
VERTEX
  5
c53
  8
Layer_1
  10
-1559.8649
  20
871.06985
  0
VERTEX
  5
c54
  8
Layer_1
  10
-1561.9424
  20
871.99598
  0
VERTEX
  5
c55
  8
Layer_1
  10
-1564.0309
  20
872.89928
  0
VERTEX
  5
c56
  8
Layer_1
  10
-1566.115
  20
873.77328
  0
VERTEX
  5
c57
  8
Layer_1
  10
-1568.1789
  20
874.61153
  0
VERTEX
  5
c58
  8
Layer_1
  10
-1570.207
  20
875.40755
  0
VERTEX
  5
c59
  8
Layer_1
  10
-1572.1835
  20
876.15489
  0
VERTEX
  5
c5a
  8
Layer_1
  10
-1574.0929
  20
876.84706
  0
VERTEX
  5
c5b
  8
Layer_1
  10
-1575.0175
  20
877.17045
  0
VERTEX
  5
c5c
  8
Layer_1
  10
-1575.9194
  20
877.47762
  0
VERTEX
  5
c5d
  8
Layer_1
  10
-1576.7967
  20
877.76777
  0
VERTEX
  5
c5e
  8
Layer_1
  10
-1577.6474
  20
878.04008
  0
VERTEX
  5
c5f
  8
Layer_1
  10
-1578.4696
  20
878.29376
  0
VERTEX
  5
c60
  8
Layer_1
  10
-1579.2613
  20
878.528
  0
VERTEX
  5
c61
  8
Layer_1
  10
-1580.0205
  20
878.74197
  0
VERTEX
  5
c62
  8
Layer_1
  10
-1580.7453
  20
878.93489
  0
VERTEX
  5
c63
  8
Layer_1
  10
-1581.9307
  20
879.23872
  0
VERTEX
  5
c64
  8
Layer_1
  10
-1583.0551
  20
879.52297
  0
VERTEX
  5
c65
  8
Layer_1
  10
-1584.1237
  20
879.78765
  0
VERTEX
  5
c66
  8
Layer_1
  10
-1585.1415
  20
880.03276
  0
VERTEX
  5
c67
  8
Layer_1
  10
-1586.1136
  20
880.2583
  0
VERTEX
  5
c68
  8
Layer_1
  10
-1587.045
  20
880.46429
  0
VERTEX
  5
c69
  8
Layer_1
  10
-1587.9408
  20
880.65073
  0
VERTEX
  5
c6a
  8
Layer_1
  10
-1588.8059
  20
880.81762
  0
VERTEX
  5
c6b
  8
Layer_1
  10
-1590.4648
  20
881.09281
  0
VERTEX
  5
c6c
  8
Layer_1
  10
-1592.0619
  20
881.2899
  0
VERTEX
  5
c6d
  8
Layer_1
  10
-1593.6377
  20
881.40895
  0
VERTEX
  5
c6e
  8
Layer_1
  10
-1595.2327
  20
881.45001
  0
VERTEX
  5
c6f
  8
Layer_1
  10
-1596.05
  20
881.44131
  0
VERTEX
  5
c70
  8
Layer_1
  10
-1596.8872
  20
881.41313
  0
VERTEX
  5
c71
  8
Layer_1
  10
-1597.7494
  20
881.36548
  0
VERTEX
  5
c72
  8
Layer_1
  10
-1598.6416
  20
881.29836
  0
VERTEX
  5
c73
  8
Layer_1
  10
-1599.569
  20
881.21179
  0
VERTEX
  5
c74
  8
Layer_1
  10
-1600.5365
  20
881.10576
  0
VERTEX
  5
c75
  8
Layer_1
  10
-1601.5492
  20
880.98029
  0
VERTEX
  5
c76
  8
Layer_1
  10
-1602.6121
  20
880.83538
  0
VERTEX
  5
c77
  8
Layer_1
  10
-1603.7303
  20
880.67103
  0
VERTEX
  5
c78
  8
Layer_1
  10
-1604.9089
  20
880.48726
  0
VERTEX
  5
c79
  8
Layer_1
  10
-1606.1529
  20
880.28407
  0
VERTEX
  5
c7a
  8
Layer_1
  10
-1607.4673
  20
880.06147
  0
VERTEX
  5
c7b
  8
Layer_1
  10
-1608.8573
  20
879.81946
  0
VERTEX
  5
c7c
  8
Layer_1
  10
-1610.3278
  20
879.55804
  0
VERTEX
  5
c7d
  8
Layer_1
  10
-1611.8839
  20
879.27724
  0
VERTEX
  5
c7e
  8
Layer_1
  10
-1613.5307
  20
878.97705
  0
VERTEX
  5
c7f
  8
Layer_1
  10
-1615.7551
  20
878.55816
  0
VERTEX
  5
c80
  8
Layer_1
  10
-1617.9226
  20
878.12543
  0
VERTEX
  5
c81
  8
Layer_1
  10
-1620.0351
  20
877.67805
  0
VERTEX
  5
c82
  8
Layer_1
  10
-1622.0944
  20
877.21516
  0
VERTEX
  5
c83
  8
Layer_1
  10
-1624.1022
  20
876.73594
  0
VERTEX
  5
c84
  8
Layer_1
  10
-1626.0602
  20
876.23955
  0
VERTEX
  5
c85
  8
Layer_1
  10
-1627.9703
  20
875.72516
  0
VERTEX
  5
c86
  8
Layer_1
  10
-1629.8343
  20
875.19193
  0
VERTEX
  5
c87
  8
Layer_1
  10
-1631.6538
  20
874.63903
  0
VERTEX
  5
c88
  8
Layer_1
  10
-1633.4308
  20
874.06562
  0
VERTEX
  5
c89
  8
Layer_1
  10
-1635.1668
  20
873.47087
  0
VERTEX
  5
c8a
  8
Layer_1
  10
-1636.8638
  20
872.85394
  0
VERTEX
  5
c8b
  8
Layer_1
  10
-1638.5234
  20
872.21401
  0
VERTEX
  5
c8c
  8
Layer_1
  10
-1640.1475
  20
871.55023
  0
VERTEX
  5
c8d
  8
Layer_1
  10
-1641.7378
  20
870.86177
  0
VERTEX
  5
c8e
  8
Layer_1
  10
-1643.2962
  20
870.14779
  0
VERTEX
  5
c8f
  8
Layer_1
  10
-1644.8242
  20
869.40747
  0
VERTEX
  5
c90
  8
Layer_1
  10
-1646.3239
  20
868.63997
  0
VERTEX
  5
c91
  8
Layer_1
  10
-1647.7968
  20
867.84445
  0
VERTEX
  5
c92
  8
Layer_1
  10
-1649.2448
  20
867.02008
  0
VERTEX
  5
c93
  8
Layer_1
  10
-1650.6697
  20
866.16603
  0
VERTEX
  5
c94
  8
Layer_1
  10
-1652.0731
  20
865.28145
  0
VERTEX
  5
c95
  8
Layer_1
  10
-1653.457
  20
864.36552
  0
VERTEX
  5
c96
  8
Layer_1
  10
-1654.823
  20
863.4174
  0
VERTEX
  5
c97
  8
Layer_1
  10
-1656.173
  20
862.43625
  0
VERTEX
  5
c98
  8
Layer_1
  10
-1657.5087
  20
861.42125
  0
VERTEX
  5
c99
  8
Layer_1
  10
-1658.8318
  20
860.37156
  0
VERTEX
  5
c9a
  8
Layer_1
  10
-1660.1442
  20
859.28634
  0
VERTEX
  5
c9b
  8
Layer_1
  10
-1661.4476
  20
858.16475
  0
VERTEX
  5
c9c
  8
Layer_1
  10
-1662.7438
  20
857.00598
  0
VERTEX
  5
c9d
  8
Layer_1
  10
-1664.0346
  20
855.80917
  0
VERTEX
  5
c9e
  8
Layer_1
  10
-1665.3217
  20
854.57349
  0
VERTEX
  5
c9f
  8
Layer_1
  10
-1666.5124
  20
853.3965
  0
VERTEX
  5
ca0
  8
Layer_1
  10
-1667.6615
  20
852.23033
  0
VERTEX
  5
ca1
  8
Layer_1
  10
-1668.7705
  20
851.07222
  0
VERTEX
  5
ca2
  8
Layer_1
  10
-1669.8409
  20
849.91941
  0
VERTEX
  5
ca3
  8
Layer_1
  10
-1670.8742
  20
848.76917
  0
VERTEX
  5
ca4
  8
Layer_1
  10
-1671.8718
  20
847.61872
  0
VERTEX
  5
ca5
  8
Layer_1
  10
-1672.8353
  20
846.46533
  0
VERTEX
  5
ca6
  8
Layer_1
  10
-1673.7661
  20
845.30623
  0
VERTEX
  5
ca7
  8
Layer_1
  10
-1674.6658
  20
844.13867
  0
VERTEX
  5
ca8
  8
Layer_1
  10
-1675.5357
  20
842.9599
  0
VERTEX
  5
ca9
  8
Layer_1
  10
-1676.3775
  20
841.76716
  0
VERTEX
  5
caa
  8
Layer_1
  10
-1677.1926
  20
840.5577
  0
VERTEX
  5
cab
  8
Layer_1
  10
-1677.9824
  20
839.32877
  0
VERTEX
  5
cac
  8
Layer_1
  10
-1678.7485
  20
838.07761
  0
VERTEX
  5
cad
  8
Layer_1
  10
-1679.4924
  20
836.80148
  0
VERTEX
  5
cae
  8
Layer_1
  10
-1680.2156
  20
835.49761
  0
VERTEX
  5
caf
  8
Layer_1
  10
-1680.9195
  20
834.16325
  0
VERTEX
  5
cb0
  8
Layer_1
  10
-1681.6056
  20
832.79565
  0
VERTEX
  5
cb1
  8
Layer_1
  10
-1682.2754
  20
831.39206
  0
VERTEX
  5
cb2
  8
Layer_1
  10
-1682.9304
  20
829.94972
  0
VERTEX
  5
cb3
  8
Layer_1
  10
-1683.5722
  20
828.46588
  0
VERTEX
  5
cb4
  8
Layer_1
  10
-1684.2021
  20
826.93778
  0
VERTEX
  5
cb5
  8
Layer_1
  10
-1684.8217
  20
825.36268
  0
VERTEX
  5
cb6
  8
Layer_1
  10
-1685.4325
  20
823.73781
  0
VERTEX
  5
cb7
  8
Layer_1
  10
-1686.036
  20
822.06043
  0
VERTEX
  5
cb8
  8
Layer_1
  10
-1686.6336
  20
820.32777
  0
VERTEX
  5
cb9
  8
Layer_1
  10
-1687.2268
  20
818.5371
  0
VERTEX
  5
cba
  8
Layer_1
  10
-1687.8171
  20
816.68565
  0
VERTEX
  5
cbb
  8
Layer_1
  10
-1688.4061
  20
814.77067
  0
VERTEX
  5
cbc
  8
Layer_1
  10
-1688.9952
  20
812.7894
  0
VERTEX
  5
cbd
  8
Layer_1
  10
-1689.5858
  20
810.7391
  0
VERTEX
  5
cbe
  8
Layer_1
  10
-1690.1796
  20
808.61701
  0
VERTEX
  5
cbf
  8
Layer_1
  10
-1690.7638
  20
806.44773
  0
VERTEX
  5
cc0
  8
Layer_1
  10
-1691.3099
  20
804.30828
  0
VERTEX
  5
cc1
  8
Layer_1
  10
-1691.8178
  20
802.19367
  0
VERTEX
  5
cc2
  8
Layer_1
  10
-1692.2877
  20
800.09894
  0
VERTEX
  5
cc3
  8
Layer_1
  10
-1692.7194
  20
798.0191
  0
VERTEX
  5
cc4
  8
Layer_1
  10
-1693.113
  20
795.94919
  0
VERTEX
  5
cc5
  8
Layer_1
  10
-1693.4683
  20
793.88422
  0
VERTEX
  5
cc6
  8
Layer_1
  10
-1693.7855
  20
791.81923
  0
VERTEX
  5
cc7
  8
Layer_1
  10
-1694.0645
  20
789.74923
  0
VERTEX
  5
cc8
  8
Layer_1
  10
-1694.3052
  20
787.66926
  0
VERTEX
  5
cc9
  8
Layer_1
  10
-1694.5076
  20
785.57433
  0
VERTEX
  5
cca
  8
Layer_1
  10
-1694.6718
  20
783.45948
  0
VERTEX
  5
ccb
  8
Layer_1
  10
-1694.7977
  20
781.31972
  0
VERTEX
  5
ccc
  8
Layer_1
  10
-1694.8853
  20
779.15008
  0
VERTEX
  5
ccd
  8
Layer_1
  10
-1694.9346
  20
776.94559
  0
VERTEX
  5
cce
  8
Layer_1
  10
-1694.9455
  20
774.70127
  0
VERTEX
  5
ccf
  8
Layer_1
  10
-1694.9181
  20
772.41214
  0
VERTEX
  5
cd0
  8
Layer_1
  10
-1694.8523
  20
770.07324
  0
VERTEX
  5
cd1
  8
Layer_1
  10
-1694.7481
  20
767.67958
  0
VERTEX
  5
cd2
  8
Layer_1
  10
-1694.6054
  20
765.22619
  0
VERTEX
  5
cd3
  8
Layer_1
  10
-1694.4244
  20
762.7081
  0
VERTEX
  5
cd4
  8
Layer_1
  10
-1694.2049
  20
760.12033
  0
VERTEX
  5
cd5
  8
Layer_1
  10
-1693.9469
  20
757.4579
  0
VERTEX
  5
cd6
  8
Layer_1
  10
-1693.6504
  20
754.71584
  0
VERTEX
  5
cd7
  8
Layer_1
  10
-1693.3154
  20
751.88917
  0
VERTEX
  5
cd8
  8
Layer_1
  10
-1692.9419
  20
748.97293
  0
VERTEX
  5
cd9
  8
Layer_1
  10
-1692.7407
  20
747.47966
  0
VERTEX
  5
cda
  8
Layer_1
  10
-1692.5299
  20
745.96213
  0
VERTEX
  5
cdb
  8
Layer_1
  10
-1692.3094
  20
744.41971
  0
VERTEX
  5
cdc
  8
Layer_1
  10
-1692.0792
  20
742.85179
  0
VERTEX
  5
cdd
  8
Layer_1
  10
-1691.8395
  20
741.25775
  0
VERTEX
  5
cde
  8
Layer_1
  10
-1691.59
  20
739.63696
  0
VERTEX
  5
cdf
  8
Layer_1
  10
-1691.331
  20
737.98879
  0
VERTEX
  5
ce0
  8
Layer_1
  10
-1691.0623
  20
736.31264
  0
VERTEX
  5
ce1
  8
Layer_1
  10
-1690.7839
  20
734.60786
  0
VERTEX
  5
ce2
  8
Layer_1
  10
-1690.4959
  20
732.87386
  0
VERTEX
  5
ce3
  8
Layer_1
  10
-1690.1982
  20
731.10999
  0
VERTEX
  5
ce4
  8
Layer_1
  10
-1689.8908
  20
729.31565
  0
VERTEX
  5
ce5
  8
Layer_1
  10
-1689.8242
  20
728.92699
  0
VERTEX
  5
ce6
  8
Layer_1
  10
-1689.7513
  20
728.49588
  0
VERTEX
  5
ce7
  8
Layer_1
  10
-1689.6722
  20
728.02396
  0
VERTEX
  5
ce8
  8
Layer_1
  10
-1689.5873
  20
727.51285
  0
VERTEX
  5
ce9
  8
Layer_1
  10
-1689.4967
  20
726.96418
  0
VERTEX
  5
cea
  8
Layer_1
  10
-1689.4008
  20
726.37957
  0
VERTEX
  5
ceb
  8
Layer_1
  10
-1689.2998
  20
725.76066
  0
VERTEX
  5
cec
  8
Layer_1
  10
-1689.194
  20
725.10908
  0
VERTEX
  5
ced
  8
Layer_1
  10
-1689.0836
  20
724.42645
  0
VERTEX
  5
cee
  8
Layer_1
  10
-1688.9688
  20
723.71441
  0
VERTEX
  5
cef
  8
Layer_1
  10
-1688.85
  20
722.97457
  0
VERTEX
  5
cf0
  8
Layer_1
  10
-1688.7274
  20
722.20858
  0
VERTEX
  5
cf1
  8
Layer_1
  10
-1688.4718
  20
720.60462
  0
VERTEX
  5
cf2
  8
Layer_1
  10
-1688.204
  20
718.91557
  0
VERTEX
  5
cf3
  8
Layer_1
  10
-1687.9262
  20
717.15445
  0
VERTEX
  5
cf4
  8
Layer_1
  10
-1687.6403
  20
715.33429
  0
VERTEX
  5
cf5
  8
Layer_1
  10
-1687.3485
  20
713.46812
  0
VERTEX
  5
cf6
  8
Layer_1
  10
-1687.0527
  20
711.56897
  0
VERTEX
  5
cf7
  8
Layer_1
  10
-1686.4578
  20
707.72384
  0
VERTEX
  5
cf8
  8
Layer_1
  10
-1685.8721
  20
703.90313
  0
VERTEX
  5
cf9
  8
Layer_1
  10
-1685.6302
  20
702.32307
  0
VERTEX
  5
cfa
  8
Layer_1
  10
-1685.3814
  20
700.70655
  0
VERTEX
  5
cfb
  8
Layer_1
  10
-1685.1257
  20
699.05503
  0
VERTEX
  5
cfc
  8
Layer_1
  10
-1684.8634
  20
697.36998
  0
VERTEX
  5
cfd
  8
Layer_1
  10
-1684.5949
  20
695.65284
  0
VERTEX
  5
cfe
  8
Layer_1
  10
-1684.3202
  20
693.90507
  0
VERTEX
  5
cff
  8
Layer_1
  10
-1684.0398
  20
692.12815
  0
VERTEX
  5
d00
  8
Layer_1
  10
-1683.7538
  20
690.32352
  0
VERTEX
  5
d01
  8
Layer_1
  10
-1683.166
  20
686.63697
  0
VERTEX
  5
d02
  8
Layer_1
  10
-1682.5589
  20
682.8571
  0
VERTEX
  5
d03
  8
Layer_1
  10
-1681.9345
  20
678.99559
  0
VERTEX
  5
d04
  8
Layer_1
  10
-1681.2947
  20
675.0641
  0
VERTEX
  5
d05
  8
Layer_1
  10
-1680.6416
  20
671.07429
  0
VERTEX
  5
d06
  8
Layer_1
  10
-1679.9771
  20
667.03785
  0
VERTEX
  5
d07
  8
Layer_1
  10
-1679.3033
  20
662.96644
  0
VERTEX
  5
d08
  8
Layer_1
  10
-1678.622
  20
658.87172
  0
VERTEX
  5
d09
  8
Layer_1
  10
-1677.2453
  20
650.65906
  0
VERTEX
  5
d0a
  8
Layer_1
  10
-1675.8627
  20
642.49323
  0
VERTEX
  5
d0b
  8
Layer_1
  10
-1675.1743
  20
638.45705
  0
VERTEX
  5
d0c
  8
Layer_1
  10
-1674.4903
  20
634.46759
  0
VERTEX
  5
d0d
  8
Layer_1
  10
-1673.8129
  20
630.5365
  0
VERTEX
  5
d0e
  8
Layer_1
  10
-1673.1439
  20
626.67548
  0
VERTEX
  5
d0f
  8
Layer_1
  10
-1672.4854
  20
622.89617
  0
VERTEX
  5
d10
  8
Layer_1
  10
-1671.8394
  20
619.21026
  0
VERTEX
  5
d11
  8
Layer_1
  10
-1671.5217
  20
617.40598
  0
VERTEX
  5
d12
  8
Layer_1
  10
-1671.2078
  20
615.62942
  0
VERTEX
  5
d13
  8
Layer_1
  10
-1670.8981
  20
613.88204
  0
VERTEX
  5
d14
  8
Layer_1
  10
-1670.5927
  20
612.1653
  0
VERTEX
  5
d15
  8
Layer_1
  10
-1670.2919
  20
610.48066
  0
VERTEX
  5
d16
  8
Layer_1
  10
-1669.9959
  20
608.82958
  0
VERTEX
  5
d17
  8
Layer_1
  10
-1669.7051
  20
607.21352
  0
VERTEX
  5
d18
  8
Layer_1
  10
-1669.4196
  20
605.63394
  0
VERTEX
  5
d19
  8
Layer_1
  10
-1669.1397
  20
604.09229
  0
VERTEX
  5
d1a
  8
Layer_1
  10
-1668.8656
  20
602.59004
  0
VERTEX
  5
d1b
  8
Layer_1
  10
-1668.5977
  20
601.12863
  0
VERTEX
  5
d1c
  8
Layer_1
  10
-1668.336
  20
599.70954
  0
VERTEX
  5
d1d
  8
Layer_1
  10
-1668.081
  20
598.33422
  0
VERTEX
  5
d1e
  8
Layer_1
  10
-1667.8328
  20
597.00413
  0
VERTEX
  5
d1f
  8
Layer_1
  10
-1667.5917
  20
595.72072
  0
VERTEX
  5
d20
  8
Layer_1
  10
-1667.3579
  20
594.48546
  0
VERTEX
  5
d21
  8
Layer_1
  10
-1667.1317
  20
593.29981
  0
VERTEX
  5
d22
  8
Layer_1
  10
-1666.9134
  20
592.16521
  0
VERTEX
  5
d23
  8
Layer_1
  10
-1666.7031
  20
591.08314
  0
VERTEX
  5
d24
  8
Layer_1
  10
-1666.5011
  20
590.05505
  0
VERTEX
  5
d25
  8
Layer_1
  10
-1666.2897
  20
588.96419
  0
VERTEX
  5
d26
  8
Layer_1
  10
-1666.0707
  20
587.79527
  0
VERTEX
  5
d27
  8
Layer_1
  10
-1665.8458
  20
586.55898
  0
VERTEX
  5
d28
  8
Layer_1
  10
-1665.6169
  20
585.26598
  0
VERTEX
  5
d29
  8
Layer_1
  10
-1665.1535
  20
582.55265
  0
VERTEX
  5
d2a
  8
Layer_1
  10
-1664.6941
  20
579.74075
  0
VERTEX
  5
d2b
  8
Layer_1
  10
-1664.2524
  20
576.91574
  0
VERTEX
  5
d2c
  8
Layer_1
  10
-1663.8421
  20
574.1631
  0
VERTEX
  5
d2d
  8
Layer_1
  10
-1663.6529
  20
572.84062
  0
VERTEX
  5
d2e
  8
Layer_1
  10
-1663.4768
  20
571.56829
  0
VERTEX
  5
d2f
  8
Layer_1
  10
-1663.3152
  20
570.35678
  0
VERTEX
  5
d30
  8
Layer_1
  10
-1663.1701
  20
569.21679
  0
VERTEX
  5
d31
  8
Layer_1
  10
-1661.8477
  20
558.54352
  0
VERTEX
  5
d32
  8
Layer_1
  10
-930.39783
  20
558.54352
  0
VERTEX
  5
d33
  8
Layer_1
  10
-198.948
  20
558.54352
  0
VERTEX
  5
d34
  8
Layer_1
  10
-197.82654
  20
569.2168
  0
VERTEX
  5
d35
  8
Layer_1
  10
-197.76766
  20
569.7918
  0
VERTEX
  5
d36
  8
Layer_1
  10
-197.70666
  20
570.41479
  0
VERTEX
  5
d37
  8
Layer_1
  10
-197.64371
  20
571.08371
  0
VERTEX
  5
d38
  8
Layer_1
  10
-197.57896
  20
571.79651
  0
VERTEX
  5
d39
  8
Layer_1
  10
-197.51254
  20
572.55112
  0
VERTEX
  5
d3a
  8
Layer_1
  10
-197.44461
  20
573.34551
  0
VERTEX
  5
d3b
  8
Layer_1
  10
-197.37529
  20
574.17762
  0
VERTEX
  5
d3c
  8
Layer_1
  10
-197.30474
  20
575.04539
  0
VERTEX
  5
d3d
  8
Layer_1
  10
-197.23309
  20
575.94677
  0
VERTEX
  5
d3e
  8
Layer_1
  10
-197.16049
  20
576.87972
  0
VERTEX
  5
d3f
  8
Layer_1
  10
-197.08707
  20
577.84218
  0
VERTEX
  5
d40
  8
Layer_1
  10
-197.01299
  20
578.8321
  0
VERTEX
  5
d41
  8
Layer_1
  10
-196.86339
  20
580.8861
  0
VERTEX
  5
d42
  8
Layer_1
  10
-196.71281
  20
583.02531
  0
VERTEX
  5
d43
  8
Layer_1
  10
-196.12354
  20
592.10592
  0
VERTEX
  5
d44
  8
Layer_1
  10
-195.60967
  20
601.23656
  0
VERTEX
  5
d45
  8
Layer_1
  10
-195.48261
  20
603.70092
  0
VERTEX
  5
d46
  8
Layer_1
  10
-195.35915
  20
606.06755
  0
VERTEX
  5
d47
  8
Layer_1
  10
-195.23813
  20
608.35205
  0
VERTEX
  5
d48
  8
Layer_1
  10
-195.11837
  20
610.57002
  0
VERTEX
  5
d49
  8
Layer_1
  10
-194.87797
  20
614.86877
  0
VERTEX
  5
d4a
  8
Layer_1
  10
-194.6286
  20
619.08856
  0
VERTEX
  5
d4b
  8
Layer_1
  10
-194.49763
  20
621.20783
  0
VERTEX
  5
d4c
  8
Layer_1
  10
-194.3609
  20
623.35416
  0
VERTEX
  5
d4d
  8
Layer_1
  10
-194.21726
  20
625.54314
  0
VERTEX
  5
d4e
  8
Layer_1
  10
-194.06552
  20
627.79036
  0
VERTEX
  5
d4f
  8
Layer_1
  10
-193.90453
  20
630.11143
  0
VERTEX
  5
d50
  8
Layer_1
  10
-193.73311
  20
632.52193
  0
VERTEX
  5
d51
  8
Layer_1
  10
-193.64312
  20
633.7656
  0
VERTEX
  5
d52
  8
Layer_1
  10
-193.55009
  20
635.03747
  0
VERTEX
  5
d53
  8
Layer_1
  10
-193.45387
  20
636.3395
  0
VERTEX
  5
d54
  8
Layer_1
  10
-193.35431
  20
637.67364
  0
VERTEX
  5
d55
  8
Layer_1
  10
-193.25126
  20
639.04184
  0
VERTEX
  5
d56
  8
Layer_1
  10
-193.14459
  20
640.44605
  0
VERTEX
  5
d57
  8
Layer_1
  10
-193.03413
  20
641.88821
  0
VERTEX
  5
d58
  8
Layer_1
  10
-192.91976
  20
643.37028
  0
VERTEX
  5
d59
  8
Layer_1
  10
-192.80132
  20
644.8942
  0
VERTEX
  5
d5a
  8
Layer_1
  10
-192.67866
  20
646.46193
  0
VERTEX
  5
d5b
  8
Layer_1
  10
-192.55164
  20
648.07542
  0
VERTEX
  5
d5c
  8
Layer_1
  10
-192.42011
  20
649.73661
  0
VERTEX
  5
d5d
  8
Layer_1
  10
-192.28393
  20
651.44745
  0
VERTEX
  5
d5e
  8
Layer_1
  10
-192.14295
  20
653.2099
  0
VERTEX
  5
d5f
  8
Layer_1
  10
-191.99703
  20
655.0259
  0
VERTEX
  5
d60
  8
Layer_1
  10
-191.84601
  20
656.89741
  0
VERTEX
  5
d61
  8
Layer_1
  10
-191.68975
  20
658.82637
  0
VERTEX
  5
d62
  8
Layer_1
  10
-191.52811
  20
660.81473
  0
VERTEX
  5
d63
  8
Layer_1
  10
-191.36094
  20
662.86444
  0
VERTEX
  5
d64
  8
Layer_1
  10
-191.1881
  20
664.97746
  0
VERTEX
  5
d65
  8
Layer_1
  10
-191.00943
  20
667.15572
  0
VERTEX
  5
d66
  8
Layer_1
  10
-190.82479
  20
669.40119
  0
VERTEX
  5
d67
  8
Layer_1
  10
-190.63404
  20
671.71581
  0
VERTEX
  5
d68
  8
Layer_1
  10
-190.43702
  20
674.10153
  0
VERTEX
  5
d69
  8
Layer_1
  10
-190.2336
  20
676.5603
  0
VERTEX
  5
d6a
  8
Layer_1
  10
-190.02363
  20
679.09407
  0
VERTEX
  5
d6b
  8
Layer_1
  10
-189.80695
  20
681.70478
  0
VERTEX
  5
d6c
  8
Layer_1
  10
-189.58343
  20
684.3944
  0
VERTEX
  5
d6d
  8
Layer_1
  10
-189.35292
  20
687.16486
  0
VERTEX
  5
d6e
  8
Layer_1
  10
-189.11526
  20
690.01813
  0
VERTEX
  5
d6f
  8
Layer_1
  10
-188.87033
  20
692.95614
  0
VERTEX
  5
d70
  8
Layer_1
  10
-188.61796
  20
695.98084
  0
VERTEX
  5
d71
  8
Layer_1
  10
-188.35802
  20
699.0942
  0
VERTEX
  5
d72
  8
Layer_1
  10
-188.09035
  20
702.29815
  0
VERTEX
  5
d73
  8
Layer_1
  10
-187.81482
  20
705.59464
  0
VERTEX
  5
d74
  8
Layer_1
  10
-187.53127
  20
708.98564
  0
VERTEX
  5
d75
  8
Layer_1
  10
-187.09477
  20
714.21528
  0
VERTEX
  5
d76
  8
Layer_1
  10
-186.66584
  20
719.37519
  0
VERTEX
  5
d77
  8
Layer_1
  10
-186.24451
  20
724.46521
  0
VERTEX
  5
d78
  8
Layer_1
  10
-185.83078
  20
729.48518
  0
VERTEX
  5
d79
  8
Layer_1
  10
-185.42466
  20
734.43493
  0
VERTEX
  5
d7a
  8
Layer_1
  10
-185.02617
  20
739.3143
  0
VERTEX
  5
d7b
  8
Layer_1
  10
-184.6353
  20
744.12312
  0
VERTEX
  5
d7c
  8
Layer_1
  10
-184.25208
  20
748.86125
  0
VERTEX
  5
d7d
  8
Layer_1
  10
-183.87652
  20
753.5285
  0
VERTEX
  5
d7e
  8
Layer_1
  10
-183.50862
  20
758.12473
  0
VERTEX
  5
d7f
  8
Layer_1
  10
-183.14839
  20
762.64976
  0
VERTEX
  5
d80
  8
Layer_1
  10
-182.79585
  20
767.10344
  0
VERTEX
  5
d81
  8
Layer_1
  10
-182.45101
  20
771.4856
  0
VERTEX
  5
d82
  8
Layer_1
  10
-182.11388
  20
775.79607
  0
VERTEX
  5
d83
  8
Layer_1
  10
-181.78446
  20
780.0347
  0
VERTEX
  5
d84
  8
Layer_1
  10
-181.46277
  20
784.20133
  0
VERTEX
  5
d85
  8
Layer_1
  10
-181.14882
  20
788.29579
  0
VERTEX
  5
d86
  8
Layer_1
  10
-180.84262
  20
792.31791
  0
VERTEX
  5
d87
  8
Layer_1
  10
-180.54418
  20
796.26754
  0
VERTEX
  5
d88
  8
Layer_1
  10
-180.25351
  20
800.14451
  0
VERTEX
  5
d89
  8
Layer_1
  10
-179.97063
  20
803.94866
  0
VERTEX
  5
d8a
  8
Layer_1
  10
-179.69553
  20
807.67983
  0
VERTEX
  5
d8b
  8
Layer_1
  10
-179.42824
  20
811.33786
  0
VERTEX
  5
d8c
  8
Layer_1
  10
-179.16876
  20
814.92257
  0
VERTEX
  5
d8d
  8
Layer_1
  10
-178.91711
  20
818.43381
  0
VERTEX
  5
d8e
  8
Layer_1
  10
-178.67329
  20
821.87142
  0
VERTEX
  5
d8f
  8
Layer_1
  10
-178.43731
  20
825.23524
  0
VERTEX
  5
d90
  8
Layer_1
  10
-178.20919
  20
828.52509
  0
VERTEX
  5
d91
  8
Layer_1
  10
-177.98894
  20
831.74082
  0
VERTEX
  5
d92
  8
Layer_1
  10
-177.77657
  20
834.88227
  0
VERTEX
  5
d93
  8
Layer_1
  10
-177.57208
  20
837.94927
  0
VERTEX
  5
d94
  8
Layer_1
  10
-177.37549
  20
840.94166
  0
VERTEX
  5
d95
  8
Layer_1
  10
-177.18681
  20
843.85928
  0
VERTEX
  5
d96
  8
Layer_1
  10
-177.00605
  20
846.70196
  0
VERTEX
  5
d97
  8
Layer_1
  10
-176.83322
  20
849.46954
  0
VERTEX
  5
d98
  8
Layer_1
  10
-176.66833
  20
852.16186
  0
VERTEX
  5
d99
  8
Layer_1
  10
-176.51139
  20
854.77876
  0
VERTEX
  5
d9a
  8
Layer_1
  10
-176.36241
  20
857.32007
  0
VERTEX
  5
d9b
  8
Layer_1
  10
-176.2214
  20
859.78563
  0
VERTEX
  5
d9c
  8
Layer_1
  10
-176.08838
  20
862.17528
  0
VERTEX
  5
d9d
  8
Layer_1
  10
-175.96335
  20
864.48886
  0
VERTEX
  5
d9e
  8
Layer_1
  10
-175.84633
  20
866.72619
  0
VERTEX
  5
d9f
  8
Layer_1
  10
-175.73732
  20
868.88713
  0
VERTEX
  5
da0
  8
Layer_1
  10
-175.63634
  20
870.97151
  0
VERTEX
  5
da1
  8
Layer_1
  10
-175.54339
  20
872.97916
  0
VERTEX
  5
da2
  8
Layer_1
  10
-175.45849
  20
874.90992
  0
VERTEX
  5
da3
  8
Layer_1
  10
-175.38165
  20
876.76363
  0
VERTEX
  5
da4
  8
Layer_1
  10
-175.31287
  20
878.54013
  0
VERTEX
  5
da5
  8
Layer_1
  10
-175.25218
  20
880.23925
  0
VERTEX
  5
da6
  8
Layer_1
  10
-175.19957
  20
881.86083
  0
VERTEX
  5
da7
  8
Layer_1
  10
-175.15506
  20
883.40471
  0
VERTEX
  5
da8
  8
Layer_1
  10
-175.11866
  20
884.87072
  0
VERTEX
  5
da9
  8
Layer_1
  10
-175.09039
  20
886.25871
  0
VERTEX
  5
daa
  8
Layer_1
  10
-175.07024
  20
887.56851
  0
VERTEX
  5
dab
  8
Layer_1
  10
-175.05824
  20
888.79995
  0
VERTEX
  5
dac
  8
Layer_1
  10
-175.05439
  20
889.95288
  0
VERTEX
  5
dad
  8
Layer_1
  10
-175.0587
  20
891.02714
  0
VERTEX
  5
dae
  8
Layer_1
  10
-175.07119
  20
892.02255
  0
VERTEX
  5
daf
  8
Layer_1
  10
-175.09187
  20
892.93895
  0
VERTEX
  5
db0
  8
Layer_1
  10
-175.12073
  20
893.77619
  0
VERTEX
  5
db1
  8
Layer_1
  10
-175.15781
  20
894.53411
  0
VERTEX
  5
db2
  8
Layer_1
  10
-175.2031
  20
895.21253
  0
VERTEX
  5
db3
  8
Layer_1
  10
-175.25661
  20
895.81129
  0
VERTEX
  5
db4
  8
Layer_1
  10
-175.31837
  20
896.33024
  0
VERTEX
  5
db5
  8
Layer_1
  10
-175.53873
  20
897.74633
  0
VERTEX
  5
db6
  8
Layer_1
  10
-175.81483
  20
899.20132
  0
VERTEX
  5
db7
  8
Layer_1
  10
-176.14501
  20
900.69214
  0
VERTEX
  5
db8
  8
Layer_1
  10
-176.52762
  20
902.2157
  0
VERTEX
  5
db9
  8
Layer_1
  10
-176.96102
  20
903.76894
  0
VERTEX
  5
dba
  8
Layer_1
  10
-177.44353
  20
905.34878
  0
VERTEX
  5
dbb
  8
Layer_1
  10
-177.97353
  20
906.95213
  0
VERTEX
  5
dbc
  8
Layer_1
  10
-178.54934
  20
908.57593
  0
VERTEX
  5
dbd
  8
Layer_1
  10
-179.16933
  20
910.21709
  0
VERTEX
  5
dbe
  8
Layer_1
  10
-179.83184
  20
911.87254
  0
VERTEX
  5
dbf
  8
Layer_1
  10
-180.53521
  20
913.5392
  0
VERTEX
  5
dc0
  8
Layer_1
  10
-181.27779
  20
915.214
  0
VERTEX
  5
dc1
  8
Layer_1
  10
-182.05793
  20
916.89386
  0
VERTEX
  5
dc2
  8
Layer_1
  10
-182.87399
  20
918.5757
  0
VERTEX
  5
dc3
  8
Layer_1
  10
-183.7243
  20
920.25644
  0
VERTEX
  5
dc4
  8
Layer_1
  10
-184.60722
  20
921.93302
  0
VERTEX
  5
dc5
  8
Layer_1
  10
-185.52108
  20
923.60234
  0
VERTEX
  5
dc6
  8
Layer_1
  10
-186.46425
  20
925.26134
  0
VERTEX
  5
dc7
  8
Layer_1
  10
-187.43507
  20
926.90694
  0
VERTEX
  5
dc8
  8
Layer_1
  10
-188.43188
  20
928.53606
  0
VERTEX
  5
dc9
  8
Layer_1
  10
-189.45303
  20
930.14563
  0
VERTEX
  5
dca
  8
Layer_1
  10
-190.49688
  20
931.73257
  0
VERTEX
  5
dcb
  8
Layer_1
  10
-191.56176
  20
933.2938
  0
VERTEX
  5
dcc
  8
Layer_1
  10
-192.64603
  20
934.82624
  0
VERTEX
  5
dcd
  8
Layer_1
  10
-193.74804
  20
936.32682
  0
VERTEX
  5
dce
  8
Layer_1
  10
-194.86613
  20
937.79246
  0
VERTEX
  5
dcf
  8
Layer_1
  10
-195.99864
  20
939.22009
  0
VERTEX
  5
dd0
  8
Layer_1
  10
-197.14394
  20
940.60662
  0
VERTEX
  5
dd1
  8
Layer_1
  10
-198.30036
  20
941.94899
  0
VERTEX
  5
dd2
  8
Layer_1
  10
-199.46625
  20
943.24411
  0
VERTEX
  5
dd3
  8
Layer_1
  10
-200.63997
  20
944.48891
  0
VERTEX
  5
dd4
  8
Layer_1
  10
-201.81985
  20
945.68031
  0
VERTEX
  5
dd5
  8
Layer_1
  10
-203.77974
  20
947.54372
  0
VERTEX
  5
dd6
  8
Layer_1
  10
-205.81706
  20
949.35446
  0
VERTEX
  5
dd7
  8
Layer_1
  10
-207.9274
  20
951.11105
  0
VERTEX
  5
dd8
  8
Layer_1
  10
-210.10632
  20
952.81204
  0
VERTEX
  5
dd9
  8
Layer_1
  10
-212.3494
  20
954.45595
  0
VERTEX
  5
dda
  8
Layer_1
  10
-214.65222
  20
956.04132
  0
VERTEX
  5
ddb
  8
Layer_1
  10
-217.01034
  20
957.56668
  0
VERTEX
  5
ddc
  8
Layer_1
  10
-219.41935
  20
959.03057
  0
VERTEX
  5
ddd
  8
Layer_1
  10
-221.87481
  20
960.43153
  0
VERTEX
  5
dde
  8
Layer_1
  10
-224.37231
  20
961.76807
  0
VERTEX
  5
ddf
  8
Layer_1
  10
-226.9074
  20
963.03875
  0
VERTEX
  5
de0
  8
Layer_1
  10
-229.47568
  20
964.24208
  0
VERTEX
  5
de1
  8
Layer_1
  10
-232.0727
  20
965.37661
  0
VERTEX
  5
de2
  8
Layer_1
  10
-234.69405
  20
966.44087
  0
VERTEX
  5
de3
  8
Layer_1
  10
-237.3353
  20
967.43339
  0
VERTEX
  5
de4
  8
Layer_1
  10
-239.99202
  20
968.35271
  0
VERTEX
  5
de5
  8
Layer_1
  10
-242.65978
  20
969.19736
  0
VERTEX
  5
de6
  8
Layer_1
  10
-245.33417
  20
969.96587
  0
VERTEX
  5
de7
  8
Layer_1
  10
-248.01075
  20
970.65678
  0
VERTEX
  5
de8
  8
Layer_1
  10
-250.6851
  20
971.26861
  0
VERTEX
  5
de9
  8
Layer_1
  10
-253.35279
  20
971.79991
  0
VERTEX
  5
dea
  8
Layer_1
  10
-256.00939
  20
972.24921
  0
VERTEX
  5
deb
  8
Layer_1
  10
-258.65048
  20
972.61504
  0
VERTEX
  5
dec
  8
Layer_1
  10
-261.27164
  20
972.89594
  0
VERTEX
  5
ded
  8
Layer_1
  10
-263.86843
  20
973.09043
  0
VERTEX
  5
dee
  8
Layer_1
  10
-266.43643
  20
973.19706
  0
VERTEX
  5
def
  8
Layer_1
  10
-268.97122
  20
973.21435
  0
VERTEX
  5
df0
  8
Layer_1
  10
-271.46837
  20
973.14084
  0
VERTEX
  5
df1
  8
Layer_1
  10
-272.70144
  20
973.06957
  0
VERTEX
  5
df2
  8
Layer_1
  10
-273.92344
  20
972.97506
  0
VERTEX
  5
df3
  8
Layer_1
  10
-275.13382
  20
972.85711
  0
VERTEX
  5
df4
  8
Layer_1
  10
-276.33203
  20
972.71555
  0
VERTEX
  5
df5
  8
Layer_1
  10
-277.5175
  20
972.55019
  0
VERTEX
  5
df6
  8
Layer_1
  10
-278.68969
  20
972.36084
  0
VERTEX
  5
df7
  8
Layer_1
  10
-279.84804
  20
972.14733
  0
VERTEX
  5
df8
  8
Layer_1
  10
-280.99201
  20
971.90946
  0
SEQEND
  0
CIRCLE
  5
dfa
  8
Layer_1
  62
1
  10
-1599.3909
  20
787.35394
  30
0
  40
6.5000038
  0
POLYLINE
  5
dfa
  8
Layer_0
  62
0
  66
1
  10
0
  20
0
  30
0
  0
VERTEX
  5
dfa
  8
Layer_0
  10
-725.06641
  20
1497.0405
  42
0.095109117
  0
VERTEX
  5
dfb
  8
Layer_0
  10
-721.89404
  20
1501.6353
  42
0.044577533
  0
VERTEX
  5
dfc
  8
Layer_0
  10
-727.85352
  20
1506.5112
  0
VERTEX
  5
dfd
  8
Layer_0
  10
-731.68652
  20
1501.1353
  0
VERTEX
  5
dfe
  8
Layer_0
  10
-730.8501
  20
1500.543
  42
-0.025115725
  0
VERTEX
  5
dff
  8
Layer_0
  10
-725.64502
  20
1496.5088
  0
VERTEX
  5
e00
  8
Layer_0
  10
-725.06641
  20
1497.0405
  0
SEQEND
  0
POLYLINE
  5
e02
  8
Layer_0
  62
0
  66
1
  10
0
  20
0
  30
0
  0
VERTEX
  5
e02
  8
Layer_0
  10
-1253.54
  20
1462.4297
  42
0.039808215
  0
VERTEX
  5
e03
  8
Layer_0
  10
-1249.3242
  20
1462.8027
  42
0.078796612
  0
VERTEX
  5
e04
  8
Layer_0
  10
-1245.291
  20
1464.0977
  42
0.10907158
  0
VERTEX
  5
e05
  8
Layer_0
  10
-1242.7378
  20
1466.4917
  42
0.028871486
  0
VERTEX
  5
e06
  8
Layer_0
  10
-1241.7373
  20
1468.0869
  42
0.12128266
  0
VERTEX
  5
e07
  8
Layer_0
  10
-1240.0449
  20
1476.1826
  42
0.063134558
  0
VERTEX
  5
e08
  8
Layer_0
  10
-1240.814
  20
1479.8398
  42
0.039440857
  0
VERTEX
  5
e09
  8
Layer_0
  10
-1243.231
  20
1485.4258
  42
0.0077537811
  0
VERTEX
  5
e0a
  8
Layer_0
  10
-1244.2349
  20
1487.2983
  0
VERTEX
  5
e0b
  8
Layer_0
  10
-1244.6514
  20
1487.3818
  42
0.03087536
  0
VERTEX
  5
e0c
  8
Layer_0
  10
-1248.9023
  20
1480.8799
  0
VERTEX
  5
e0d
  8
Layer_0
  10
-1247.9341
  20
1479.1768
  42
-0.025626487
  0
VERTEX
  5
e0e
  8
Layer_0
  10
-1245.3071
  20
1473.9634
  42
-0.056221453
  0
VERTEX
  5
e0f
  8
Layer_0
  10
-1244.8325
  20
1472.5259
  42
-0.36456311
  0
VERTEX
  5
e10
  8
Layer_0
  10
-1245.0156
  20
1472.1152
  42
-0.079237298
  0
VERTEX
  5
e11
  8
Layer_0
  10
-1246.4346
  20
1471.5688
  42
-0.046266556
  0
VERTEX
  5
e12
  8
Layer_0
  10
-1251.5664
  20
1470.8267
  42
-0.014173193
  0
VERTEX
  5
e13
  8
Layer_0
  10
-1254.8521
  20
1470.749
  0
VERTEX
  5
e14
  8
Layer_0
  10
-1254.8521
  20
1470.7524
  42
-0.053351431
  0
VERTEX
  5
e15
  8
Layer_0
  10
-1257.3462
  20
1470.9058
  42
-0.10940721
  0
VERTEX
  5
e16
  8
Layer_0
  10
-1259.2339
  20
1471.6846
  42
-0.16679755
  0
VERTEX
  5
e17
  8
Layer_0
  10
-1260.5757
  20
1473.7065
  42
-0.073087753
  0
VERTEX
  5
e18
  8
Layer_0
  10
-1260.8955
  20
1476.3374
  42
-0.0028941488
  0
VERTEX
  5
e19
  8
Layer_0
  10
-1260.8184
  20
1484.3169
  0
VERTEX
  5
e1a
  8
Layer_0
  10
-1260.813
  20
1485.8091
  42
0.01161024
  0
VERTEX
  5
e1b
  8
Layer_0
  10
-1261.0288
  20
1498.0151
  42
0.014695674
  0
VERTEX
  5
e1c
  8
Layer_0
  10
-1261.5615
  20
1505.0112
  0
VERTEX
  5
e1d
  8
Layer_0
  10
-1262.144
  20
1505.3027
  42
0.027005387
  0
VERTEX
  5
e1e
  8
Layer_0
  10
-1266.9336
  20
1500.6768
  0
VERTEX
  5
e1f
  8
Layer_0
  10
-1266.6777
  20
1498.061
  42
-0.018464382
  0
VERTEX
  5
e20
  8
Layer_0
  10
-1265.4331
  20
1473.4199
  0
VERTEX
  5
e21
  8
Layer_0
  10
-1265.4023
  20
1472.6812
  42
0.06690998
  0
VERTEX
  5
e22
  8
Layer_0
  10
-1264.6348
  20
1468.2744
  42
0.10711465
  0
VERTEX
  5
e23
  8
Layer_0
  10
-1262.9019
  20
1465.2041
  42
0.17095652
  0
VERTEX
  5
e24
  8
Layer_0
  10
-1257.6211
  20
1462.5479
  42
0.031333118
  0
VERTEX
  5
e25
  8
Layer_0
  10
-1256.0947
  20
1462.4233
  0
VERTEX
  5
e26
  8
Layer_0
  10
-1254.8521
  20
1462.4224
  0
VERTEX
  5
e27
  8
Layer_0
  10
-1254.8521
  20
1462.4258
  0
VERTEX
  5
e28
  8
Layer_0
  10
-1254.8203
  20
1462.4224
  42
0.0052551429
  0
VERTEX
  5
e29
  8
Layer_0
  10
-1253.54
  20
1462.4297
  0
SEQEND
  0
POLYLINE
  5
e2b
  8
Layer_0
  62
0
  66
1
  10
0
  20
0
  30
0
  0
VERTEX
  5
e2b
  8
Layer_0
  10
-831.84277
  20
1462.4277
  42
0.05388797
  0
VERTEX
  5
e2c
  8
Layer_0
  10
-823.40771
  20
1463.3486
  42
0.098281874
  0
VERTEX
  5
e2d
  8
Layer_0
  10
-813.70898
  20
1467.7378
  42
0.033622922
  0
VERTEX
  5
e2e
  8
Layer_0
  10
-807.50049
  20
1472.7959
  0
VERTEX
  5
e2f
  8
Layer_0
  10
-807.08936
  20
1473.1494
  42
-0.1104449
  0
VERTEX
  5
e30
  8
Layer_0
  10
-803.78174
  20
1474.9238
  42
-0.068468794
  0
VERTEX
  5
e31
  8
Layer_0
  10
-800.37451
  20
1475.3008
  0
VERTEX
  5
e32
  8
Layer_0
  10
-799.84375
  20
1476.0894
  42
0.027729425
  0
VERTEX
  5
e33
  8
Layer_0
  10
-796.91553
  20
1481.0889
  0
VERTEX
  5
e34
  8
Layer_0
  10
-796.99951
  20
1481.4219
  0
VERTEX
  5
e35
  8
Layer_0
  10
-800.08301
  20
1481.4219
  42
-0.085936498
  0
VERTEX
  5
e36
  8
Layer_0
  10
-808.92627
  20
1482.8691
  42
-0.0064386262
  0
VERTEX
  5
e37
  8
Layer_0
  10
-812.14404
  20
1484.0322
  0
VERTEX
  5
e38
  8
Layer_0
  10
-812.99365
  20
1484.3281
  42
0.036495522
  0
VERTEX
  5
e39
  8
Layer_0
  10
-818.95996
  20
1485.96
  42
0.070586091
  0
VERTEX
  5
e3a
  8
Layer_0
  10
-823.1333
  20
1486.1992
  42
0.1713992
  0
VERTEX
  5
e3b
  8
Layer_0
  10
-828.58057
  20
1483.7153
  42
0.11733991
  0
VERTEX
  5
e3c
  8
Layer_0
  10
-830.63818
  20
1480.1753
  42
0.026368969
  0
VERTEX
  5
e3d
  8
Layer_0
  10
-831.00293
  20
1478.8013
  0
VERTEX
  5
e3e
  8
Layer_0
  10
-828.29443
  20
1473.5049
  0
VERTEX
  5
e3f
  8
Layer_0
  10
-827.46094
  20
1473.5049
  0
VERTEX
  5
e40
  8
Layer_0
  10
-825.54395
  20
1477.8843
  42
-0.10710861
  0
VERTEX
  5
e41
  8
Layer_0
  10
-823.67822
  20
1478.5293
  42
-0.070352535
  0
VERTEX
  5
e42
  8
Layer_0
  10
-819.51318
  20
1478.4321
  42
-0.043134196
  0
VERTEX
  5
e43
  8
Layer_0
  10
-812.42578
  20
1476.7026
  0
VERTEX
  5
e44
  8
Layer_0
  10
-811.58447
  20
1476.4243
  0
VERTEX
  5
e45
  8
Layer_0
  10
-811.58447
  20
1476.2158
  42
-0.06587699
  0
VERTEX
  5
e46
  8
Layer_0
  10
-819.59375
  20
1472.3896
  42
-0.057503589
  0
VERTEX
  5
e47
  8
Layer_0
  10
-827.44531
  20
1470.937
  42
-0.021221295
  0
VERTEX
  5
e48
  8
Layer_0
  10
-833.20166
  20
1470.7524
  42
-0.047324808
  0
VERTEX
  5
e49
  8
Layer_0
  10
-835.40625
  20
1470.855
  42
-0.11631737
  0
VERTEX
  5
e4a
  8
Layer_0
  10
-837.58301
  20
1471.6846
  42
-0.16675061
  0
VERTEX
  5
e4b
  8
Layer_0
  10
-838.9248
  20
1473.7065
  42
-0.073122847
  0
VERTEX
  5
e4c
  8
Layer_0
  10
-839.24463
  20
1476.3374
  42
-0.0029114215
  0
VERTEX
  5
e4d
  8
Layer_0
  10
-839.16748
  20
1484.3169
  0
VERTEX
  5
e4e
  8
Layer_0
  10
-839.16211
  20
1485.8091
  42
0.011611876
  0
VERTEX
  5
e4f
  8
Layer_0
  10
-839.37793
  20
1498.0151
  42
0.014697765
  0
VERTEX
  5
e50
  8
Layer_0
  10
-839.91064
  20
1505.0112
  0
VERTEX
  5
e51
  8
Layer_0
  10
-840.49316
  20
1505.3027
  42
0.027003119
  0
VERTEX
  5
e52
  8
Layer_0
  10
-845.28271
  20
1500.6768
  0
VERTEX
  5
e53
  8
Layer_0
  10
-845.02686
  20
1498.061
  42
-0.018457343
  0
VERTEX
  5
e54
  8
Layer_0
  10
-843.78223
  20
1473.4199
  0
VERTEX
  5
e55
  8
Layer_0
  10
-843.75146
  20
1472.6812
  42
0.066927675
  0
VERTEX
  5
e56
  8
Layer_0
  10
-842.98389
  20
1468.2744
  42
0.10711495
  0
VERTEX
  5
e57
  8
Layer_0
  10
-841.25098
  20
1465.2041
  42
0.17097688
  0
VERTEX
  5
e58
  8
Layer_0
  10
-835.97021
  20
1462.5479
  42
0.031296897
  0
VERTEX
  5
e59
  8
Layer_0
  10
-834.44434
  20
1462.4233
  0
VERTEX
  5
e5a
  8
Layer_0
  10
-833.20166
  20
1462.4224
  0
VERTEX
  5
e5b
  8
Layer_0
  10
-833.20166
  20
1462.4258
  0
VERTEX
  5
e5c
  8
Layer_0
  10
-833.16992
  20
1462.4224
  42
0.0036200046
  0
VERTEX
  5
e5d
  8
Layer_0
  10
-831.84277
  20
1462.4277
  0
SEQEND
  0
POLYLINE
  5
e5f
  8
Layer_0
  62
0
  66
1
  10
0
  20
0
  30
0
  0
VERTEX
  5
e5f
  8
Layer_0
  10
-1150.2222
  20
1470.7417
  42
-0.068856917
  0
VERTEX
  5
e60
  8
Layer_0
  10
-1154.4063
  20
1471.248
  42
-0.30635376
  0
VERTEX
  5
e61
  8
Layer_0
  10
-1156.7358
  20
1473.8145
  0
VERTEX
  5
e62
  8
Layer_0
  10
-1156.7808
  20
1474.0908
  0
VERTEX
  5
e63
  8
Layer_0
  10
-1156.9893
  20
1474.2993
  0
VERTEX
  5
e64
  8
Layer_0
  10
-1159.2803
  20
1472.4634
  42
0.046779775
  0
VERTEX
  5
e65
  8
Layer_0
  10
-1159.2803
  20
1468.6094
  42
0.1734444
  0
VERTEX
  5
e66
  8
Layer_0
  10
-1157.1558
  20
1464.1299
  42
0.10530682
  0
VERTEX
  5
e67
  8
Layer_0
  10
-1155.2461
  20
1463.0957
  42
0.062079952
  0
VERTEX
  5
e68
  8
Layer_0
  10
-1151.6123
  20
1462.4839
  42
0.027597369
  0
VERTEX
  5
e69
  8
Layer_0
  10
-1147.0093
  20
1462.481
  42
0.15677419
  0
VERTEX
  5
e6a
  8
Layer_0
  10
-1139.3691
  20
1465.5044
  0
VERTEX
  5
e6b
  8
Layer_0
  10
-1139.2441
  20
1465.5044
  0
VERTEX
  5
e6c
  8
Layer_0
  10
-1139.1104
  20
1464.9546
  42
0.0811828
  0
VERTEX
  5
e6d
  8
Layer_0
  10
-1137.2241
  20
1460.4097
  42
0.15899051
  0
VERTEX
  5
e6e
  8
Layer_0
  10
-1133.1172
  20
1456.9761
  42
0.11752156
  0
VERTEX
  5
e6f
  8
Layer_0
  10
-1129.9546
  20
1456.5908
  42
0.085269754
  0
VERTEX
  5
e70
  8
Layer_0
  10
-1127.376
  20
1457.2607
  42
0.10389135
  0
VERTEX
  5
e71
  8
Layer_0
  10
-1124.9536
  20
1459.145
  42
0.10581054
  0
VERTEX
  5
e72
  8
Layer_0
  10
-1122.9106
  20
1462.7598
  42
0.11663544
  0
VERTEX
  5
e73
  8
Layer_0
  10
-1122.354
  20
1467.8818
  42
0.094039825
  0
VERTEX
  5
e74
  8
Layer_0
  10
-1123.4092
  20
1471.6421
  42
0.12127531
  0
VERTEX
  5
e75
  8
Layer_0
  10
-1125.8838
  20
1474.5776
  42
0.17333244
  0
VERTEX
  5
e76
  8
Layer_0
  10
-1130.814
  20
1475.9468
  42
0.077301513
  0
VERTEX
  5
e77
  8
Layer_0
  10
-1135.0278
  20
1474.9629
  42
-0.015493386
  0
VERTEX
  5
e78
  8
Layer_0
  10
-1135.4009
  20
1484.4263
  42
-0.0021041834
  0
VERTEX
  5
e79
  8
Layer_0
  10
-1135.4868
  20
1490.9658
  0
VERTEX
  5
e7a
  8
Layer_0
  10
-1131.6904
  20
1493.8418
  0
VERTEX
  5
e7b
  8
Layer_0
  10
-1132.2373
  20
1494.7554
  42
-0.030955904
  0
VERTEX
  5
e7c
  8
Layer_0
  10
-1135.1079
  20
1500.2495
  42
-0.068004231
  0
VERTEX
  5
e7d
  8
Layer_0
  10
-1136.1997
  20
1503.9126
  42
-0.033141846
  0
VERTEX
  5
e7e
  8
Layer_0
  10
-1136.2744
  20
1504.9692
  0
VERTEX
  5
e7f
  8
Layer_0
  10
-1136.7695
  20
1505.3027
  42
0.068263773
  0
VERTEX
  5
e80
  8
Layer_0
  10
-1140.0371
  20
1502.1772
  42
0.12036596
  0
VERTEX
  5
e81
  8
Layer_0
  10
-1141.0146
  20
1499.9404
  42
0.06657842
  0
VERTEX
  5
e82
  8
Layer_0
  10
-1141.1357
  20
1497.6294
  42
0.019472999
  0
VERTEX
  5
e83
  8
Layer_0
  10
-1140.7949
  20
1494.4971
  0
VERTEX
  5
e84
  8
Layer_0
  10
-1140.7056
  20
1493.6885
  42
-0.010469461
  0
VERTEX
  5
e85
  8
Layer_0
  10
-1140.5791
  20
1492.1328
  0
VERTEX
  5
e86
  8
Layer_0
  10
-1140.3589
  20
1487.2007
  42
0.0031021608
  0
VERTEX
  5
e87
  8
Layer_0
  10
-1139.6196
  20
1472.4199
  0
VERTEX
  5
e88
  8
Layer_0
  10
-1140.0698
  20
1472.1973
  42
-0.06774299
  0
VERTEX
  5
e89
  8
Layer_0
  10
-1143.6421
  20
1471.1172
  42
-0.042743484
  0
VERTEX
  5
e8a
  8
Layer_0
  10
-1148.4146
  20
1470.7524
  0
VERTEX
  5
e8b
  8
Layer_0
  10
-1149.5327
  20
1470.7524
  0
VERTEX
  5
e8c
  8
Layer_0
  10
-1150.2222
  20
1470.7417
  0
SEQEND
  0
POLYLINE
  5
e8e
  8
Layer_0
  62
0
  66
1
  10
0
  20
0
  30
0
  0
VERTEX
  5
e8e
  8
Layer_0
  10
-964.14941
  20
1470.7417
  42
-0.068830117
  0
VERTEX
  5
e8f
  8
Layer_0
  10
-968.33398
  20
1471.248
  42
-0.30637976
  0
VERTEX
  5
e90
  8
Layer_0
  10
-970.66309
  20
1473.8145
  0
VERTEX
  5
e91
  8
Layer_0
  10
-970.70801
  20
1474.0908
  0
VERTEX
  5
e92
  8
Layer_0
  10
-970.9165
  20
1474.2993
  0
VERTEX
  5
e93
  8
Layer_0
  10
-973.20752
  20
1472.4634
  42
0.046810564
  0
VERTEX
  5
e94
  8
Layer_0
  10
-973.20801
  20
1468.6094
  42
0.17335344
  0
VERTEX
  5
e95
  8
Layer_0
  10
-971.08301
  20
1464.1299
  42
0.1055055
  0
VERTEX
  5
e96
  8
Layer_0
  10
-969.17334
  20
1463.0957
  42
0.062084708
  0
VERTEX
  5
e97
  8
Layer_0
  10
-965.53955
  20
1462.4839
  42
0.031807397
  0
VERTEX
  5
e98
  8
Layer_0
  10
-960.9917
  20
1462.498
  42
0.10074002
  0
VERTEX
  5
e99
  8
Layer_0
  10
-957.71436
  20
1463.4688
  42
0.14864063
  0
VERTEX
  5
e9a
  8
Layer_0
  10
-954.08105
  20
1467.2007
  42
0.050001877
  0
VERTEX
  5
e9b
  8
Layer_0
  10
-952.28662
  20
1471.5913
  42
0.076626816
  0
VERTEX
  5
e9c
  8
Layer_0
  10
-951.07715
  20
1479.7964
  42
0.012511082
  0
VERTEX
  5
e9d
  8
Layer_0
  10
-951.32715
  20
1491.0078
  0
VERTEX
  5
e9e
  8
Layer_0
  10
-947.61816
  20
1493.8418
  0
VERTEX
  5
e9f
  8
Layer_0
  10
-948.16504
  20
1494.7554
  42
-0.030958817
  0
VERTEX
  5
ea0
  8
Layer_0
  10
-951.03564
  20
1500.2495
  42
-0.068057532
  0
VERTEX
  5
ea1
  8
Layer_0
  10
-952.12744
  20
1503.9126
  42
-0.032664941
  0
VERTEX
  5
ea2
  8
Layer_0
  10
-952.20264
  20
1504.9692
  0
VERTEX
  5
ea3
  8
Layer_0
  10
-952.69727
  20
1505.3027
  42
0.067474992
  0
VERTEX
  5
ea4
  8
Layer_0
  10
-955.94824
  20
1502.1772
  42
0.12023361
  0
VERTEX
  5
ea5
  8
Layer_0
  10
-956.92529
  20
1499.9404
  42
0.072375539
  0
VERTEX
  5
ea6
  8
Layer_0
  10
-957.01123
  20
1497.189
  42
0.0034213387
  0
VERTEX
  5
ea7
  8
Layer_0
  10
-956.46875
  20
1491.4937
  0
VERTEX
  5
ea8
  8
Layer_0
  10
-956.38574
  20
1490.5542
  42
-0.024511509
  0
VERTEX
  5
ea9
  8
Layer_0
  10
-955.7002
  20
1475.4341
  42
-0.04850504
  0
VERTEX
  5
eaa
  8
Layer_0
  10
-955.86719
  20
1473.4883
  42
-0.17742489
  0
VERTEX
  5
eab
  8
Layer_0
  10
-956.64404
  20
1472.2441
  42
-0.12245923
  0
VERTEX
  5
eac
  8
Layer_0
  10
-959.20166
  20
1471.0581
  42
-0.055753489
  0
VERTEX
  5
ead
  8
Layer_0
  10
-962.32471
  20
1470.7524
  0
VERTEX
  5
eae
  8
Layer_0
  10
-963.45996
  20
1470.7524
  0
VERTEX
  5
eaf
  8
Layer_0
  10
-964.14941
  20
1470.7417
  0
SEQEND
  0
POLYLINE
  5
eb1
  8
Layer_0
  62
0
  66
1
  10
0
  20
0
  30
0
  0
VERTEX
  5
eb1
  8
Layer_0
  10
-1113.5488
  20
1461.8789
  42
0.0495273
  0
VERTEX
  5
eb2
  8
Layer_0
  10
-1110.4858
  20
1466.436
  42
0.068358812
  0
VERTEX
  5
eb3
  8
Layer_0
  10
-1109.8384
  20
1468.9277
  42
0.029796314
  0
VERTEX
  5
eb4
  8
Layer_0
  10
-1109.3999
  20
1475.0186
  42
0.017755391
  0
VERTEX
  5
eb5
  8
Layer_0
  10
-1109.8164
  20
1497.3281
  42
0.0073468499
  0
VERTEX
  5
eb6
  8
Layer_0
  10
-1110.3174
  20
1503.9741
  0
VERTEX
  5
eb7
  8
Layer_0
  10
-1111.0249
  20
1504.3496
  42
0.025842433
  0
VERTEX
  5
eb8
  8
Layer_0
  10
-1115.856
  20
1499.0566
  0
VERTEX
  5
eb9
  8
Layer_0
  10
-1115.5088
  20
1495.6426
  42
-0.027734946
  0
VERTEX
  5
eba
  8
Layer_0
  10
-1114.4814
  20
1468.457
  42
-0.028358724
  0
VERTEX
  5
ebb
  8
Layer_0
  10
-1114.981
  20
1461.9224
  0
VERTEX
  5
ebc
  8
Layer_0
  10
-1114.0645
  20
1461.2554
  0
VERTEX
  5
ebd
  8
Layer_0
  10
-1113.5488
  20
1461.8789
  0
SEQEND
  0
POLYLINE
  5
ebf
  8
Layer_0
  62
0
  66
1
  10
0
  20
0
  30
0
  0
VERTEX
  5
ebf
  8
Layer_0
  10
-657.03223
  20
1491.7056
  42
0.094943928
  0
VERTEX
  5
ec0
  8
Layer_0
  10
-653.8623
  20
1496.3008
  42
0.044538747
  0
VERTEX
  5
ec1
  8
Layer_0
  10
-659.81689
  20
1501.1768
  0
VERTEX
  5
ec2
  8
Layer_0
  10
-663.65088
  20
1495.8003
  0
VERTEX
  5
ec3
  8
Layer_0
  10
-662.81396
  20
1495.2085
  42
-0.025176108
  0
VERTEX
  5
ec4
  8
Layer_0
  10
-657.60938
  20
1491.1743
  0
VERTEX
  5
ec5
  8
Layer_0
  10
-657.03223
  20
1491.7056
  0
SEQEND
  0
POLYLINE
  5
ec7
  8
Layer_0
  62
0
  66
1
  10
0
  20
0
  30
0
  0
VERTEX
  5
ec7
  8
Layer_0
  10
-857.46094
  20
1490.7891
  42
0.095233137
  0
VERTEX
  5
ec8
  8
Layer_0
  10
-854.29053
  20
1495.3838
  42
0.044677395
  0
VERTEX
  5
ec9
  8
Layer_0
  10
-860.24805
  20
1500.2598
  0
VERTEX
  5
eca
  8
Layer_0
  10
-864.08203
  20
1494.8838
  0
VERTEX
  5
ecb
  8
Layer_0
  10
-863.24512
  20
1494.2915
  42
-0.02510645
  0
VERTEX
  5
ecc
  8
Layer_0
  10
-858.03906
  20
1490.2573
  0
VERTEX
  5
ecd
  8
Layer_0
  10
-857.46094
  20
1490.7891
  0
SEQEND
  0
POLYLINE
  5
ecf
  8
Layer_0
  62
0
  66
1
  10
0
  20
0
  30
0
  0
VERTEX
  5
ecf
  8
Layer_0
  10
-1290.5811
  20
1489.998
  42
0.022561491
  0
VERTEX
  5
ed0
  8
Layer_0
  10
-1287.5571
  20
1493.9248
  42
0.021758703
  0
VERTEX
  5
ed1
  8
Layer_0
  10
-1293.4336
  20
1499.3013
  0
VERTEX
  5
ed2
  8
Layer_0
  10
-1297.7261
  20
1494.0918
  0
VERTEX
  5
ed3
  8
Layer_0
  10
-1296.9736
  20
1493.4746
  42
-0.02058671
  0
VERTEX
  5
ed4
  8
Layer_0
  10
-1291.6831
  20
1488.7153
  0
VERTEX
  5
ed5
  8
Layer_0
  10
-1290.5811
  20
1489.998
  0
SEQEND
  0
POLYLINE
  5
ed7
  8
Layer_0
  62
0
  66
1
  10
0
  20
0
  30
0
  0
VERTEX
  5
ed7
  8
Layer_0
  10
-1300.667
  20
1489.4565
  42
0.02271165
  0
VERTEX
  5
ed8
  8
Layer_0
  10
-1297.6431
  20
1493.3833
  42
0.021679027
  0
VERTEX
  5
ed9
  8
Layer_0
  10
-1303.5195
  20
1498.7598
  0
VERTEX
  5
eda
  8
Layer_0
  10
-1307.812
  20
1493.5498
  0
VERTEX
  5
edb
  8
Layer_0
  10
-1307.0596
  20
1492.9326
  42
-0.020616091
  0
VERTEX
  5
edc
  8
Layer_0
  10
-1301.769
  20
1488.1738
  0
VERTEX
  5
edd
  8
Layer_0
  10
-1300.667
  20
1489.4565
  0
SEQEND
  0
POLYLINE
  5
edf
  8
Layer_0
  62
0
  66
1
  10
0
  20
0
  30
0
  0
VERTEX
  5
edf
  8
Layer_0
  10
-1191.5693
  20
1484.3574
  0
VERTEX
  5
ee0
  8
Layer_0
  10
-1190.9956
  20
1484.8496
  42
0.060208026
  0
VERTEX
  5
ee1
  8
Layer_0
  10
-1188.0854
  20
1488.1318
  42
0.052563793
  0
VERTEX
  5
ee2
  8
Layer_0
  10
-1192.8354
  20
1493.2998
  0
VERTEX
  5
ee3
  8
Layer_0
  10
-1197.0439
  20
1488.8403
  0
VERTEX
  5
ee4
  8
Layer_0
  10
-1195.8018
  20
1487.6201
  42
-0.010929688
  0
VERTEX
  5
ee5
  8
Layer_0
  10
-1192.1689
  20
1483.8809
  0
VERTEX
  5
ee6
  8
Layer_0
  10
-1191.5693
  20
1484.3574
  0
SEQEND
  0
POLYLINE
  5
ee8
  8
Layer_0
  62
0
  66
1
  10
0
  20
0
  30
0
  0
VERTEX
  5
ee8
  8
Layer_0
  10
-724.63525
  20
1461.9014
  42
0.14093488
  0
VERTEX
  5
ee9
  8
Layer_0
  10
-715.06787
  20
1465.0825
  42
0.018894841
  0
VERTEX
  5
eea
  8
Layer_0
  10
-713.80859
  20
1466.0039
  42
0.30388725
  0
VERTEX
  5
eeb
  8
Layer_0
  10
-715.09668
  20
1483.6797
  42
0.063271041
  0
VERTEX
  5
eec
  8
Layer_0
  10
-721.9165
  20
1490.334
  42
0.024713166
  0
VERTEX
  5
eed
  8
Layer_0
  10
-726.06152
  20
1493.2163
  0
VERTEX
  5
eee
  8
Layer_0
  10
-726.35352
  20
1493.2163
  42
0.037332702
  0
VERTEX
  5
eef
  8
Layer_0
  10
-728.5874
  20
1488.7158
  42
0.08116938
  0
VERTEX
  5
ef0
  8
Layer_0
  10
-729.02051
  20
1486.7983
  42
0.20619073
  0
VERTEX
  5
ef1
  8
Layer_0
  10
-728.40576
  20
1485.5063
  42
0.066263953
  0
VERTEX
  5
ef2
  8
Layer_0
  10
-726.72852
  20
1484.3394
  0
VERTEX
  5
ef3
  8
Layer_0
  10
-725.65967
  20
1483.731
  42
-0.056485098
  0
VERTEX
  5
ef4
  8
Layer_0
  10
-720.25586
  20
1479.7261
  42
-0.072500257
  0
VERTEX
  5
ef5
  8
Layer_0
  10
-717.15771
  20
1475.9058
  42
-0.066212837
  0
VERTEX
  5
ef6
  8
Layer_0
  10
-715.72559
  20
1472.5029
  42
-0.050691315
  0
VERTEX
  5
ef7
  8
Layer_0
  10
-719.97559
  20
1470.8237
  42
-0.088978037
  0
VERTEX
  5
ef8
  8
Layer_0
  10
-726.16748
  20
1470.2314
  42
-0.085244167
  0
VERTEX
  5
ef9
  8
Layer_0
  10
-728.42041
  20
1470.8281
  42
-0.13320104
  0
VERTEX
  5
efa
  8
Layer_0
  10
-729.9458
  20
1472.0781
  42
-0.12452422
  0
VERTEX
  5
efb
  8
Layer_0
  10
-730.75684
  20
1474.4424
  42
-0.027489595
  0
VERTEX
  5
efc
  8
Layer_0
  10
-730.81299
  20
1475.4619
  0
VERTEX
  5
efd
  8
Layer_0
  10
-733.47559
  20
1475.4619
  42
0.040339655
  0
VERTEX
  5
efe
  8
Layer_0
  10
-733.68311
  20
1469.7915
  42
0.085567577
  0
VERTEX
  5
eff
  8
Layer_0
  10
-732.84863
  20
1466.0518
  42
0.22577143
  0
VERTEX
  5
f00
  8
Layer_0
  10
-728.54492
  20
1462.2871
  42
0.074770968
  0
VERTEX
  5
f01
  8
Layer_0
  10
-725.47803
  20
1461.8809
  0
VERTEX
  5
f02
  8
Layer_0
  10
-724.63525
  20
1461.9014
  0
SEQEND
  0
POLYLINE
  5
f04
  8
Layer_0
  62
0
  66
1
  10
0
  20
0
  30
0
  0
VERTEX
  5
f04
  8
Layer_0
  10
-1200.3613
  20
1483.9824
  0
VERTEX
  5
f05
  8
Layer_0
  10
-1199.7876
  20
1484.4746
  42
0.060259448
  0
VERTEX
  5
f06
  8
Layer_0
  10
-1196.8774
  20
1487.7568
  42
0.052562197
  0
VERTEX
  5
f07
  8
Layer_0
  10
-1201.6274
  20
1492.9248
  0
VERTEX
  5
f08
  8
Layer_0
  10
-1205.8354
  20
1488.4653
  0
VERTEX
  5
f09
  8
Layer_0
  10
-1204.5933
  20
1487.2451
  42
-0.010904934
  0
VERTEX
  5
f0a
  8
Layer_0
  10
-1200.9604
  20
1483.5059
  0
VERTEX
  5
f0b
  8
Layer_0
  10
-1200.3613
  20
1483.9824
  0
SEQEND
  0
POLYLINE
  5
f0d
  8
Layer_0
  62
0
  66
1
  10
0
  20
0
  30
0
  0
VERTEX
  5
f0d
  8
Layer_0
  10
-1298.9854
  20
1460.6411
  42
0.03182878
  0
VERTEX
  5
f0e
  8
Layer_0
  10
-1291.9238
  20
1461.2461
  42
0.05871759
  0
VERTEX
  5
f0f
  8
Layer_0
  10
-1280.5044
  20
1464.2603
  42
0.027237221
  0
VERTEX
  5
f10
  8
Layer_0
  10
-1277.3462
  20
1465.7534
  42
0.068036854
  0
VERTEX
  5
f11
  8
Layer_0
  10
-1275.5229
  20
1468.9492
  42
0.071818534
  0
VERTEX
  5
f12
  8
Layer_0
  10
-1273.9507
  20
1474.9028
  42
0.096404624
  0
VERTEX
  5
f13
  8
Layer_0
  10
-1274.1963
  20
1478.1797
  42
0.055626331
  0
VERTEX
  5
f14
  8
Layer_0
  10
-1276.8887
  20
1485.1333
  42
0.014866135
  0
VERTEX
  5
f15
  8
Layer_0
  10
-1278.3047
  20
1487.7153
  0
VERTEX
  5
f16
  8
Layer_0
  10
-1278.7632
  20
1487.6733
  42
0.024751093
  0
VERTEX
  5
f17
  8
Layer_0
  10
-1281.8462
  20
1482.8618
  0
VERTEX
  5
f18
  8
Layer_0
  10
-1282.8057
  20
1481.1719
  0
VERTEX
  5
f19
  8
Layer_0
  10
-1282.4443
  20
1480.5142
  42
-0.029779854
  0
VERTEX
  5
f1a
  8
Layer_0
  10
-1278.9927
  20
1473.4214
  42
-0.007976131
  0
VERTEX
  5
f1b
  8
Layer_0
  10
-1278.6797
  20
1472.5864
  42
-0.023680249
  0
VERTEX
  5
f1c
  8
Layer_0
  10
-1279.4644
  20
1472.2456
  42
-0.036682351
  0
VERTEX
  5
f1d
  8
Layer_0
  10
-1284.8408
  20
1470.7935
  42
-0.043918185
  0
VERTEX
  5
f1e
  8
Layer_0
  10
-1297.0537
  20
1469.3081
  42
-0.051490738
  0
VERTEX
  5
f1f
  8
Layer_0
  10
-1305.271
  20
1469.9263
  42
-0.086011029
  0
VERTEX
  5
f20
  8
Layer_0
  10
-1311.4717
  20
1472.1699
  42
-0.1149252
  0
VERTEX
  5
f21
  8
Layer_0
  10
-1314.9282
  20
1475.3257
  42
-0.182207
  0
VERTEX
  5
f22
  8
Layer_0
  10
-1316.4966
  20
1481.9531
  42
-0.048321556
  0
VERTEX
  5
f23
  8
Layer_0
  10
-1315.6055
  20
1485.7979
  0
VERTEX
  5
f24
  8
Layer_0
  10
-1318.146
  20
1486.6733
  42
0.09463802
  0
VERTEX
  5
f25
  8
Layer_0
  10
-1320.6094
  20
1476.9629
  42
0.07026921
  0
VERTEX
  5
f26
  8
Layer_0
  10
-1320.2275
  20
1471.8794
  42
0.18214961
  0
VERTEX
  5
f27
  8
Layer_0
  10
-1315.3296
  20
1464.5537
  42
0.07706839
  0
VERTEX
  5
f28
  8
Layer_0
  10
-1310.4233
  20
1462.1016
  42
0.062909331
  0
VERTEX
  5
f29
  8
Layer_0
  10
-1303.6357
  20
1460.7773
  42
0.024465564
  0
VERTEX
  5
f2a
  8
Layer_0
  10
-1298.9854
  20
1460.6411
  0
SEQEND
  0
POLYLINE
  5
f2c
  8
Layer_0
  62
0
  66
1
  10
0
  20
0
  30
0
  0
VERTEX
  5
f2c
  8
Layer_0
  10
-697.85303
  20
1447.2275
  42
0.15774842
  0
VERTEX
  5
f2d
  8
Layer_0
  10
-692.2583
  20
1449.4771
  42
0.085280869
  0
VERTEX
  5
f2e
  8
Layer_0
  10
-688.0874
  20
1454.2808
  42
0.08027215
  0
VERTEX
  5
f2f
  8
Layer_0
  10
-684.75635
  20
1462.4224
  0
VERTEX
  5
f30
  8
Layer_0
  10
-681.63086
  20
1462.4224
  0
VERTEX
  5
f31
  8
Layer_0
  10
-681.63086
  20
1462.4658
  0
VERTEX
  5
f32
  8
Layer_0
  10
-681.6001
  20
1462.459
  42
0.030436109
  0
VERTEX
  5
f33
  8
Layer_0
  10
-679.83057
  20
1462.4355
  42
0.062555163
  0
VERTEX
  5
f34
  8
Layer_0
  10
-675.72803
  20
1463.0356
  42
0.10785399
  0
VERTEX
  5
f35
  8
Layer_0
  10
-672.23047
  20
1464.8516
  42
0.035703997
  0
VERTEX
  5
f36
  8
Layer_0
  10
-671.48633
  20
1465.5869
  0
VERTEX
  5
f37
  8
Layer_0
  10
-671.27783
  20
1465.5449
  0
VERTEX
  5
f38
  8
Layer_0
  10
-671.18506
  20
1465.0415
  42
0.09712492
  0
VERTEX
  5
f39
  8
Layer_0
  10
-669.37939
  20
1460.3843
  42
0.13201711
  0
VERTEX
  5
f3a
  8
Layer_0
  10
-666.22021
  20
1457.4619
  42
0.22998541
  0
VERTEX
  5
f3b
  8
Layer_0
  10
-659.95752
  20
1457.3472
  42
0.10013803
  0
VERTEX
  5
f3c
  8
Layer_0
  10
-657.71582
  20
1459.1616
  42
0.099833446
  0
VERTEX
  5
f3d
  8
Layer_0
  10
-655.70459
  20
1462.8032
  42
0.1547952
  0
VERTEX
  5
f3e
  8
Layer_0
  10
-655.47217
  20
1469.8994
  42
0.18263165
  0
VERTEX
  5
f3f
  8
Layer_0
  10
-658.77783
  20
1474.4839
  42
0.16379276
  0
VERTEX
  5
f40
  8
Layer_0
  10
-662.76465
  20
1475.438
  42
0.11926042
  0
VERTEX
  5
f41
  8
Layer_0
  10
-666.69336
  20
1474.1709
  0
VERTEX
  5
f42
  8
Layer_0
  10
-666.85986
  20
1474.2959
  42
-0.11065915
  0
VERTEX
  5
f43
  8
Layer_0
  10
-664.43213
  20
1477.7271
  42
-0.16595455
  0
VERTEX
  5
f44
  8
Layer_0
  10
-658.8291
  20
1480.0249
  42
-0.10680779
  0
VERTEX
  5
f45
  8
Layer_0
  10
-655.42383
  20
1479.606
  42
-0.16395095
  0
VERTEX
  5
f46
  8
Layer_0
  10
-652.44531
  20
1477.1729
  0
VERTEX
  5
f47
  8
Layer_0
  10
-651.77832
  20
1477.2563
  42
0.050129453
  0
VERTEX
  5
f48
  8
Layer_0
  10
-650.81104
  20
1481.103
  42
0.10048086
  0
VERTEX
  5
f49
  8
Layer_0
  10
-650.96729
  20
1484.0059
  42
0.23309952
  0
VERTEX
  5
f4a
  8
Layer_0
  10
-653.62695
  20
1487.0352
  42
0.099637911
  0
VERTEX
  5
f4b
  8
Layer_0
  10
-656.61084
  20
1487.5903
  42
0.19218725
  0
VERTEX
  5
f4c
  8
Layer_0
  10
-665.19873
  20
1484.1309
  42
0.0974533
  0
VERTEX
  5
f4d
  8
Layer_0
  10
-669.23535
  20
1478.4077
  42
0.0510374
  0
VERTEX
  5
f4e
  8
Layer_0
  10
-671.02783
  20
1473.0469
  0
VERTEX
  5
f4f
  8
Layer_0
  10
-671.4165
  20
1472.748
  42
-0.090195143
  0
VERTEX
  5
f50
  8
Layer_0
  10
-674.39355
  20
1471.4185
  42
-0.057624865
  0
VERTEX
  5
f51
  8
Layer_0
  10
-679.87109
  20
1470.7578
  42
-0.0034238539
  0
VERTEX
  5
f52
  8
Layer_0
  10
-681.23877
  20
1470.7524
  0
VERTEX
  5
f53
  8
Layer_0
  10
-681.6001
  20
1470.7158
  0
VERTEX
  5
f54
  8
Layer_0
  10
-681.63086
  20
1470.709
  0
VERTEX
  5
f55
  8
Layer_0
  10
-681.63086
  20
1470.7529
  0
VERTEX
  5
f56
  8
Layer_0
  10
-684.46484
  20
1470.7529
  0
VERTEX
  5
f57
  8
Layer_0
  10
-684.62402
  20
1471.5596
  42
0.052120594
  0
VERTEX
  5
f58
  8
Layer_0
  10
-686.67188
  20
1478.3442
  42
0.073966776
  0
VERTEX
  5
f59
  8
Layer_0
  10
-688.9126
  20
1482.0718
  42
0.14717754
  0
VERTEX
  5
f5a
  8
Layer_0
  10
-692.12939
  20
1484.2227
  42
0.18805858
  0
VERTEX
  5
f5b
  8
Layer_0
  10
-696.86963
  20
1483.7251
  42
0.093621584
  0
VERTEX
  5
f5c
  8
Layer_0
  10
-700.08936
  20
1481.1924
  42
0.10563193
  0
VERTEX
  5
f5d
  8
Layer_0
  10
-703.03076
  20
1476.2935
  42
0.11817652
  0
VERTEX
  5
f5e
  8
Layer_0
  10
-703.47803
  20
1470.4966
  42
0.10750146
  0
VERTEX
  5
f5f
  8
Layer_0
  10
-702.1709
  20
1466.8018
  42
0.12460336
  0
VERTEX
  5
f60
  8
Layer_0
  10
-699.5376
  20
1464.354
  42
0.090984858
  0
VERTEX
  5
f61
  8
Layer_0
  10
-694.5708
  20
1462.6973
  42
0.035809761
  0
VERTEX
  5
f62
  8
Layer_0
  10
-691.12939
  20
1462.4224
  0
VERTEX
  5
f63
  8
Layer_0
  10
-689.21582
  20
1462.4224
  42
-0.074914778
  0
VERTEX
  5
f64
  8
Layer_0
  10
-691.07031
  20
1459.8281
  42
-0.077126869
  0
VERTEX
  5
f65
  8
Layer_0
  10
-697.86621
  20
1454.6787
  42
-0.067688669
  0
VERTEX
  5
f66
  8
Layer_0
  10
-701.79541
  20
1453.1807
  42
-0.14641402
  0
VERTEX
  5
f67
  8
Layer_0
  10
-708.36768
  20
1453.5767
  42
-0.021650035
  0
VERTEX
  5
f68
  8
Layer_0
  10
-709.54883
  20
1454.041
  0
VERTEX
  5
f69
  8
Layer_0
  10
-710.50732
  20
1451.832
  42
0.057392262
  0
VERTEX
  5
f6a
  8
Layer_0
  10
-704.13232
  20
1448.397
  42
0.079091959
  0
VERTEX
  5
f6b
  8
Layer_0
  10
-698.96631
  20
1447.2305
  42
0.034989508
  0
VERTEX
  5
f6c
  8
Layer_0
  10
-697.85303
  20
1447.2275
  0
SEQEND
  0
POLYLINE
  5
f6e
  8
Layer_0
  62
0
  66
1
  10
0
  20
0
  30
0
  0
VERTEX
  5
f6e
  8
Layer_0
  10
-884.8374
  20
1462.4419
  42
0.17373913
  0
VERTEX
  5
f6f
  8
Layer_0
  10
-878.59814
  20
1465.0054
  42
0.050606012
  0
VERTEX
  5
f70
  8
Layer_0
  10
-876.79834
  20
1466.9624
  0
VERTEX
  5
f71
  8
Layer_0
  10
-876.67285
  20
1466.9624
  0
VERTEX
  5
f72
  8
Layer_0
  10
-876.4585
  20
1466.623
  42
0.12506732
  0
VERTEX
  5
f73
  8
Layer_0
  10
-873.40039
  20
1463.6812
  42
0.061100648
  0
VERTEX
  5
f74
  8
Layer_0
  10
-871.22803
  20
1462.873
  42
0.07017614
  0
VERTEX
  5
f75
  8
Layer_0
  10
-867.13135
  20
1462.4224
  0
VERTEX
  5
f76
  8
Layer_0
  10
-866.58984
  20
1462.4224
  0
VERTEX
  5
f77
  8
Layer_0
  10
-866.58984
  20
1462.4355
  0
VERTEX
  5
f78
  8
Layer_0
  10
-866.45752
  20
1462.4224
  42
0.046298828
  0
VERTEX
  5
f79
  8
Layer_0
  10
-860.96143
  20
1462.8027
  42
0.078847888
  0
VERTEX
  5
f7a
  8
Layer_0
  10
-856.92871
  20
1464.0977
  42
0.10910623
  0
VERTEX
  5
f7b
  8
Layer_0
  10
-854.375
  20
1466.4917
  42
0.028458431
  0
VERTEX
  5
f7c
  8
Layer_0
  10
-853.37451
  20
1468.0869
  42
0.12118786
  0
VERTEX
  5
f7d
  8
Layer_0
  10
-851.68213
  20
1476.1826
  42
0.062930978
  0
VERTEX
  5
f7e
  8
Layer_0
  10
-852.45117
  20
1479.8398
  42
0.039441391
  0
VERTEX
  5
f7f
  8
Layer_0
  10
-854.86816
  20
1485.4258
  42
0.0075374434
  0
VERTEX
  5
f80
  8
Layer_0
  10
-855.87256
  20
1487.2983
  0
VERTEX
  5
f81
  8
Layer_0
  10
-856.28857
  20
1487.3818
  42
0.030901913
  0
VERTEX
  5
f82
  8
Layer_0
  10
-860.53955
  20
1480.8799
  0
VERTEX
  5
f83
  8
Layer_0
  10
-859.57129
  20
1479.1768
  42
-0.02287107
  0
VERTEX
  5
f84
  8
Layer_0
  10
-857.08838
  20
1474.2949
  42
-0.061487863
  0
VERTEX
  5
f85
  8
Layer_0
  10
-856.47021
  20
1472.5259
  42
-0.3710331
  0
VERTEX
  5
f86
  8
Layer_0
  10
-856.65332
  20
1472.1152
  42
-0.079494787
  0
VERTEX
  5
f87
  8
Layer_0
  10
-858.07227
  20
1471.5688
  42
-0.046289121
  0
VERTEX
  5
f88
  8
Layer_0
  10
-863.20361
  20
1470.8267
  42
-0.013616618
  0
VERTEX
  5
f89
  8
Layer_0
  10
-866.58984
  20
1470.7524
  42
-0.077810751
  0
VERTEX
  5
f8a
  8
Layer_0
  10
-869.52197
  20
1471.0757
  42
-0.088876883
  0
VERTEX
  5
f8b
  8
Layer_0
  10
-871.82861
  20
1472.1636
  42
-0.22089107
  0
VERTEX
  5
f8c
  8
Layer_0
  10
-873.53955
  20
1475.2251
  42
-0.090085536
  0
VERTEX
  5
f8d
  8
Layer_0
  10
-873.38135
  20
1477.8271
  42
-0.016637319
  0
VERTEX
  5
f8e
  8
Layer_0
  10
-872.79785
  20
1480.0884
  0
VERTEX
  5
f8f
  8
Layer_0
  10
-873.08984
  20
1480.3384
  42
0.022277207
  0
VERTEX
  5
f90
  8
Layer_0
  10
-876.42285
  20
1478.1709
  42
0.0045353554
  0
VERTEX
  5
f91
  8
Layer_0
  10
-877.78027
  20
1474.5698
  0
VERTEX
  5
f92
  8
Layer_0
  10
-877.97705
  20
1474.1738
  42
-0.16719699
  0
VERTEX
  5
f93
  8
Layer_0
  10
-880.9126
  20
1471.5967
  42
-0.096077129
  0
VERTEX
  5
f94
  8
Layer_0
  10
-884.5249
  20
1470.7813
  42
-0.012138613
  0
VERTEX
  5
f95
  8
Layer_0
  10
-885.50635
  20
1470.7524
  0
VERTEX
  5
f96
  8
Layer_0
  10
-901.22314
  20
1470.7524
  0
VERTEX
  5
f97
  8
Layer_0
  10
-905.14063
  20
1463.9219
  0
VERTEX
  5
f98
  8
Layer_0
  10
-904.55762
  20
1463.1724
  0
VERTEX
  5
f99
  8
Layer_0
  10
-903.41699
  20
1463.1211
  42
-0.039057678
  0
VERTEX
  5
f9a
  8
Layer_0
  10
-896.77441
  20
1462.3335
  42
-0.073545645
  0
VERTEX
  5
f9b
  8
Layer_0
  10
-893.61182
  20
1461.2417
  42
-0.079576319
  0
VERTEX
  5
f9c
  8
Layer_0
  10
-892.4292
  20
1460.3369
  0
VERTEX
  5
f9d
  8
Layer_0
  10
-893.42139
  20
1459.6812
  42
-0.059200587
  0
VERTEX
  5
f9e
  8
Layer_0
  10
-899.35254
  20
1456.772
  42
-0.097176904
  0
VERTEX
  5
f9f
  8
Layer_0
  10
-909.54883
  20
1455.3794
  42
-0.10420286
  0
VERTEX
  5
fa0
  8
Layer_0
  10
-914.85352
  20
1456.8071
  42
-0.14347236
  0
VERTEX
  5
fa1
  8
Layer_0
  10
-919.02197
  20
1460.7344
  42
-0.08896871
  0
VERTEX
  5
fa2
  8
Layer_0
  10
-920.47168
  20
1464.98
  42
-0.057107508
  0
VERTEX
  5
fa3
  8
Layer_0
  10
-920.68945
  20
1468.9185
  42
-0.059486659
  0
VERTEX
  5
fa4
  8
Layer_0
  10
-919.51953
  20
1474.1226
  42
-0.020661697
  0
VERTEX
  5
fa5
  8
Layer_0
  10
-918.14404
  20
1477.6709
  0
VERTEX
  5
fa6
  8
Layer_0
  10
-920.47803
  20
1478.7964
  42
0.053316855
  0
VERTEX
  5
fa7
  8
Layer_0
  10
-924.15039
  20
1469.5933
  42
0.075963064
  0
VERTEX
  5
fa8
  8
Layer_0
  10
-925.07422
  20
1461.8574
  42
0.074593475
  0
VERTEX
  5
fa9
  8
Layer_0
  10
-924.01855
  20
1456.0273
  42
0.15385825
  0
VERTEX
  5
faa
  8
Layer_0
  10
-919.27393
  20
1449.5405
  42
0.10558825
  0
VERTEX
  5
fab
  8
Layer_0
  10
-913.78857
  20
1447.1519
  42
0.093964073
  0
VERTEX
  5
fac
  8
Layer_0
  10
-905.72363
  20
1447.0327
  42
0.13819724
  0
VERTEX
  5
fad
  8
Layer_0
  10
-890.30371
  20
1454.3325
  42
0.050546254
  0
VERTEX
  5
fae
  8
Layer_0
  10
-888.46875
  20
1458.4263
  42
0.10434918
  0
VERTEX
  5
faf
  8
Layer_0
  10
-888.17334
  20
1461.416
  42
0.02730416
  0
VERTEX
  5
fb0
  8
Layer_0
  10
-888.30322
  20
1462.4224
  0
VERTEX
  5
fb1
  8
Layer_0
  10
-885.50635
  20
1462.4224
  0
VERTEX
  5
fb2
  8
Layer_0
  10
-884.8374
  20
1462.4419
  0
SEQEND
  0
POLYLINE
  5
fb4
  8
Layer_0
  62
0
  66
1
  10
0
  20
0
  30
0
  0
VERTEX
  5
fb4
  8
Layer_0
  10
-1051.2783
  20
1462.4419
  42
0.12679512
  0
VERTEX
  5
fb5
  8
Layer_0
  10
-1046.5459
  20
1463.8887
  42
0.093551479
  0
VERTEX
  5
fb6
  8
Layer_0
  10
-1043.2393
  20
1466.9624
  0
VERTEX
  5
fb7
  8
Layer_0
  10
-1043.1143
  20
1466.9624
  0
VERTEX
  5
fb8
  8
Layer_0
  10
-1042.8999
  20
1466.623
  42
0.12501842
  0
VERTEX
  5
fb9
  8
Layer_0
  10
-1039.8418
  20
1463.6812
  42
0.060975553
  0
VERTEX
  5
fba
  8
Layer_0
  10
-1037.6689
  20
1462.873
  42
0.070203655
  0
VERTEX
  5
fbb
  8
Layer_0
  10
-1033.5723
  20
1462.4224
  0
VERTEX
  5
fbc
  8
Layer_0
  10
-1033.0308
  20
1462.4224
  0
VERTEX
  5
fbd
  8
Layer_0
  10
-1033.0308
  20
1462.4355
  42
0.070354986
  0
VERTEX
  5
fbe
  8
Layer_0
  10
-1030.1182
  20
1462.6475
  42
0.11051572
  0
VERTEX
  5
fbf
  8
Layer_0
  10
-1027.1987
  20
1464.0288
  42
0.088900293
  0
VERTEX
  5
fc0
  8
Layer_0
  10
-1025.2031
  20
1466.4521
  0
VERTEX
  5
fc1
  8
Layer_0
  10
-1024.8555
  20
1467.0874
  0
VERTEX
  5
fc2
  8
Layer_0
  10
-1024.6885
  20
1467.0874
  0
VERTEX
  5
fc3
  8
Layer_0
  10
-1024.002
  20
1466.3589
  42
0.088488536
  0
VERTEX
  5
fc4
  8
Layer_0
  10
-1018.0503
  20
1462.0234
  42
0.071119692
  0
VERTEX
  5
fc5
  8
Layer_0
  10
-1014.5229
  20
1460.8306
  42
0.07104604
  0
VERTEX
  5
fc6
  8
Layer_0
  10
-1012.8384
  20
1460.7368
  42
0.18970541
  0
VERTEX
  5
fc7
  8
Layer_0
  10
-1010.2983
  20
1462.042
  42
0.09157887
  0
VERTEX
  5
fc8
  8
Layer_0
  10
-1008.7549
  20
1464.6709
  42
0.020988007
  0
VERTEX
  5
fc9
  8
Layer_0
  10
-1008.3555
  20
1465.8379
  0
VERTEX
  5
fca
  8
Layer_0
  10
-1008.272
  20
1465.8379
  0
VERTEX
  5
fcb
  8
Layer_0
  10
-1007.8833
  20
1465.3286
  42
0.092655273
  0
VERTEX
  5
fcc
  8
Layer_0
  10
-1005.7803
  20
1463.4648
  42
0.093637516
  0
VERTEX
  5
fcd
  8
Layer_0
  10
-1002.5327
  20
1462.481
  42
0.033287699
  0
VERTEX
  5
fce
  8
Layer_0
  10
-1000.563
  20
1462.4321
  42
0.050197586
  0
VERTEX
  5
fcf
  8
Layer_0
  10
-991.85547
  20
1463.1045
  42
0.10888472
  0
VERTEX
  5
fd0
  8
Layer_0
  10
-981.03369
  20
1467.7378
  42
0.033375388
  0
VERTEX
  5
fd1
  8
Layer_0
  10
-974.83301
  20
1472.7959
  0
VERTEX
  5
fd2
  8
Layer_0
  10
-974.4209
  20
1473.1494
  42
-0.16332352
  0
VERTEX
  5
fd3
  8
Layer_0
  10
-969.22949
  20
1475.2446
  42
-0.026128199
  0
VERTEX
  5
fd4
  8
Layer_0
  10
-967.66748
  20
1475.3008
  0
VERTEX
  5
fd5
  8
Layer_0
  10
-967.13623
  20
1476.0894
  42
0.027792402
  0
VERTEX
  5
fd6
  8
Layer_0
  10
-964.20996
  20
1481.0889
  0
VERTEX
  5
fd7
  8
Layer_0
  10
-964.29297
  20
1481.4219
  0
VERTEX
  5
fd8
  8
Layer_0
  10
-967.37549
  20
1481.4219
  42
-0.085928615
  0
VERTEX
  5
fd9
  8
Layer_0
  10
-976.21729
  20
1482.8691
  42
-0.0064412098
  0
VERTEX
  5
fda
  8
Layer_0
  10
-979.43506
  20
1484.0322
  0
VERTEX
  5
fdb
  8
Layer_0
  10
-980.28516
  20
1484.3281
  42
0.036481665
  0
VERTEX
  5
fdc
  8
Layer_0
  10
-986.25195
  20
1485.96
  42
0.070571805
  0
VERTEX
  5
fdd
  8
Layer_0
  10
-990.42627
  20
1486.1992
  42
0.17140358
  0
VERTEX
  5
fde
  8
Layer_0
  10
-995.87402
  20
1483.7153
  42
0.11742184
  0
VERTEX
  5
fdf
  8
Layer_0
  10
-997.93213
  20
1480.1753
  42
0.026367886
  0
VERTEX
  5
fe0
  8
Layer_0
  10
-998.29688
  20
1478.8013
  0
VERTEX
  5
fe1
  8
Layer_0
  10
-995.58789
  20
1473.5049
  0
VERTEX
  5
fe2
  8
Layer_0
  10
-994.75439
  20
1473.5049
  0
VERTEX
  5
fe3
  8
Layer_0
  10
-992.8374
  20
1477.8843
  42
-0.10702942
  0
VERTEX
  5
fe4
  8
Layer_0
  10
-990.97119
  20
1478.5293
  42
-0.069941067
  0
VERTEX
  5
fe5
  8
Layer_0
  10
-986.78662
  20
1478.4321
  42
-0.043435586
  0
VERTEX
  5
fe6
  8
Layer_0
  10
-979.63574
  20
1476.7026
  0
VERTEX
  5
fe7
  8
Layer_0
  10
-978.79199
  20
1476.4243
  0
VERTEX
  5
fe8
  8
Layer_0
  10
-978.79199
  20
1476.2158
  42
-0.066323871
  0
VERTEX
  5
fe9
  8
Layer_0
  10
-986.83398
  20
1472.3896
  42
-0.057095486
  0
VERTEX
  5
fea
  8
Layer_0
  10
-994.72949
  20
1470.937
  42
-0.022223647
  0
VERTEX
  5
feb
  8
Layer_0
  10
-1001.6909
  20
1470.7642
  42
-0.11009825
  0
VERTEX
  5
fec
  8
Layer_0
  10
-1004.9106
  20
1471.5503
  42
-0.16328101
  0
VERTEX
  5
fed
  8
Layer_0
  10
-1007.2695
  20
1474.0059
  0
VERTEX
  5
fee
  8
Layer_0
  10
-1007.8867
  20
1475.3506
  42
0.0098720904
  0
VERTEX
  5
fef
  8
Layer_0
  10
-1010.0347
  20
1479.8008
  42
0.075804744
  0
VERTEX
  5
ff0
  8
Layer_0
  10
-1012.5498
  20
1483.2476
  42
0.17388012
  0
VERTEX
  5
ff1
  8
Layer_0
  10
-1015.9731
  20
1484.8438
  42
0.1594597
  0
VERTEX
  5
ff2
  8
Layer_0
  10
-1019.5601
  20
1484.0415
  42
0.13700305
  0
VERTEX
  5
ff3
  8
Layer_0
  10
-1023.2505
  20
1480.2793
  42
0.054434522
  0
VERTEX
  5
ff4
  8
Layer_0
  10
-1024.6821
  20
1476.8198
  0
VERTEX
  5
ff5
  8
Layer_0
  10
-1024.8452
  20
1476.3184
  42
-0.045519866
  0
VERTEX
  5
ff6
  8
Layer_0
  10
-1026.0781
  20
1473.3872
  42
-0.20872123
  0
VERTEX
  5
ff7
  8
Layer_0
  10
-1029.3408
  20
1471.0527
  42
-0.057174695
  0
VERTEX
  5
ff8
  8
Layer_0
  10
-1032.3154
  20
1470.7524
  0
VERTEX
  5
ff9
  8
Layer_0
  10
-1032.8989
  20
1470.7524
  0
VERTEX
  5
ffa
  8
Layer_0
  10
-1033.0308
  20
1470.7393
  0
VERTEX
  5
ffb
  8
Layer_0
  10
-1033.0308
  20
1470.7524
  42
-0.077849855
  0
VERTEX
  5
ffc
  8
Layer_0
  10
-1035.9629
  20
1471.0757
  42
-0.088922953
  0
VERTEX
  5
ffd
  8
Layer_0
  10
-1038.2695
  20
1472.1636
  42
-0.22097445
  0
VERTEX
  5
ffe
  8
Layer_0
  10
-1039.9805
  20
1475.2251
  42
-0.089946877
  0
VERTEX
  5
fff
  8
Layer_0
  10
-1039.8228
  20
1477.8271
  42
-0.016255261
  0
VERTEX
  5
1000
  8
Layer_0
  10
-1039.2393
  20
1480.0884
  0
VERTEX
  5
1001
  8
Layer_0
  10
-1039.5308
  20
1480.3384
  42
0.022255061
  0
VERTEX
  5
1002
  8
Layer_0
  10
-1042.8643
  20
1478.1709
  42
0.0044891124
  0
VERTEX
  5
1003
  8
Layer_0
  10
-1044.2212
  20
1474.5698
  0
VERTEX
  5
1004
  8
Layer_0
  10
-1044.418
  20
1474.1738
  42
-0.16714441
  0
VERTEX
  5
1005
  8
Layer_0
  10
-1047.354
  20
1471.5967
  42
-0.096079907
  0
VERTEX
  5
1006
  8
Layer_0
  10
-1050.9658
  20
1470.7813
  42
-0.024786074
  0
VERTEX
  5
1007
  8
Layer_0
  10
-1058.2524
  20
1470.9004
  42
-0.069759398
  0
VERTEX
  5
1008
  8
Layer_0
  10
-1062.5059
  20
1471.7051
  42
-0.025107257
  0
VERTEX
  5
1009
  8
Layer_0
  10
-1063.5449
  20
1472.1289
  0
VERTEX
  5
100a
  8
Layer_0
  10
-1063.5449
  20
1472.2539
  0
VERTEX
  5
100b
  8
Layer_0
  10
-1061.8428
  20
1473.7617
  42
0.010911459
  0
VERTEX
  5
100c
  8
Layer_0
  10
-1057.002
  20
1478.3003
  42
0.020510984
  0
VERTEX
  5
100d
  8
Layer_0
  10
-1055.793
  20
1484.6328
  42
0.050139285
  0
VERTEX
  5
100e
  8
Layer_0
  10
-1061.9927
  20
1486.2607
  42
0.056488918
  0
VERTEX
  5
100f
  8
Layer_0
  10
-1071.2397
  20
1486.5928
  42
0.037264767
  0
VERTEX
  5
1010
  8
Layer_0
  10
-1077.4302
  20
1485.7163
  42
0.0041262768
  0
VERTEX
  5
1011
  8
Layer_0
  10
-1081.7578
  20
1484.8408
  0
VERTEX
  5
1012
  8
Layer_0
  10
-1084.1729
  20
1478.0083
  0
VERTEX
  5
1013
  8
Layer_0
  10
-1083.7983
  20
1477.5913
  0
VERTEX
  5
1014
  8
Layer_0
  10
-1083.3223
  20
1477.7075
  42
-0.05491586
  0
VERTEX
  5
1015
  8
Layer_0
  10
-1081.7993
  20
1477.8833
  42
-0.14015502
  0
VERTEX
  5
1016
  8
Layer_0
  10
-1079.8926
  20
1477.1714
  42
-0.056150413
  0
VERTEX
  5
1017
  8
Layer_0
  10
-1078.2969
  20
1475.7031
  0
VERTEX
  5
1018
  8
Layer_0
  10
-1077.8545
  20
1475.2427
  42
0.0040426908
  0
VERTEX
  5
1019
  8
Layer_0
  10
-1074.5894
  20
1471.9204
  0
VERTEX
  5
101a
  8
Layer_0
  10
-1075.3027
  20
1471.417
  42
0.063449551
  0
VERTEX
  5
101b
  8
Layer_0
  10
-1081.6924
  20
1465.6016
  42
0.089720499
  0
VERTEX
  5
101c
  8
Layer_0
  10
-1085.3877
  20
1459.2866
  42
0.16899703
  0
VERTEX
  5
101d
  8
Layer_0
  10
-1085.5068
  20
1448.7808
  42
0.12780417
  0
VERTEX
  5
101e
  8
Layer_0
  10
-1081.729
  20
1443.2559
  42
0.083022724
  0
VERTEX
  5
101f
  8
Layer_0
  10
-1077.2275
  20
1440.4517
  42
0.077329417
  0
VERTEX
  5
1020
  8
Layer_0
  10
-1070.5425
  20
1438.8203
  42
0.075267501
  0
VERTEX
  5
1021
  8
Layer_0
  10
-1061.2944
  20
1439.458
  42
0.02490284
  0
VERTEX
  5
1022
  8
Layer_0
  10
-1053.6519
  20
1445.1201
  42
0.012085376
  0
VERTEX
  5
1023
  8
Layer_0
  10
-1051.5005
  20
1447.002
  0
VERTEX
  5
1024
  8
Layer_0
  10
-1051.959
  20
1447.7939
  0
VERTEX
  5
1025
  8
Layer_0
  10
-1053.3672
  20
1447.5688
  42
-0.041536725
  0
VERTEX
  5
1026
  8
Layer_0
  10
-1064.165
  20
1446.8013
  42
-0.060146944
  0
VERTEX
  5
1027
  8
Layer_0
  10
-1072.0137
  20
1447.8477
  42
-0.078733293
  0
VERTEX
  5
1028
  8
Layer_0
  10
-1078.1558
  20
1450.5718
  42
-0.11941542
  0
VERTEX
  5
1029
  8
Layer_0
  10
-1081.625
  20
1454.2163
  42
-0.12374106
  0
VERTEX
  5
102a
  8
Layer_0
  10
-1082.3413
  20
1456.8774
  42
-0.12792786
  0
VERTEX
  5
102b
  8
Layer_0
  10
-1081.6021
  20
1459.0146
  42
-0.074427258
  0
VERTEX
  5
102c
  8
Layer_0
  10
-1079.1523
  20
1461.7197
  42
-0.054225972
  0
VERTEX
  5
102d
  8
Layer_0
  10
-1072.8159
  20
1465.9194
  42
-0.015747086
  0
VERTEX
  5
102e
  8
Layer_0
  10
-1069.4214
  20
1467.5869
  0
VERTEX
  5
102f
  8
Layer_0
  10
-1068.4292
  20
1466.8359
  42
0.041534201
  0
VERTEX
  5
1030
  8
Layer_0
  10
-1064.73
  20
1464.5967
  42
0.08115104
  0
VERTEX
  5
1031
  8
Layer_0
  10
-1057.8018
  20
1462.6826
  42
0.034958905
  0
VERTEX
  5
1032
  8
Layer_0
  10
-1051.2783
  20
1462.4419
  0
SEQEND
  0
POLYLINE
  5
1034
  8
Layer_0
  62
0
  66
1
  10
0
  20
0
  30
0
  0
VERTEX
  5
1034
  8
Layer_0
  10
-752.54736
  20
1439.9214
  42
0.053340267
  0
VERTEX
  5
1035
  8
Layer_0
  10
-747.78857
  20
1440.415
  42
0.10493258
  0
VERTEX
  5
1036
  8
Layer_0
  10
-745.28955
  20
1441.52
  42
0.034257809
  0
VERTEX
  5
1037
  8
Layer_0
  10
-738.27393
  20
1447.0308
  42
0.0033322042
  0
VERTEX
  5
1038
  8
Layer_0
  10
-737.05908
  20
1448.1221
  0
VERTEX
  5
1039
  8
Layer_0
  10
-737.51758
  20
1449.1226
  0
VERTEX
  5
103a
  8
Layer_0
  10
-738.80371
  20
1448.8477
  42
-0.077457728
  0
VERTEX
  5
103b
  8
Layer_0
  10
-753.11621
  20
1448.3164
  42
-0.073732693
  0
VERTEX
  5
103c
  8
Layer_0
  10
-761.00586
  20
1450.4067
  42
-0.087009658
  0
VERTEX
  5
103d
  8
Layer_0
  10
-765.64258
  20
1453.3828
  42
-0.11204543
  0
VERTEX
  5
103e
  8
Layer_0
  10
-768.01904
  20
1456.8145
  42
-0.2203635
  0
VERTEX
  5
103f
  8
Layer_0
  10
-767.67773
  20
1462.7944
  42
-0.084484206
  0
VERTEX
  5
1040
  8
Layer_0
  10
-765.24365
  20
1465.9443
  42
-0.067281214
  0
VERTEX
  5
1041
  8
Layer_0
  10
-759.61816
  20
1469.8789
  42
-0.053830415
  0
VERTEX
  5
1042
  8
Layer_0
  10
-749.229
  20
1473.9121
  42
-0.020350871
  0
VERTEX
  5
1043
  8
Layer_0
  10
-742.93555
  20
1475.3833
  0
VERTEX
  5
1044
  8
Layer_0
  10
-739.93506
  20
1480.8423
  0
VERTEX
  5
1045
  8
Layer_0
  10
-740.22656
  20
1481.4253
  0
VERTEX
  5
1046
  8
Layer_0
  10
-744.97803
  20
1481.4253
  42
-0.081571791
  0
VERTEX
  5
1047
  8
Layer_0
  10
-751.79883
  20
1482.7212
  0
VERTEX
  5
1048
  8
Layer_0
  10
-755.10547
  20
1483.9243
  0
VERTEX
  5
1049
  8
Layer_0
  10
-758.42578
  20
1485.1274
  42
0.080918375
  0
VERTEX
  5
104a
  8
Layer_0
  10
-765.35791
  20
1486.4233
  42
0.11108505
  0
VERTEX
  5
104b
  8
Layer_0
  10
-769.56494
  20
1485.5435
  42
0.13897875
  0
VERTEX
  5
104c
  8
Layer_0
  10
-772.71436
  20
1482.6763
  42
0.09420478
  0
VERTEX
  5
104d
  8
Layer_0
  10
-774.47998
  20
1478.0928
  0
VERTEX
  5
104e
  8
Layer_0
  10
-771.77246
  20
1472.3823
  0
VERTEX
  5
104f
  8
Layer_0
  10
-770.98145
  20
1472.3823
  0
VERTEX
  5
1050
  8
Layer_0
  10
-768.8584
  20
1478.0928
  42
-0.10349083
  0
VERTEX
  5
1051
  8
Layer_0
  10
-766.33887
  20
1478.7612
  42
-0.067084429
  0
VERTEX
  5
1052
  8
Layer_0
  10
-762.49072
  20
1478.4976
  42
-0.025723795
  0
VERTEX
  5
1053
  8
Layer_0
  10
-757.43945
  20
1477.2593
  0
VERTEX
  5
1054
  8
Layer_0
  10
-757.43945
  20
1477.1343
  0
VERTEX
  5
1055
  8
Layer_0
  10
-758.49219
  20
1476.7227
  42
0.11056168
  0
VERTEX
  5
1056
  8
Layer_0
  10
-767.56982
  20
1470.3711
  42
0.083692443
  0
VERTEX
  5
1057
  8
Layer_0
  10
-771.40137
  20
1464.3242
  42
0.10778513
  0
VERTEX
  5
1058
  8
Layer_0
  10
-772.79346
  20
1456.0854
  42
0.069971776
  0
VERTEX
  5
1059
  8
Layer_0
  10
-771.86914
  20
1450.6846
  42
0.20776208
  0
VERTEX
  5
105a
  8
Layer_0
  10
-764.34375
  20
1442.105
  42
0.069274739
  0
VERTEX
  5
105b
  8
Layer_0
  10
-758.82959
  20
1440.3926
  42
0.045839752
  0
VERTEX
  5
105c
  8
Layer_0
  10
-752.54736
  20
1439.9214
  0
SEQEND
  0
POLYLINE
  5
105e
  8
Layer_0
  62
0
  66
1
  10
0
  20
0
  30
0
  0
VERTEX
  5
105e
  8
Layer_0
  10
-1222.4092
  20
1447.2275
  42
0.042549778
  0
VERTEX
  5
105f
  8
Layer_0
  10
-1220.8242
  20
1447.4629
  42
0.11245757
  0
VERTEX
  5
1060
  8
Layer_0
  10
-1216.8145
  20
1449.4771
  42
0.085281568
  0
VERTEX
  5
1061
  8
Layer_0
  10
-1212.6436
  20
1454.2808
  42
0.080253138
  0
VERTEX
  5
1062
  8
Layer_0
  10
-1209.3125
  20
1462.4224
  0
VERTEX
  5
1063
  8
Layer_0
  10
-1206.187
  20
1462.4224
  0
VERTEX
  5
1064
  8
Layer_0
  10
-1206.187
  20
1462.4243
  0
VERTEX
  5
1065
  8
Layer_0
  10
-1206.1689
  20
1462.4224
  42
0.081582229
  0
VERTEX
  5
1066
  8
Layer_0
  10
-1202.4121
  20
1462.8789
  42
0.12092159
  0
VERTEX
  5
1067
  8
Layer_0
  10
-1198.2051
  20
1465.4443
  42
0.037132323
  0
VERTEX
  5
1068
  8
Layer_0
  10
-1196.8774
  20
1466.9624
  0
VERTEX
  5
1069
  8
Layer_0
  10
-1196.752
  20
1466.9624
  0
VERTEX
  5
106a
  8
Layer_0
  10
-1196.5376
  20
1466.623
  42
0.12505819
  0
VERTEX
  5
106b
  8
Layer_0
  10
-1193.4795
  20
1463.6812
  42
0.061087457
  0
VERTEX
  5
106c
  8
Layer_0
  10
-1191.3071
  20
1462.873
  42
0.070177506
  0
VERTEX
  5
106d
  8
Layer_0
  10
-1187.2104
  20
1462.4224
  0
VERTEX
  5
106e
  8
Layer_0
  10
-1186.6689
  20
1462.4224
  0
VERTEX
  5
106f
  8
Layer_0
  10
-1186.6689
  20
1462.4355
  0
VERTEX
  5
1070
  8
Layer_0
  10
-1186.5366
  20
1462.4224
  42
0.04903598
  0
VERTEX
  5
1071
  8
Layer_0
  10
-1177.9282
  20
1463.1045
  42
0.10888699
  0
VERTEX
  5
1072
  8
Layer_0
  10
-1167.1064
  20
1467.7378
  42
0.033334467
  0
VERTEX
  5
1073
  8
Layer_0
  10
-1160.9053
  20
1472.7959
  0
VERTEX
  5
1074
  8
Layer_0
  10
-1160.4932
  20
1473.1494
  42
-0.15186093
  0
VERTEX
  5
1075
  8
Layer_0
  10
-1155.791
  20
1475.1909
  42
-0.036027635
  0
VERTEX
  5
1076
  8
Layer_0
  10
-1153.7397
  20
1475.3008
  0
VERTEX
  5
1077
  8
Layer_0
  10
-1153.209
  20
1476.0894
  42
0.027694113
  0
VERTEX
  5
1078
  8
Layer_0
  10
-1150.2822
  20
1481.0889
  0
VERTEX
  5
1079
  8
Layer_0
  10
-1150.3657
  20
1481.4219
  0
VERTEX
  5
107a
  8
Layer_0
  10
-1153.4482
  20
1481.4219
  42
-0.085939146
  0
VERTEX
  5
107b
  8
Layer_0
  10
-1162.2896
  20
1482.8691
  42
-0.0064734985
  0
VERTEX
  5
107c
  8
Layer_0
  10
-1165.5078
  20
1484.0322
  0
VERTEX
  5
107d
  8
Layer_0
  10
-1166.3574
  20
1484.3281
  42
0.036484381
  0
VERTEX
  5
107e
  8
Layer_0
  10
-1172.3247
  20
1485.96
  42
0.07057417
  0
VERTEX
  5
107f
  8
Layer_0
  10
-1176.499
  20
1486.1992
  42
0.17140734
  0
VERTEX
  5
1080
  8
Layer_0
  10
-1181.9468
  20
1483.7153
  42
0.11739916
  0
VERTEX
  5
1081
  8
Layer_0
  10
-1184.0049
  20
1480.1753
  42
0.02576072
  0
VERTEX
  5
1082
  8
Layer_0
  10
-1184.3696
  20
1478.8013
  0
VERTEX
  5
1083
  8
Layer_0
  10
-1181.6606
  20
1473.5049
  0
VERTEX
  5
1084
  8
Layer_0
  10
-1180.8271
  20
1473.5049
  0
VERTEX
  5
1085
  8
Layer_0
  10
-1178.9102
  20
1477.8843
  42
-0.10701292
  0
VERTEX
  5
1086
  8
Layer_0
  10
-1177.0439
  20
1478.5293
  42
-0.069941718
  0
VERTEX
  5
1087
  8
Layer_0
  10
-1172.8594
  20
1478.4321
  42
-0.043440376
  0
VERTEX
  5
1088
  8
Layer_0
  10
-1165.7085
  20
1476.7026
  0
VERTEX
  5
1089
  8
Layer_0
  10
-1164.8647
  20
1476.4243
  0
VERTEX
  5
108a
  8
Layer_0
  10
-1164.8647
  20
1476.2158
  42
-0.066329981
  0
VERTEX
  5
108b
  8
Layer_0
  10
-1172.9067
  20
1472.3896
  42
-0.057098705
  0
VERTEX
  5
108c
  8
Layer_0
  10
-1180.8022
  20
1470.937
  42
-0.021673739
  0
VERTEX
  5
108d
  8
Layer_0
  10
-1186.5366
  20
1470.7524
  0
VERTEX
  5
108e
  8
Layer_0
  10
-1186.6689
  20
1470.7393
  0
VERTEX
  5
108f
  8
Layer_0
  10
-1186.6689
  20
1470.7524
  42
-0.077806918
  0
VERTEX
  5
1090
  8
Layer_0
  10
-1189.6011
  20
1471.0757
  42
-0.08885199
  0
VERTEX
  5
1091
  8
Layer_0
  10
-1191.9077
  20
1472.1636
  42
-0.22090813
  0
VERTEX
  5
1092
  8
Layer_0
  10
-1193.6187
  20
1475.2251
  42
-0.090078996
  0
VERTEX
  5
1093
  8
Layer_0
  10
-1193.4604
  20
1477.8271
  42
-0.016633488
  0
VERTEX
  5
1094
  8
Layer_0
  10
-1192.877
  20
1480.0884
  0
VERTEX
  5
1095
  8
Layer_0
  10
-1193.1689
  20
1480.3384
  42
0.022281578
  0
VERTEX
  5
1096
  8
Layer_0
  10
-1196.502
  20
1478.1709
  42
0.0045266059
  0
VERTEX
  5
1097
  8
Layer_0
  10
-1197.8594
  20
1474.5698
  0
VERTEX
  5
1098
  8
Layer_0
  10
-1198.0562
  20
1474.1738
  42
-0.16720649
  0
VERTEX
  5
1099
  8
Layer_0
  10
-1200.9917
  20
1471.5967
  42
-0.096083716
  0
VERTEX
  5
109a
  8
Layer_0
  10
-1204.604
  20
1470.7813
  42
-0.022621454
  0
VERTEX
  5
109b
  8
Layer_0
  10
-1206.187
  20
1470.7529
  0
VERTEX
  5
109c
  8
Layer_0
  10
-1209.021
  20
1470.7529
  0
VERTEX
  5
109d
  8
Layer_0
  10
-1209.1802
  20
1471.5596
  42
0.052085316
  0
VERTEX
  5
109e
  8
Layer_0
  10
-1211.228
  20
1478.3442
  42
0.073962399
  0
VERTEX
  5
109f
  8
Layer_0
  10
-1213.4688
  20
1482.0718
  42
0.14716669
  0
VERTEX
  5
10a0
  8
Layer_0
  10
-1216.6855
  20
1484.2227
  42
0.18803231
  0
VERTEX
  5
10a1
  8
Layer_0
  10
-1221.4263
  20
1483.7251
  42
0.093469545
  0
VERTEX
  5
10a2
  8
Layer_0
  10
-1224.646
  20
1481.1924
  42
0.10567385
  0
VERTEX
  5
10a3
  8
Layer_0
  10
-1227.5869
  20
1476.2935
  42
0.1182976
  0
VERTEX
  5
10a4
  8
Layer_0
  10
-1228.0342
  20
1470.4966
  42
0.1074015
  0
VERTEX
  5
10a5
  8
Layer_0
  10
-1226.7275
  20
1466.8018
  42
0.12451261
  0
VERTEX
  5
10a6
  8
Layer_0
  10
-1224.0938
  20
1464.354
  42
0.090968491
  0
VERTEX
  5
10a7
  8
Layer_0
  10
-1219.1274
  20
1462.6973
  42
0.035785042
  0
VERTEX
  5
10a8
  8
Layer_0
  10
-1215.686
  20
1462.4224
  0
VERTEX
  5
10a9
  8
Layer_0
  10
-1213.772
  20
1462.4224
  42
-0.075001835
  0
VERTEX
  5
10aa
  8
Layer_0
  10
-1215.627
  20
1459.8281
  42
-0.077112845
  0
VERTEX
  5
10ab
  8
Layer_0
  10
-1222.4224
  20
1454.6787
  42
-0.067697039
  0
VERTEX
  5
10ac
  8
Layer_0
  10
-1226.3521
  20
1453.1807
  42
-0.14642489
  0
VERTEX
  5
10ad
  8
Layer_0
  10
-1232.9238
  20
1453.5767
  42
-0.021480665
  0
VERTEX
  5
10ae
  8
Layer_0
  10
-1234.1055
  20
1454.041
  0
VERTEX
  5
10af
  8
Layer_0
  10
-1235.064
  20
1451.832
  42
0.057322651
  0
VERTEX
  5
10b0
  8
Layer_0
  10
-1228.689
  20
1448.397
  42
0.079097597
  0
VERTEX
  5
10b1
  8
Layer_0
  10
-1223.5225
  20
1447.2305
  42
0.035179957
  0
VERTEX
  5
10b2
  8
Layer_0
  10
-1222.4092
  20
1447.2275
  0
SEQEND
  0
POLYLINE
  5
10b4
  8
Layer_0
  62
0
  66
1
  10
0
  20
0
  30
0
  0
VERTEX
  5
10b4
  8
Layer_0
  10
-1070.3535
  20
1475.2925
  42
-0.0039500638
  0
VERTEX
  5
10b5
  8
Layer_0
  10
-1075.4229
  20
1479.4678
  0
VERTEX
  5
10b6
  8
Layer_0
  10
-1075.4229
  20
1479.6763
  42
-0.050720918
  0
VERTEX
  5
10b7
  8
Layer_0
  10
-1068.5044
  20
1480.3018
  42
-0.064095888
  0
VERTEX
  5
10b8
  8
Layer_0
  10
-1060.9609
  20
1479.4263
  0
VERTEX
  5
10b9
  8
Layer_0
  10
-1060.9609
  20
1479.2178
  42
-0.032220008
  0
VERTEX
  5
10ba
  8
Layer_0
  10
-1068.5879
  20
1473.9219
  0
VERTEX
  5
10bb
  8
Layer_0
  10
-1070.3535
  20
1475.2925
  0
SEQEND
  0
POLYLINE
  5
10bd
  8
Layer_0
  62
0
  66
1
  10
0
  20
0
  30
0
  0
VERTEX
  5
10bd
  8
Layer_0
  10
-1012.4238
  20
1469.1025
  42
-0.07524857
  0
VERTEX
  5
10be
  8
Layer_0
  10
-1015.4595
  20
1469.9165
  42
-0.088528879
  0
VERTEX
  5
10bf
  8
Layer_0
  10
-1020.0488
  20
1472.8359
  42
-0.093039637
  0
VERTEX
  5
10c0
  8
Layer_0
  10
-1021.813
  20
1475.2573
  42
-0.13216083
  0
VERTEX
  5
10c1
  8
Layer_0
  10
-1019.7129
  20
1477.4321
  42
-0.25409055
  0
VERTEX
  5
10c2
  8
Layer_0
  10
-1015.9014
  20
1477.5195
  42
-0.099738696
  0
VERTEX
  5
10c3
  8
Layer_0
  10
-1013.978
  20
1475.9697
  42
-0.11686896
  0
VERTEX
  5
10c4
  8
Layer_0
  10
-1011.2368
  20
1470.9146
  42
-0.08773108
  0
VERTEX
  5
10c5
  8
Layer_0
  10
-1011.1191
  20
1469.7559
  42
-0.36600648
  0
VERTEX
  5
10c6
  8
Layer_0
  10
-1011.8379
  20
1469.0991
  42
-0.054204434
  0
VERTEX
  5
10c7
  8
Layer_0
  10
-1012.4238
  20
1469.1025
  0
SEQEND
  0
POLYLINE
  5
10c9
  8
Layer_0
  62
0
  66
1
  10
0
  20
0
  30
0
  0
VERTEX
  5
10c9
  8
Layer_0
  10
-1215.8799
  20
1470.6499
  42
-0.05505192
  0
VERTEX
  5
10ca
  8
Layer_0
  10
-1220.3096
  20
1471.2524
  42
-0.062045546
  0
VERTEX
  5
10cb
  8
Layer_0
  10
-1222.6836
  20
1472.1509
  42
-0.13816715
  0
VERTEX
  5
10cc
  8
Layer_0
  10
-1224.2515
  20
1473.5576
  42
-0.16012123
  0
VERTEX
  5
10cd
  8
Layer_0
  10
-1224.5464
  20
1474.8525
  42
-0.12810923
  0
VERTEX
  5
10ce
  8
Layer_0
  10
-1223.9404
  20
1476.0356
  42
-0.19112397
  0
VERTEX
  5
10cf
  8
Layer_0
  10
-1221.3062
  20
1477.5708
  42
-0.18255748
  0
VERTEX
  5
10d0
  8
Layer_0
  10
-1217.5928
  20
1476.9155
  42
-0.08777193
  0
VERTEX
  5
10d1
  8
Layer_0
  10
-1215.7329
  20
1475.2939
  42
-0.07776193
  0
VERTEX
  5
10d2
  8
Layer_0
  10
-1213.5293
  20
1471.5244
  0
VERTEX
  5
10d3
  8
Layer_0
  10
-1213.2305
  20
1470.7529
  42
-0.041566636
  0
VERTEX
  5
10d4
  8
Layer_0
  10
-1214.856
  20
1470.6274
  0
VERTEX
  5
10d5
  8
Layer_0
  10
-1215.8799
  20
1470.6499
  0
SEQEND
  0
POLYLINE
  5
10d7
  8
Layer_0
  62
0
  66
1
  10
0
  20
0
  30
0
  0
VERTEX
  5
10d7
  8
Layer_0
  10
-691.32373
  20
1470.6499
  42
-0.019130491
  0
VERTEX
  5
10d8
  8
Layer_0
  10
-693.23389
  20
1470.7925
  42
-0.065985625
  0
VERTEX
  5
10d9
  8
Layer_0
  10
-697.20215
  20
1471.7222
  42
-0.1052236
  0
VERTEX
  5
10da
  8
Layer_0
  10
-699.26074
  20
1472.9854
  42
-0.18570896
  0
VERTEX
  5
10db
  8
Layer_0
  10
-700.01025
  20
1474.6313
  42
-0.14720951
  0
VERTEX
  5
10dc
  8
Layer_0
  10
-699.57275
  20
1475.7891
  42
-0.20790679
  0
VERTEX
  5
10dd
  8
Layer_0
  10
-696.75
  20
1477.5708
  42
-0.18256284
  0
VERTEX
  5
10de
  8
Layer_0
  10
-693.03662
  20
1476.9155
  42
-0.087778867
  0
VERTEX
  5
10df
  8
Layer_0
  10
-691.17676
  20
1475.2939
  42
-0.077774139
  0
VERTEX
  5
10e0
  8
Layer_0
  10
-688.97314
  20
1471.5244
  0
VERTEX
  5
10e1
  8
Layer_0
  10
-688.67383
  20
1470.7529
  42
-0.041540448
  0
VERTEX
  5
10e2
  8
Layer_0
  10
-690.29932
  20
1470.6274
  0
VERTEX
  5
10e3
  8
Layer_0
  10
-691.32373
  20
1470.6499
  0
SEQEND
  0
POLYLINE
  5
10e5
  8
Layer_0
  62
0
  66
1
  10
0
  20
0
  30
0
  0
VERTEX
  5
10e5
  8
Layer_0
  10
-1128.4492
  20
1463.1172
  42
-0.14947739
  0
VERTEX
  5
10e6
  8
Layer_0
  10
-1131.998
  20
1464.6484
  42
-0.12801123
  0
VERTEX
  5
10e7
  8
Layer_0
  10
-1134.4692
  20
1468.0957
  0
VERTEX
  5
10e8
  8
Layer_0
  10
-1134.6938
  20
1468.7153
  42
-0.10250668
  0
VERTEX
  5
10e9
  8
Layer_0
  10
-1131.3086
  20
1469.2412
  42
-0.1485803
  0
VERTEX
  5
10ea
  8
Layer_0
  10
-1128.2173
  20
1467.959
  42
-0.14620157
  0
VERTEX
  5
10eb
  8
Layer_0
  10
-1126.4932
  20
1465.4043
  42
-0.044998484
  0
VERTEX
  5
10ec
  8
Layer_0
  10
-1126.1001
  20
1463.7515
  42
-0.16426289
  0
VERTEX
  5
10ed
  8
Layer_0
  10
-1127.1641
  20
1463.1641
  42
-0.089802523
  0
VERTEX
  5
10ee
  8
Layer_0
  10
-1128.4492
  20
1463.1172
  0
SEQEND
  0
POLYLINE
  5
10f0
  8
Layer_0
  62
0
  66
1
  10
0
  20
0
  30
0
  0
VERTEX
  5
10f0
  8
Layer_0
  10
-660.96143
  20
1463.2671
  0
VERTEX
  5
10f1
  8
Layer_0
  10
-661.50879
  20
1463.3198
  42
-0.21753381
  0
VERTEX
  5
10f2
  8
Layer_0
  10
-666.48389
  20
1466.3828
  42
-0.046090817
  0
VERTEX
  5
10f3
  8
Layer_0
  10
-667.40186
  20
1468.0479
  0
VERTEX
  5
10f4
  8
Layer_0
  10
-667.06006
  20
1468.2266
  42
-0.12933221
  0
VERTEX
  5
10f5
  8
Layer_0
  10
-663.40674
  20
1468.7988
  42
-0.16412277
  0
VERTEX
  5
10f6
  8
Layer_0
  10
-660.41064
  20
1467.3335
  42
-0.14136119
  0
VERTEX
  5
10f7
  8
Layer_0
  10
-658.98242
  20
1465.02
  42
-0.051471523
  0
VERTEX
  5
10f8
  8
Layer_0
  10
-658.85791
  20
1464.1685
  42
-0.26220618
  0
VERTEX
  5
10f9
  8
Layer_0
  10
-659.31641
  20
1463.522
  42
-0.13164818
  0
VERTEX
  5
10fa
  8
Layer_0
  10
-660.40039
  20
1463.251
  0
VERTEX
  5
10fb
  8
Layer_0
  10
-660.96143
  20
1463.2671
  0
SEQEND
  0
POLYLINE
  5
10fd
  8
Layer_0
  62
0
  66
1
  10
0
  20
0
  30
0
  0
VERTEX
  5
10fd
  8
Layer_0
  10
-751.46631
  20
1455.0562
  42
0.053133544
  0
VERTEX
  5
10fe
  8
Layer_0
  10
-747.89551
  20
1460.252
  42
0.05510134
  0
VERTEX
  5
10ff
  8
Layer_0
  10
-754.68848
  20
1465.6294
  0
VERTEX
  5
1100
  8
Layer_0
  10
-758.89795
  20
1459.627
  0
VERTEX
  5
1101
  8
Layer_0
  10
-758.02441
  20
1459.0117
  42
-0.026158497
  0
VERTEX
  5
1102
  8
Layer_0
  10
-752.10449
  20
1454.333
  0
VERTEX
  5
1103
  8
Layer_0
  10
-751.46631
  20
1455.0562
  0
SEQEND
  0
POLYLINE
  5
1105
  8
Layer_0
  62
0
  66
1
  10
0
  20
0
  30
0
  0
VERTEX
  5
1105
  8
Layer_0
  10
-982.54834
  20
1448.4087
  42
0.095043366
  0
VERTEX
  5
1106
  8
Layer_0
  10
-979.37549
  20
1453.0034
  42
0.044484598
  0
VERTEX
  5
1107
  8
Layer_0
  10
-985.33545
  20
1457.8799
  0
VERTEX
  5
1108
  8
Layer_0
  10
-989.16992
  20
1452.5034
  0
VERTEX
  5
1109
  8
Layer_0
  10
-988.33301
  20
1451.9111
  42
-0.025162084
  0
VERTEX
  5
110a
  8
Layer_0
  10
-983.12646
  20
1447.877
  0
VERTEX
  5
110b
  8
Layer_0
  10
-982.54834
  20
1448.4087
  0
SEQEND
  0
POLYLINE
  5
110d
  8
Layer_0
  62
0
  66
1
  10
0
  20
0
  30
0
  0
VERTEX
  5
110d
  8
Layer_0
  10
-815.25635
  20
1448.4087
  42
0.095078309
  0
VERTEX
  5
110e
  8
Layer_0
  10
-812.08447
  20
1453.0034
  42
0.044509785
  0
VERTEX
  5
110f
  8
Layer_0
  10
-818.04346
  20
1457.8799
  0
VERTEX
  5
1110
  8
Layer_0
  10
-821.87695
  20
1452.5034
  0
VERTEX
  5
1111
  8
Layer_0
  10
-821.04004
  20
1451.9111
  42
-0.025081751
  0
VERTEX
  5
1112
  8
Layer_0
  10
-815.83447
  20
1447.877
  0
VERTEX
  5
1113
  8
Layer_0
  10
-815.25635
  20
1448.4087
  0
SEQEND
  0
POLYLINE
  5
1115
  8
Layer_0
  62
0
  66
1
  10
0
  20
0
  30
0
  0
VERTEX
  5
1115
  8
Layer_0
  10
-1240.9722
  20
1446.645
  0
VERTEX
  5
1116
  8
Layer_0
  10
-1240.3979
  20
1447.1372
  42
0.060194438
  0
VERTEX
  5
1117
  8
Layer_0
  10
-1237.4878
  20
1450.4194
  42
0.052561488
  0
VERTEX
  5
1118
  8
Layer_0
  10
-1242.2378
  20
1455.5874
  0
VERTEX
  5
1119
  8
Layer_0
  10
-1246.4463
  20
1451.1279
  0
VERTEX
  5
111a
  8
Layer_0
  10
-1245.2041
  20
1449.9077
  42
-0.010927446
  0
VERTEX
  5
111b
  8
Layer_0
  10
-1241.5713
  20
1446.1685
  0
VERTEX
  5
111c
  8
Layer_0
  10
-1240.9722
  20
1446.645
  0
SEQEND
  0
POLYLINE
  5
111e
  8
Layer_0
  62
0
  66
1
  10
0
  20
0
  30
0
  0
VERTEX
  5
111e
  8
Layer_0
  10
-875.09521
  20
1445.8247
  42
0.095147264
  0
VERTEX
  5
111f
  8
Layer_0
  10
-871.92285
  20
1450.4194
  42
0.044461259
  0
VERTEX
  5
1120
  8
Layer_0
  10
-877.88135
  20
1455.2959
  0
VERTEX
  5
1121
  8
Layer_0
  10
-881.71484
  20
1449.9194
  0
VERTEX
  5
1122
  8
Layer_0
  10
-880.87793
  20
1449.3276
  42
-0.025052041
  0
VERTEX
  5
1123
  8
Layer_0
  10
-875.67334
  20
1445.293
  0
VERTEX
  5
1124
  8
Layer_0
  10
-875.09521
  20
1445.8247
  0
SEQEND
  0
POLYLINE
  5
1126
  8
Layer_0
  62
0
  66
1
  10
0
  20
0
  30
0
  0
VERTEX
  5
1126
  8
Layer_0
  10
-1249.7637
  20
1446.27
  0
VERTEX
  5
1127
  8
Layer_0
  10
-1249.1899
  20
1446.7622
  42
0.060269956
  0
VERTEX
  5
1128
  8
Layer_0
  10
-1246.2798
  20
1450.0444
  42
0.05251511
  0
VERTEX
  5
1129
  8
Layer_0
  10
-1251.0293
  20
1455.2124
  0
VERTEX
  5
112a
  8
Layer_0
  10
-1255.2378
  20
1450.7529
  0
VERTEX
  5
112b
  8
Layer_0
  10
-1253.9956
  20
1449.5327
  42
-0.010908934
  0
VERTEX
  5
112c
  8
Layer_0
  10
-1250.3628
  20
1445.7935
  0
VERTEX
  5
112d
  8
Layer_0
  10
-1249.7637
  20
1446.27
  0
SEQEND
  0
POLYLINE
  5
112f
  8
Layer_0
  62
0
  66
1
  10
0
  20
0
  30
0
  0
VERTEX
  5
112f
  8
Layer_0
  10
-1038.0981
  20
1446.0615
  42
0.038814763
  0
VERTEX
  5
1130
  8
Layer_0
  10
-1035.9551
  20
1448.1245
  42
0.03073875
  0
VERTEX
  5
1131
  8
Layer_0
  10
-1034.6143
  20
1449.8359
  42
0.052561617
  0
VERTEX
  5
1132
  8
Layer_0
  10
-1039.3643
  20
1455.0039
  0
VERTEX
  5
1133
  8
Layer_0
  10
-1043.5728
  20
1450.5444
  0
VERTEX
  5
1134
  8
Layer_0
  10
-1042.3306
  20
1449.3242
  42
-0.010964608
  0
VERTEX
  5
1135
  8
Layer_0
  10
-1038.6973
  20
1445.585
  0
VERTEX
  5
1136
  8
Layer_0
  10
-1038.0981
  20
1446.0615
  0
SEQEND
  0
POLYLINE
  5
1138
  8
Layer_0
  62
0
  66
1
  10
0
  20
0
  30
0
  0
VERTEX
  5
1138
  8
Layer_0
  10
-1046.8901
  20
1445.6865
  42
0.019448353
  0
VERTEX
  5
1139
  8
Layer_0
  10
-1045.7676
  20
1446.687
  42
0.05066169
  0
VERTEX
  5
113a
  8
Layer_0
  10
-1043.4058
  20
1449.4609
  42
0.052561715
  0
VERTEX
  5
113b
  8
Layer_0
  10
-1048.1558
  20
1454.6289
  0
VERTEX
  5
113c
  8
Layer_0
  10
-1052.3643
  20
1450.1694
  0
VERTEX
  5
113d
  8
Layer_0
  10
-1051.1221
  20
1448.9492
  42
-0.010904984
  0
VERTEX
  5
113e
  8
Layer_0
  10
-1047.4893
  20
1445.21
  0
VERTEX
  5
113f
  8
Layer_0
  10
-1046.8901
  20
1445.6865
  0
SEQEND
  0
POLYLINE
  5
1141
  8
Layer_0
  62
0
  66
1
  10
0
  20
0
  30
0
  0
VERTEX
  5
1141
  8
Layer_0
  10
-901.73438
  20
1434.7754
  42
0.04411571
  0
VERTEX
  5
1142
  8
Layer_0
  10
-898.26416
  20
1439.2915
  42
0.046074201
  0
VERTEX
  5
1143
  8
Layer_0
  10
-904.01563
  20
1444.5015
  0
VERTEX
  5
1144
  8
Layer_0
  10
-908.1001
  20
1439.375
  0
VERTEX
  5
1145
  8
Layer_0
  10
-907.354
  20
1438.7891
  42
-0.022137494
  0
VERTEX
  5
1146
  8
Layer_0
  10
-902.22363
  20
1434.249
  0
VERTEX
  5
1147
  8
Layer_0
  10
-901.73438
  20
1434.7754
  0
SEQEND
  0
POLYLINE
  5
1149
  8
Layer_0
  62
0
  70
1
  66
1
  10
0
  20
0
  30
0
  0
VERTEX
  5
1149
  8
Layer_0
  10
-911.57031
  20
1434.1089
  42
0.044232886
  0
VERTEX
  5
114a
  8
Layer_0
  10
-908.1001
  20
1438.625
  42
0.046061898
  0
VERTEX
  5
114b
  8
Layer_0
  10
-913.85156
  20
1443.8345
  0
VERTEX
  5
114c
  8
Layer_0
  10
-917.93555
  20
1438.708
  0
VERTEX
  5
114d
  8
Layer_0
  10
-917.18994
  20
1438.1221
  42
-0.022169741
  0
VERTEX
  5
114e
  8
Layer_0
  10
-912.05908
  20
1433.582
  0
SEQEND
  0
POLYLINE
  5
1150
  8
Layer_0
  62
0
  66
1
  10
0
  20
0
  30
0
  0
VERTEX
  5
1150
  8
Layer_0
  10
-1281.0739
  20
911.26733
  42
0.03472115
  0
VERTEX
  5
1151
  8
Layer_0
  10
-1277.0743
  20
911.64185
  42
0.074467721
  0
VERTEX
  5
1152
  8
Layer_0
  10
-1270.2574
  20
913.83716
  42
0.027463051
  0
VERTEX
  5
1153
  8
Layer_0
  10
-1264.1901
  20
911.99927
  42
0.04873761
  0
VERTEX
  5
1154
  8
Layer_0
  10
-1257.9279
  20
911.28101
  42
0.0093978797
  0
VERTEX
  5
1155
  8
Layer_0
  10
-1255.214
  20
911.25659
  0
VERTEX
  5
1156
  8
Layer_0
  10
-1255.194
  20
911.25464
  0
VERTEX
  5
1157
  8
Layer_0
  10
-1254.6105
  20
911.25464
  0
VERTEX
  5
1158
  8
Layer_0
  10
-1253.7701
  20
911.24683
  42
0.033622301
  0
VERTEX
  5
1159
  8
Layer_0
  10
-1243.8746
  20
911.74878
  42
0.078386891
  0
VERTEX
  5
115a
  8
Layer_0
  10
-1239.3492
  20
912.94263
  42
0.13192729
  0
VERTEX
  5
115b
  8
Layer_0
  10
-1236.0016
  20
915.62085
  42
0.10353865
  0
VERTEX
  5
115c
  8
Layer_0
  10
-1234.5934
  20
919.16235
  42
0.048673498
  0
VERTEX
  5
115d
  8
Layer_0
  10
-1234.277
  20
922.75757
  42
0.080482837
  0
VERTEX
  5
115e
  8
Layer_0
  10
-1236.1154
  20
934.29712
  42
0.060906592
  0
VERTEX
  5
115f
  8
Layer_0
  10
-1238.2477
  20
938.79712
  42
0.060995114
  0
VERTEX
  5
1160
  8
Layer_0
  10
-1239.8683
  20
940.823
  42
0.17210714
  0
VERTEX
  5
1161
  8
Layer_0
  10
-1243.3815
  20
942.52563
  42
0.1324606
  0
VERTEX
  5
1162
  8
Layer_0
  10
-1246.7716
  20
941.81177
  42
0.091103384
  0
VERTEX
  5
1163
  8
Layer_0
  10
-1250.3644
  20
939.00903
  42
0.23578993
  0
VERTEX
  5
1164
  8
Layer_0
  10
-1253.4679
  20
928.68286
  42
0.23377227
  0
VERTEX
  5
1165
  8
Layer_0
  10
-1250.0905
  20
924.10815
  42
0.084058794
  0
VERTEX
  5
1166
  8
Layer_0
  10
-1246.3385
  20
922.89722
  42
0.046849746
  0
VERTEX
  5
1167
  8
Layer_0
  10
-1241.5372
  20
922.64185
  42
0.024696584
  0
VERTEX
  5
1168
  8
Layer_0
  10
-1238.1481
  20
922.84058
  0
VERTEX
  5
1169
  8
Layer_0
  10
-1238.0934
  20
922.70874
  42
-0.28466456
  0
VERTEX
  5
116a
  8
Layer_0
  10
-1238.4601
  20
921.26978
  42
-0.12343871
  0
VERTEX
  5
116b
  8
Layer_0
  10
-1239.9923
  20
920.42261
  42
-0.052307144
  0
VERTEX
  5
116c
  8
Layer_0
  10
-1243.152
  20
919.88647
  42
-0.024730761
  0
VERTEX
  5
116d
  8
Layer_0
  10
-1252.9445
  20
919.58472
  0
VERTEX
  5
116e
  8
Layer_0
  10
-1255.194
  20
919.58472
  0
VERTEX
  5
116f
  8
Layer_0
  10
-1255.214
  20
919.58276
  0
VERTEX
  5
1170
  8
Layer_0
  10
-1255.214
  20
919.58472
  0
VERTEX
  5
1171
  8
Layer_0
  10
-1255.7975
  20
919.58472
  42
-0.032330982
  0
VERTEX
  5
1172
  8
Layer_0
  10
-1261.8375
  20
920.12671
  42
0.058047277
  0
VERTEX
  5
1173
  8
Layer_0
  10
-1260.0255
  20
925.35327
  42
0.12483705
  0
VERTEX
  5
1174
  8
Layer_0
  10
-1260.3668
  20
933.58325
  42
0.10442566
  0
VERTEX
  5
1175
  8
Layer_0
  10
-1262.9889
  20
938.25757
  42
0.12491259
  0
VERTEX
  5
1176
  8
Layer_0
  10
-1265.0236
  20
939.64575
  42
0.12260472
  0
VERTEX
  5
1177
  8
Layer_0
  10
-1267.0133
  20
939.77466
  42
0.10173642
  0
VERTEX
  5
1178
  8
Layer_0
  10
-1269.8048
  20
938.69653
  42
0.065529735
  0
VERTEX
  5
1179
  8
Layer_0
  10
-1273.0538
  20
936.00317
  42
0.10975255
  0
VERTEX
  5
117a
  8
Layer_0
  10
-1276.5665
  20
930.31372
  42
0.088182734
  0
VERTEX
  5
117b
  8
Layer_0
  10
-1277.2858
  20
924.84399
  42
0.053574746
  0
VERTEX
  5
117c
  8
Layer_0
  10
-1276.632
  20
920.08521
  42
-0.053264453
  0
VERTEX
  5
117d
  8
Layer_0
  10
-1281.924
  20
919.58472
  0
VERTEX
  5
117e
  8
Layer_0
  10
-1287.214
  20
919.58472
  42
0.047852915
  0
VERTEX
  5
117f
  8
Layer_0
  10
-1286.2877
  20
922.05054
  42
0.29929027
  0
VERTEX
  5
1180
  8
Layer_0
  10
-1290.0133
  20
933.25708
  42
0.12788144
  0
VERTEX
  5
1181
  8
Layer_0
  10
-1294.5328
  20
935.1438
  42
0.12328552
  0
VERTEX
  5
1182
  8
Layer_0
  10
-1300.5314
  20
934.58179
  42
0.065717681
  0
VERTEX
  5
1183
  8
Layer_0
  10
-1304.3907
  20
932.63647
  42
0.059193966
  0
VERTEX
  5
1184
  8
Layer_0
  10
-1311.7203
  20
926.25757
  0
VERTEX
  5
1185
  8
Layer_0
  10
-1311.8868
  20
926.29907
  0
VERTEX
  5
1186
  8
Layer_0
  10
-1311.63
  20
927.07886
  42
0.080963192
  0
VERTEX
  5
1187
  8
Layer_0
  10
-1310.6793
  20
933.4231
  42
0.011122133
  0
VERTEX
  5
1188
  8
Layer_0
  10
-1310.8043
  20
942.50708
  0
VERTEX
  5
1189
  8
Layer_0
  10
-1307.2203
  20
945.17456
  0
VERTEX
  5
118a
  8
Layer_0
  10
-1307.7101
  20
945.99536
  42
-0.03385169
  0
VERTEX
  5
118b
  8
Layer_0
  10
-1310.7697
  20
951.98218
  42
-0.075010856
  0
VERTEX
  5
118c
  8
Layer_0
  10
-1311.7345
  20
955.77222
  0
VERTEX
  5
118d
  8
Layer_0
  10
-1311.7628
  20
956.34399
  0
VERTEX
  5
118e
  8
Layer_0
  10
-1312.3829
  20
956.71899
  42
0.05675536
  0
VERTEX
  5
118f
  8
Layer_0
  10
-1315.2037
  20
953.91089
  42
0.14296256
  0
VERTEX
  5
1190
  8
Layer_0
  10
-1316.4445
  20
950.85425
  42
0.063989796
  0
VERTEX
  5
1191
  8
Layer_0
  10
-1316.3717
  20
948.19214
  42
0.0039043014
  0
VERTEX
  5
1192
  8
Layer_0
  10
-1316.1095
  20
946.29126
  0
VERTEX
  5
1193
  8
Layer_0
  10
-1316.0719
  20
945.99438
  42
-0.026339202
  0
VERTEX
  5
1194
  8
Layer_0
  10
-1315.2877
  20
932.15259
  42
-0.016370237
  0
VERTEX
  5
1195
  8
Layer_0
  10
-1315.3292
  20
925.78003
  42
-0.032406167
  0
VERTEX
  5
1196
  8
Layer_0
  10
-1315.7589
  20
921.92017
  0
VERTEX
  5
1197
  8
Layer_0
  10
-1317.3844
  20
919.58472
  42
-0.017819398
  0
VERTEX
  5
1198
  8
Layer_0
  10
-1329.8038
  20
921.04468
  0
VERTEX
  5
1199
  8
Layer_0
  10
-1330.0538
  20
920.5022
  42
0.012694343
  0
VERTEX
  5
119a
  8
Layer_0
  10
-1322.6774
  20
912.17114
  0
VERTEX
  5
119b
  8
Layer_0
  10
-1320.6349
  20
911.83765
  0
VERTEX
  5
119c
  8
Layer_0
  10
-1321.3854
  20
907.25366
  0
VERTEX
  5
119d
  8
Layer_0
  10
-1320.6769
  20
906.46167
  0
VERTEX
  5
119e
  8
Layer_0
  10
-1320.1808
  20
907.1394
  42
-0.014685243
  0
VERTEX
  5
119f
  8
Layer_0
  10
-1316.8424
  20
911.42114
  0
VERTEX
  5
11a0
  8
Layer_0
  10
-1316.1559
  20
911.36743
  42
0.02423655
  0
VERTEX
  5
11a1
  8
Layer_0
  10
-1308.1715
  20
911.33032
  42
0.022328371
  0
VERTEX
  5
11a2
  8
Layer_0
  10
-1299.4567
  20
912.09888
  0
VERTEX
  5
11a3
  8
Layer_0
  10
-1297.673
  20
912.33765
  0
VERTEX
  5
11a4
  8
Layer_0
  10
-1295.9503
  20
912.11011
  42
0.036208737
  0
VERTEX
  5
11a5
  8
Layer_0
  10
-1281.0739
  20
911.26733
  0
SEQEND
  0
POLYLINE
  5
11a7
  8
Layer_0
  62
0
  66
1
  10
0
  20
0
  30
0
  0
VERTEX
  5
11a7
  8
Layer_0
  10
-941.18127
  20
911.26392
  0
VERTEX
  5
11a8
  8
Layer_0
  10
-941.08948
  20
911.25464
  42
0.067602166
  0
VERTEX
  5
11a9
  8
Layer_0
  10
-933.45569
  20
912.11353
  42
0.053243511
  0
VERTEX
  5
11aa
  8
Layer_0
  10
-928.83997
  20
913.83716
  42
0.027440835
  0
VERTEX
  5
11ab
  8
Layer_0
  10
-922.77258
  20
911.99927
  42
0.048738879
  0
VERTEX
  5
11ac
  8
Layer_0
  10
-916.51038
  20
911.28101
  42
0.0093982855
  0
VERTEX
  5
11ad
  8
Layer_0
  10
-913.79651
  20
911.25659
  0
VERTEX
  5
11ae
  8
Layer_0
  10
-913.776
  20
911.25464
  42
0.076613787
  0
VERTEX
  5
11af
  8
Layer_0
  10
-910.08606
  20
911.67651
  42
0.18489013
  0
VERTEX
  5
11b0
  8
Layer_0
  10
-905.24915
  20
915.51147
  42
0.052177169
  0
VERTEX
  5
11b1
  8
Layer_0
  10
-903.48547
  20
919.41821
  42
0.086562126
  0
VERTEX
  5
11b2
  8
Layer_0
  10
-901.94495
  20
928.62866
  42
0.012509008
  0
VERTEX
  5
11b3
  8
Layer_0
  10
-902.19495
  20
939.84009
  0
VERTEX
  5
11b4
  8
Layer_0
  10
-898.48596
  20
942.67407
  0
VERTEX
  5
11b5
  8
Layer_0
  10
-899.03284
  20
943.58765
  42
-0.030985637
  0
VERTEX
  5
11b6
  8
Layer_0
  10
-901.90344
  20
949.08179
  42
-0.067932705
  0
VERTEX
  5
11b7
  8
Layer_0
  10
-902.99573
  20
952.74487
  42
-0.03222126
  0
VERTEX
  5
11b8
  8
Layer_0
  10
-903.07043
  20
953.80151
  0
VERTEX
  5
11b9
  8
Layer_0
  10
-903.56506
  20
954.13501
  42
0.067487344
  0
VERTEX
  5
11ba
  8
Layer_0
  10
-906.81604
  20
951.00952
  42
0.12004524
  0
VERTEX
  5
11bb
  8
Layer_0
  10
-907.79358
  20
948.77271
  42
0.072301093
  0
VERTEX
  5
11bc
  8
Layer_0
  10
-907.87952
  20
946.02124
  42
0.0033159345
  0
VERTEX
  5
11bd
  8
Layer_0
  10
-907.33655
  20
940.32593
  0
VERTEX
  5
11be
  8
Layer_0
  10
-907.25354
  20
939.38647
  42
-0.024508309
  0
VERTEX
  5
11bf
  8
Layer_0
  10
-906.56799
  20
924.26636
  42
-0.048411566
  0
VERTEX
  5
11c0
  8
Layer_0
  10
-906.73499
  20
922.32056
  42
-0.17695502
  0
VERTEX
  5
11c1
  8
Layer_0
  10
-907.51184
  20
921.07642
  42
-0.1224558
  0
VERTEX
  5
11c2
  8
Layer_0
  10
-910.06946
  20
919.89038
  42
-0.058809199
  0
VERTEX
  5
11c3
  8
Layer_0
  10
-913.79651
  20
919.58472
  42
-0.037363212
  0
VERTEX
  5
11c4
  8
Layer_0
  10
-920.41956
  20
920.12671
  42
0.05813173
  0
VERTEX
  5
11c5
  8
Layer_0
  10
-918.60803
  20
925.35327
  42
0.13473556
  0
VERTEX
  5
11c6
  8
Layer_0
  10
-919.1261
  20
934.1062
  42
0.093981739
  0
VERTEX
  5
11c7
  8
Layer_0
  10
-921.57092
  20
938.25757
  42
0.1248216
  0
VERTEX
  5
11c8
  8
Layer_0
  10
-923.60559
  20
939.64575
  42
0.12257054
  0
VERTEX
  5
11c9
  8
Layer_0
  10
-925.59534
  20
939.77466
  42
0.10177377
  0
VERTEX
  5
11ca
  8
Layer_0
  10
-928.38733
  20
938.69653
  42
0.065487077
  0
VERTEX
  5
11cb
  8
Layer_0
  10
-931.63635
  20
936.00317
  42
0.10970336
  0
VERTEX
  5
11cc
  8
Layer_0
  10
-935.14905
  20
930.31372
  42
0.088294758
  0
VERTEX
  5
11cd
  8
Layer_0
  10
-935.8678
  20
924.84399
  42
0.053496386
  0
VERTEX
  5
11ce
  8
Layer_0
  10
-935.21448
  20
920.08521
  42
-0.055398391
  0
VERTEX
  5
11cf
  8
Layer_0
  10
-941.08948
  20
919.58472
  0
VERTEX
  5
11d0
  8
Layer_0
  10
-941.18127
  20
919.57544
  0
VERTEX
  5
11d1
  8
Layer_0
  10
-941.18127
  20
919.58472
  0
VERTEX
  5
11d2
  8
Layer_0
  10
-946.18127
  20
919.58472
  0
VERTEX
  5
11d3
  8
Layer_0
  10
-945.90881
  20
920.17651
  42
0.083004716
  0
VERTEX
  5
11d4
  8
Layer_0
  10
-944.9176
  20
924.01294
  42
0.26173486
  0
VERTEX
  5
11d5
  8
Layer_0
  10
-949.49915
  20
933.60864
  42
0.1262924
  0
VERTEX
  5
11d6
  8
Layer_0
  10
-954.16565
  20
935.22827
  42
0.10939029
  0
VERTEX
  5
11d7
  8
Layer_0
  10
-959.49866
  20
934.58179
  42
0.065794302
  0
VERTEX
  5
11d8
  8
Layer_0
  10
-963.35803
  20
932.63647
  42
0.0592003
  0
VERTEX
  5
11d9
  8
Layer_0
  10
-970.68762
  20
926.25757
  0
VERTEX
  5
11da
  8
Layer_0
  10
-970.85413
  20
926.29907
  0
VERTEX
  5
11db
  8
Layer_0
  10
-970.59729
  20
927.07886
  42
0.080851081
  0
VERTEX
  5
11dc
  8
Layer_0
  10
-969.64661
  20
933.4231
  42
0.011121947
  0
VERTEX
  5
11dd
  8
Layer_0
  10
-969.77161
  20
942.50708
  0
VERTEX
  5
11de
  8
Layer_0
  10
-966.18762
  20
945.17456
  0
VERTEX
  5
11df
  8
Layer_0
  10
-966.67737
  20
945.99536
  42
-0.033959532
  0
VERTEX
  5
11e0
  8
Layer_0
  10
-969.73694
  20
951.98218
  42
-0.07486188
  0
VERTEX
  5
11e1
  8
Layer_0
  10
-970.70227
  20
955.77222
  0
VERTEX
  5
11e2
  8
Layer_0
  10
-970.73059
  20
956.34399
  0
VERTEX
  5
11e3
  8
Layer_0
  10
-971.35022
  20
956.71899
  42
0.056789254
  0
VERTEX
  5
11e4
  8
Layer_0
  10
-974.17102
  20
953.91089
  42
0.14296708
  0
VERTEX
  5
11e5
  8
Layer_0
  10
-975.41174
  20
950.85425
  42
0.064028263
  0
VERTEX
  5
11e6
  8
Layer_0
  10
-975.33899
  20
948.19214
  42
0.0043841569
  0
VERTEX
  5
11e7
  8
Layer_0
  10
-975.07678
  20
946.29126
  0
VERTEX
  5
11e8
  8
Layer_0
  10
-975.03918
  20
945.99438
  42
-0.026336149
  0
VERTEX
  5
11e9
  8
Layer_0
  10
-974.255
  20
932.15259
  42
-0.016337213
  0
VERTEX
  5
11ea
  8
Layer_0
  10
-974.29651
  20
925.78003
  42
-0.032402045
  0
VERTEX
  5
11eb
  8
Layer_0
  10
-974.7262
  20
921.92017
  0
VERTEX
  5
11ec
  8
Layer_0
  10
-976.64319
  20
919.58472
  0
VERTEX
  5
11ed
  8
Layer_0
  10
-980.35266
  20
919.58472
  0
VERTEX
  5
11ee
  8
Layer_0
  10
-980.70471
  20
919.54907
  0
VERTEX
  5
11ef
  8
Layer_0
  10
-980.70471
  20
919.58472
  0
VERTEX
  5
11f0
  8
Layer_0
  10
-981.28821
  20
919.58472
  42
-0.074969261
  0
VERTEX
  5
11f1
  8
Layer_0
  10
-983.74133
  20
919.87134
  42
-0.12074349
  0
VERTEX
  5
11f2
  8
Layer_0
  10
-985.44006
  20
920.81421
  42
-0.14076401
  0
VERTEX
  5
11f3
  8
Layer_0
  10
-986.50452
  20
922.81812
  42
-0.060967422
  0
VERTEX
  5
11f4
  8
Layer_0
  10
-986.74768
  20
925.16968
  42
-0.002911285
  0
VERTEX
  5
11f5
  8
Layer_0
  10
-986.67053
  20
933.14917
  0
VERTEX
  5
11f6
  8
Layer_0
  10
-986.66516
  20
934.64136
  42
0.011617489
  0
VERTEX
  5
11f7
  8
Layer_0
  10
-986.88098
  20
946.84741
  42
0.014697878
  0
VERTEX
  5
11f8
  8
Layer_0
  10
-987.4137
  20
953.84351
  0
VERTEX
  5
11f9
  8
Layer_0
  10
-987.9967
  20
954.13501
  42
0.026968935
  0
VERTEX
  5
11fa
  8
Layer_0
  10
-992.78577
  20
949.50903
  0
VERTEX
  5
11fb
  8
Layer_0
  10
-992.52991
  20
946.89331
  42
-0.01842798
  0
VERTEX
  5
11fc
  8
Layer_0
  10
-991.28528
  20
922.2522
  0
VERTEX
  5
11fd
  8
Layer_0
  10
-991.25452
  20
921.51343
  42
0.066965345
  0
VERTEX
  5
11fe
  8
Layer_0
  10
-990.48694
  20
917.10669
  42
0.10711967
  0
VERTEX
  5
11ff
  8
Layer_0
  10
-988.75403
  20
914.03638
  42
0.17098192
  0
VERTEX
  5
1200
  8
Layer_0
  10
-983.47327
  20
911.38013
  42
0.031343932
  0
VERTEX
  5
1201
  8
Layer_0
  10
-981.94739
  20
911.25562
  0
VERTEX
  5
1202
  8
Layer_0
  10
-980.70471
  20
911.25464
  0
VERTEX
  5
1203
  8
Layer_0
  10
-980.70471
  20
911.29028
  0
VERTEX
  5
1204
  8
Layer_0
  10
-980.35266
  20
911.25464
  42
0.01389395
  0
VERTEX
  5
1205
  8
Layer_0
  10
-964.98547
  20
911.55103
  42
0.019192705
  0
VERTEX
  5
1206
  8
Layer_0
  10
-956.64026
  20
912.33765
  42
0.03034409
  0
VERTEX
  5
1207
  8
Layer_0
  10
-943.81409
  20
911.2771
  42
0.013777915
  0
VERTEX
  5
1208
  8
Layer_0
  10
-941.18127
  20
911.26392
  0
SEQEND
  0
POLYLINE
  5
120a
  8
Layer_0
  62
0
  66
1
  10
0
  20
0
  30
0
  0
VERTEX
  5
120a
  8
Layer_0
  10
-827.01184
  20
945.8728
  42
0.095059148
  0
VERTEX
  5
120b
  8
Layer_0
  10
-823.83899
  20
950.46753
  42
0.044541889
  0
VERTEX
  5
120c
  8
Layer_0
  10
-829.79895
  20
955.34351
  0
VERTEX
  5
120d
  8
Layer_0
  10
-833.63147
  20
949.96753
  0
VERTEX
  5
120e
  8
Layer_0
  10
-832.79504
  20
949.37524
  42
-0.025035132
  0
VERTEX
  5
120f
  8
Layer_0
  10
-827.58997
  20
945.34106
  0
VERTEX
  5
1210
  8
Layer_0
  10
-827.01184
  20
945.8728
  0
SEQEND
  0
POLYLINE
  5
1212
  8
Layer_0
  62
0
  66
1
  10
0
  20
0
  30
0
  0
VERTEX
  5
1212
  8
Layer_0
  10
-1243.6989
  20
945.53931
  0
VERTEX
  5
1213
  8
Layer_0
  10
-1243.1515
  20
946.10181
  42
0.080849881
  0
VERTEX
  5
1214
  8
Layer_0
  10
-1240.5245
  20
950.13403
  42
0.044495096
  0
VERTEX
  5
1215
  8
Layer_0
  10
-1246.4869
  20
955.0105
  0
VERTEX
  5
1216
  8
Layer_0
  10
-1250.3224
  20
949.63403
  0
VERTEX
  5
1217
  8
Layer_0
  10
-1249.4855
  20
949.04224
  42
-0.024963674
  0
VERTEX
  5
1218
  8
Layer_0
  10
-1244.277
  20
945.00806
  0
VERTEX
  5
1219
  8
Layer_0
  10
-1243.6989
  20
945.53931
  0
SEQEND
  0
POLYLINE
  5
121b
  8
Layer_0
  62
0
  66
1
  10
0
  20
0
  30
0
  0
VERTEX
  5
121b
  8
Layer_0
  10
-1078.0446
  20
919.57397
  42
-0.06883255
  0
VERTEX
  5
121c
  8
Layer_0
  10
-1082.2286
  20
920.08032
  42
-0.30626703
  0
VERTEX
  5
121d
  8
Layer_0
  10
-1084.5582
  20
922.64673
  0
VERTEX
  5
121e
  8
Layer_0
  10
-1084.6031
  20
922.9231
  0
VERTEX
  5
121f
  8
Layer_0
  10
-1084.8112
  20
923.13159
  0
VERTEX
  5
1220
  8
Layer_0
  10
-1087.1022
  20
921.29565
  42
0.046855511
  0
VERTEX
  5
1221
  8
Layer_0
  10
-1087.1027
  20
917.44165
  42
0.17339344
  0
VERTEX
  5
1222
  8
Layer_0
  10
-1084.9781
  20
912.96216
  42
0.10539303
  0
VERTEX
  5
1223
  8
Layer_0
  10
-1083.068
  20
911.92798
  42
0.062092877
  0
VERTEX
  5
1224
  8
Layer_0
  10
-1079.4342
  20
911.31616
  42
0.031811866
  0
VERTEX
  5
1225
  8
Layer_0
  10
-1074.8868
  20
911.33032
  42
0.10069945
  0
VERTEX
  5
1226
  8
Layer_0
  10
-1071.609
  20
912.30103
  42
0.14853557
  0
VERTEX
  5
1227
  8
Layer_0
  10
-1067.9757
  20
916.03296
  42
0.049947665
  0
VERTEX
  5
1228
  8
Layer_0
  10
-1066.1813
  20
920.42358
  42
0.076606829
  0
VERTEX
  5
1229
  8
Layer_0
  10
-1064.9723
  20
928.62866
  42
0.012557017
  0
VERTEX
  5
122a
  8
Layer_0
  10
-1065.2218
  20
939.84009
  0
VERTEX
  5
122b
  8
Layer_0
  10
-1061.5128
  20
942.67407
  0
VERTEX
  5
122c
  8
Layer_0
  10
-1062.0597
  20
943.58765
  42
-0.031082843
  0
VERTEX
  5
122d
  8
Layer_0
  10
-1064.9303
  20
949.08179
  42
-0.068104543
  0
VERTEX
  5
122e
  8
Layer_0
  10
-1066.0226
  20
952.74487
  42
-0.03221713
  0
VERTEX
  5
122f
  8
Layer_0
  10
-1066.0973
  20
953.80151
  0
VERTEX
  5
1230
  8
Layer_0
  10
-1066.5924
  20
954.13501
  42
0.067427022
  0
VERTEX
  5
1231
  8
Layer_0
  10
-1069.8429
  20
951.00952
  42
0.12036899
  0
VERTEX
  5
1232
  8
Layer_0
  10
-1070.8204
  20
948.77271
  42
0.072338349
  0
VERTEX
  5
1233
  8
Layer_0
  10
-1070.9064
  20
946.02124
  42
0.0033392463
  0
VERTEX
  5
1234
  8
Layer_0
  10
-1070.3634
  20
940.32593
  0
VERTEX
  5
1235
  8
Layer_0
  10
-1070.2809
  20
939.38647
  42
-0.024536881
  0
VERTEX
  5
1236
  8
Layer_0
  10
-1069.5948
  20
924.26636
  42
-0.048365744
  0
VERTEX
  5
1237
  8
Layer_0
  10
-1069.7618
  20
922.32056
  42
-0.17698944
  0
VERTEX
  5
1238
  8
Layer_0
  10
-1070.5387
  20
921.07642
  42
-0.12246169
  0
VERTEX
  5
1239
  8
Layer_0
  10
-1073.0963
  20
919.89038
  42
-0.055759261
  0
VERTEX
  5
123a
  8
Layer_0
  10
-1076.2198
  20
919.58472
  0
VERTEX
  5
123b
  8
Layer_0
  10
-1077.3546
  20
919.58472
  0
VERTEX
  5
123c
  8
Layer_0
  10
-1078.0446
  20
919.57397
  0
SEQEND
  0
POLYLINE
  5
123e
  8
Layer_0
  62
0
  66
1
  10
0
  20
0
  30
0
  0
VERTEX
  5
123e
  8
Layer_0
  10
-1054.174
  20
910.71118
  42
0.04934958
  0
VERTEX
  5
123f
  8
Layer_0
  10
-1051.111
  20
915.26831
  42
0.06844712
  0
VERTEX
  5
1240
  8
Layer_0
  10
-1050.464
  20
917.76001
  42
0.028493076
  0
VERTEX
  5
1241
  8
Layer_0
  10
-1050.0577
  20
922.81177
  42
0.010594781
  0
VERTEX
  5
1242
  8
Layer_0
  10
-1049.9884
  20
930.34692
  42
0.011683532
  0
VERTEX
  5
1243
  8
Layer_0
  10
-1050.3492
  20
944.52954
  42
0.0092283799
  0
VERTEX
  5
1244
  8
Layer_0
  10
-1050.9425
  20
952.8064
  0
VERTEX
  5
1245
  8
Layer_0
  10
-1051.6505
  20
953.18188
  42
0.025798217
  0
VERTEX
  5
1246
  8
Layer_0
  10
-1056.4816
  20
947.88892
  0
VERTEX
  5
1247
  8
Layer_0
  10
-1056.1344
  20
944.47485
  42
-0.02773933
  0
VERTEX
  5
1248
  8
Layer_0
  10
-1055.1066
  20
917.28931
  42
-0.028304167
  0
VERTEX
  5
1249
  8
Layer_0
  10
-1055.6061
  20
910.75464
  0
VERTEX
  5
124a
  8
Layer_0
  10
-1054.6896
  20
910.08765
  0
VERTEX
  5
124b
  8
Layer_0
  10
-1054.174
  20
910.71118
  0
SEQEND
  0
POLYLINE
  5
124d
  8
Layer_0
  62
0
  66
1
  10
0
  20
0
  30
0
  0
VERTEX
  5
124d
  8
Layer_0
  10
-1263.2789
  20
943.73413
  0
VERTEX
  5
124e
  8
Layer_0
  10
-1262.7057
  20
944.22632
  42
0.060419833
  0
VERTEX
  5
124f
  8
Layer_0
  10
-1259.7985
  20
947.50854
  42
0.052765634
  0
VERTEX
  5
1250
  8
Layer_0
  10
-1264.545
  20
952.67651
  0
VERTEX
  5
1251
  8
Layer_0
  10
-1268.7565
  20
948.21704
  0
VERTEX
  5
1252
  8
Layer_0
  10
-1267.5133
  20
946.99683
  42
-0.010869421
  0
VERTEX
  5
1253
  8
Layer_0
  10
-1263.8781
  20
943.25757
  0
VERTEX
  5
1254
  8
Layer_0
  10
-1263.2789
  20
943.73413
  0
SEQEND
  0
POLYLINE
  5
1256
  8
Layer_0
  62
0
  66
1
  10
0
  20
0
  30
0
  0
VERTEX
  5
1256
  8
Layer_0
  10
-921.86145
  20
943.73413
  42
0.07001291
  0
VERTEX
  5
1257
  8
Layer_0
  10
-918.38049
  20
947.50854
  42
0.052785676
  0
VERTEX
  5
1258
  8
Layer_0
  10
-923.12756
  20
952.67651
  0
VERTEX
  5
1259
  8
Layer_0
  10
-927.3385
  20
948.21704
  0
VERTEX
  5
125a
  8
Layer_0
  10
-926.09583
  20
946.99683
  42
-0.010898291
  0
VERTEX
  5
125b
  8
Layer_0
  10
-922.46008
  20
943.25757
  0
VERTEX
  5
125c
  8
Layer_0
  10
-921.86145
  20
943.73413
  0
SEQEND
  0
POLYLINE
  5
125e
  8
Layer_0
  62
0
  66
1
  10
0
  20
0
  30
0
  0
VERTEX
  5
125e
  8
Layer_0
  10
-1272.0778
  20
943.35913
  0
VERTEX
  5
125f
  8
Layer_0
  10
-1271.504
  20
943.85132
  42
0.061106109
  0
VERTEX
  5
1260
  8
Layer_0
  10
-1268.5895
  20
947.13354
  42
0.052562886
  0
VERTEX
  5
1261
  8
Layer_0
  10
-1273.3429
  20
952.30151
  0
VERTEX
  5
1262
  8
Layer_0
  10
-1277.5475
  20
947.84204
  0
VERTEX
  5
1263
  8
Layer_0
  10
-1276.3073
  20
946.62134
  42
-0.01089805
  0
VERTEX
  5
1264
  8
Layer_0
  10
-1272.6759
  20
942.88208
  0
VERTEX
  5
1265
  8
Layer_0
  10
-1272.0778
  20
943.35913
  0
SEQEND
  0
POLYLINE
  5
1267
  8
Layer_0
  62
0
  66
1
  10
0
  20
0
  30
0
  0
VERTEX
  5
1267
  8
Layer_0
  10
-930.65979
  20
943.35913
  42
0.070436139
  0
VERTEX
  5
1268
  8
Layer_0
  10
-927.172
  20
947.13354
  42
0.052578031
  0
VERTEX
  5
1269
  8
Layer_0
  10
-931.92542
  20
952.30151
  0
VERTEX
  5
126a
  8
Layer_0
  10
-936.13
  20
947.84204
  0
VERTEX
  5
126b
  8
Layer_0
  10
-934.88928
  20
946.62134
  42
-0.010751894
  0
VERTEX
  5
126c
  8
Layer_0
  10
-931.25793
  20
942.88208
  0
VERTEX
  5
126d
  8
Layer_0
  10
-930.65979
  20
943.35913
  0
SEQEND
  0
POLYLINE
  5
126f
  8
Layer_0
  62
0
  66
1
  10
0
  20
0
  30
0
  0
VERTEX
  5
126f
  8
Layer_0
  10
-1132.7975
  20
942.42944
  0
VERTEX
  5
1270
  8
Layer_0
  10
-1132.2521
  20
942.94897
  42
0.068719418
  0
VERTEX
  5
1271
  8
Layer_0
  10
-1129.5328
  20
946.38306
  42
0.050144868
  0
VERTEX
  5
1272
  8
Layer_0
  10
-1134.5333
  20
951.30103
  0
VERTEX
  5
1273
  8
Layer_0
  10
-1138.4923
  20
946.59155
  0
VERTEX
  5
1274
  8
Layer_0
  10
-1137.1876
  20
945.44019
  42
-0.012648708
  0
VERTEX
  5
1275
  8
Layer_0
  10
-1133.3668
  20
941.92358
  0
VERTEX
  5
1276
  8
Layer_0
  10
-1132.7975
  20
942.42944
  0
SEQEND
  0
POLYLINE
  5
1278
  8
Layer_0
  62
0
  66
1
  10
0
  20
0
  30
0
  0
VERTEX
  5
1278
  8
Layer_0
  10
-758.97717
  20
940.53784
  42
0.094820087
  0
VERTEX
  5
1279
  8
Layer_0
  10
-755.80725
  20
945.13306
  42
0.044510425
  0
VERTEX
  5
127a
  8
Layer_0
  10
-761.76184
  20
950.00903
  0
VERTEX
  5
127b
  8
Layer_0
  10
-765.59631
  20
944.63257
  0
VERTEX
  5
127c
  8
Layer_0
  10
-764.7594
  20
944.04077
  42
-0.025242962
  0
VERTEX
  5
127d
  8
Layer_0
  10
-759.55481
  20
940.00659
  0
VERTEX
  5
127e
  8
Layer_0
  10
-758.97717
  20
940.53784
  0
SEQEND
  0
POLYLINE
  5
1280
  8
Layer_0
  62
0
  66
1
  10
0
  20
0
  30
0
  0
VERTEX
  5
1280
  8
Layer_0
  10
-1097.6935
  20
940.16284
  0
VERTEX
  5
1281
  8
Layer_0
  10
-1097.1466
  20
940.72534
  42
0.080831265
  0
VERTEX
  5
1282
  8
Layer_0
  10
-1094.5206
  20
944.75757
  42
0.044563765
  0
VERTEX
  5
1283
  8
Layer_0
  10
-1100.4806
  20
949.63403
  0
VERTEX
  5
1284
  8
Layer_0
  10
-1104.3151
  20
944.25757
  0
VERTEX
  5
1285
  8
Layer_0
  10
-1103.4781
  20
943.66577
  42
-0.025111677
  0
VERTEX
  5
1286
  8
Layer_0
  10
-1098.2716
  20
939.63159
  0
VERTEX
  5
1287
  8
Layer_0
  10
-1097.6935
  20
940.16284
  0
SEQEND
  0
POLYLINE
  5
1289
  8
Layer_0
  62
0
  66
1
  10
0
  20
0
  30
0
  0
VERTEX
  5
1289
  8
Layer_0
  10
-1127.2135
  20
933.677
  0
VERTEX
  5
128a
  8
Layer_0
  10
-1126.6676
  20
934.19653
  42
0.068506848
  0
VERTEX
  5
128b
  8
Layer_0
  10
-1123.9484
  20
937.6311
  42
0.050098485
  0
VERTEX
  5
128c
  8
Layer_0
  10
-1128.9493
  20
942.54907
  0
VERTEX
  5
128d
  8
Layer_0
  10
-1132.9083
  20
937.8396
  0
VERTEX
  5
128e
  8
Layer_0
  10
-1131.6031
  20
936.68823
  42
-0.012504379
  0
VERTEX
  5
128f
  8
Layer_0
  10
-1127.7823
  20
933.17163
  0
VERTEX
  5
1290
  8
Layer_0
  10
-1127.2135
  20
933.677
  0
SEQEND
  0
POLYLINE
  5
1292
  8
Layer_0
  62
0
  66
1
  10
0
  20
0
  30
0
  0
VERTEX
  5
1292
  8
Layer_0
  10
-1136.3395
  20
933.2605
  0
VERTEX
  5
1293
  8
Layer_0
  10
-1135.7941
  20
933.78003
  42
0.06870052
  0
VERTEX
  5
1294
  8
Layer_0
  10
-1133.0748
  20
937.21411
  42
0.050123769
  0
VERTEX
  5
1295
  8
Layer_0
  10
-1138.0758
  20
942.13208
  0
VERTEX
  5
1296
  8
Layer_0
  10
-1142.0343
  20
937.42261
  0
VERTEX
  5
1297
  8
Layer_0
  10
-1140.7296
  20
936.27124
  42
-0.012622373
  0
VERTEX
  5
1298
  8
Layer_0
  10
-1136.9088
  20
932.75464
  0
VERTEX
  5
1299
  8
Layer_0
  10
-1136.3395
  20
933.2605
  0
SEQEND
  0
POLYLINE
  5
129b
  8
Layer_0
  62
0
  66
1
  10
0
  20
0
  30
0
  0
VERTEX
  5
129b
  8
Layer_0
  10
-826.58069
  20
910.73364
  42
0.14094477
  0
VERTEX
  5
129c
  8
Layer_0
  10
-817.01331
  20
913.91479
  42
0.019245474
  0
VERTEX
  5
129d
  8
Layer_0
  10
-815.75403
  20
914.83618
  42
0.30390543
  0
VERTEX
  5
129e
  8
Layer_0
  10
-817.04211
  20
932.51196
  42
0.063295245
  0
VERTEX
  5
129f
  8
Layer_0
  10
-823.86194
  20
939.16626
  42
0.024736503
  0
VERTEX
  5
12a0
  8
Layer_0
  10
-828.00696
  20
942.04858
  0
VERTEX
  5
12a1
  8
Layer_0
  10
-828.29846
  20
942.04858
  42
0.037259704
  0
VERTEX
  5
12a2
  8
Layer_0
  10
-830.53284
  20
937.5481
  42
0.080674573
  0
VERTEX
  5
12a3
  8
Layer_0
  10
-830.96594
  20
935.63062
  42
0.20612766
  0
VERTEX
  5
12a4
  8
Layer_0
  10
-830.3512
  20
934.33862
  42
0.066075076
  0
VERTEX
  5
12a5
  8
Layer_0
  10
-828.67346
  20
933.17163
  0
VERTEX
  5
12a6
  8
Layer_0
  10
-827.60461
  20
932.56323
  42
-0.056475213
  0
VERTEX
  5
12a7
  8
Layer_0
  10
-822.20081
  20
928.55835
  42
-0.072570127
  0
VERTEX
  5
12a8
  8
Layer_0
  10
-819.10315
  20
924.73804
  42
-0.066434763
  0
VERTEX
  5
12a9
  8
Layer_0
  10
-817.67102
  20
921.33521
  42
-0.050763599
  0
VERTEX
  5
12aa
  8
Layer_0
  10
-821.92102
  20
919.65601
  42
-0.088981103
  0
VERTEX
  5
12ab
  8
Layer_0
  10
-828.11243
  20
919.06372
  42
-0.085202864
  0
VERTEX
  5
12ac
  8
Layer_0
  10
-830.36584
  20
919.6604
  42
-0.13289054
  0
VERTEX
  5
12ad
  8
Layer_0
  10
-831.89124
  20
920.9104
  42
-0.1244276
  0
VERTEX
  5
12ae
  8
Layer_0
  10
-832.70178
  20
923.27466
  42
-0.027444353
  0
VERTEX
  5
12af
  8
Layer_0
  10
-832.75793
  20
924.29419
  0
VERTEX
  5
12b0
  8
Layer_0
  10
-835.42053
  20
924.29419
  42
0.04037762
  0
VERTEX
  5
12b1
  8
Layer_0
  10
-835.62805
  20
918.62378
  42
0.085677821
  0
VERTEX
  5
12b2
  8
Layer_0
  10
-834.79407
  20
914.88403
  42
0.22578995
  0
VERTEX
  5
12b3
  8
Layer_0
  10
-830.48987
  20
911.11938
  42
0.074772838
  0
VERTEX
  5
12b4
  8
Layer_0
  10
-827.42346
  20
910.71313
  0
VERTEX
  5
12b5
  8
Layer_0
  10
-826.58069
  20
910.73364
  0
SEQEND
  0
POLYLINE
  5
12b7
  8
Layer_0
  62
0
  66
1
  10
0
  20
0
  30
0
  0
VERTEX
  5
12b7
  8
Layer_0
  10
-1006.3912
  20
890.8772
  42
0.058009338
  0
VERTEX
  5
12b8
  8
Layer_0
  10
-1002.6315
  20
891.29126
  0
VERTEX
  5
12b9
  8
Layer_0
  10
-1002.045
  20
891.45776
  42
0.040686606
  0
VERTEX
  5
12ba
  8
Layer_0
  10
-995.93958
  20
895.60571
  42
0.014267942
  0
VERTEX
  5
12bb
  8
Layer_0
  10
-992.08411
  20
898.82983
  0
VERTEX
  5
12bc
  8
Layer_0
  10
-992.70911
  20
899.78833
  0
VERTEX
  5
12bd
  8
Layer_0
  10
-993.82678
  20
899.59888
  42
-0.064938178
  0
VERTEX
  5
12be
  8
Layer_0
  10
-1007.0294
  20
899.27905
  42
-0.070688297
  0
VERTEX
  5
12bf
  8
Layer_0
  10
-1014.4923
  20
901.10815
  42
-0.086384003
  0
VERTEX
  5
12c0
  8
Layer_0
  10
-1018.7584
  20
903.67456
  42
-0.11261995
  0
VERTEX
  5
12c1
  8
Layer_0
  10
-1020.8942
  20
906.58813
  42
-0.14391674
  0
VERTEX
  5
12c2
  8
Layer_0
  10
-1021.2516
  20
909.65747
  42
-0.11126341
  0
VERTEX
  5
12c3
  8
Layer_0
  10
-1020.0162
  20
912.19946
  42
-0.062648279
  0
VERTEX
  5
12c4
  8
Layer_0
  10
-1017.3326
  20
914.84692
  42
-0.049114527
  0
VERTEX
  5
12c5
  8
Layer_0
  10
-1011.5651
  20
918.45337
  42
-0.031991093
  0
VERTEX
  5
12c6
  8
Layer_0
  10
-1002.2618
  20
922.37183
  0
VERTEX
  5
12c7
  8
Layer_0
  10
-1001.0446
  20
922.79712
  42
0.022813944
  0
VERTEX
  5
12c8
  8
Layer_0
  10
-999.35657
  20
928.47144
  0
VERTEX
  5
12c9
  8
Layer_0
  10
-998.87756
  20
930.38354
  0
VERTEX
  5
12ca
  8
Layer_0
  10
-999.29407
  20
930.71704
  42
0.0128427
  0
VERTEX
  5
12cb
  8
Layer_0
  10
-1010.0577
  20
926.31812
  0
VERTEX
  5
12cc
  8
Layer_0
  10
-1010.3917
  20
926.18188
  42
-0.049415103
  0
VERTEX
  5
12cd
  8
Layer_0
  10
-1012.6398
  20
925.43628
  42
-0.11085604
  0
VERTEX
  5
12ce
  8
Layer_0
  10
-1014.0851
  20
925.72534
  42
-0.056402956
  0
VERTEX
  5
12cf
  8
Layer_0
  10
-1016.3444
  20
926.97778
  42
-0.055036383
  0
VERTEX
  5
12d0
  8
Layer_0
  10
-1018.6984
  20
929.05786
  42
-0.065184866
  0
VERTEX
  5
12d1
  8
Layer_0
  10
-1019.7145
  20
930.39282
  42
-0.11771931
  0
VERTEX
  5
12d2
  8
Layer_0
  10
-1020.0909
  20
931.67554
  42
-0.16011881
  0
VERTEX
  5
12d3
  8
Layer_0
  10
-1019.59
  20
932.42944
  42
-0.082220109
  0
VERTEX
  5
12d4
  8
Layer_0
  10
-1016.6627
  20
934.2478
  42
-0.12154831
  0
VERTEX
  5
12d5
  8
Layer_0
  10
-1011.0065
  20
935.36548
  42
-0.12426675
  0
VERTEX
  5
12d6
  8
Layer_0
  10
-1005.921
  20
933.71802
  0
VERTEX
  5
12d7
  8
Layer_0
  10
-1004.712
  20
935.09351
  42
0.069468372
  0
VERTEX
  5
12d8
  8
Layer_0
  10
-1007.7706
  20
938.95093
  42
0.087724248
  0
VERTEX
  5
12d9
  8
Layer_0
  10
-1010.6324
  20
940.85962
  42
0.16567731
  0
VERTEX
  5
12da
  8
Layer_0
  10
-1015.7882
  20
941.24829
  42
0.10737152
  0
VERTEX
  5
12db
  8
Layer_0
  10
-1019.4386
  20
939.40894
  42
0.11605874
  0
VERTEX
  5
12dc
  8
Layer_0
  10
-1023.2584
  20
934.55786
  42
0.089509214
  0
VERTEX
  5
12dd
  8
Layer_0
  10
-1024.816
  20
929.57788
  42
0.1660145
  0
VERTEX
  5
12de
  8
Layer_0
  10
-1023.7262
  20
924.22876
  42
0.091423156
  0
VERTEX
  5
12df
  8
Layer_0
  10
-1020.1305
  20
920.38794
  0
VERTEX
  5
12e0
  8
Layer_0
  10
-1019.549
  20
919.96265
  0
VERTEX
  5
12e1
  8
Layer_0
  10
-1020.2921
  20
919.06714
  42
0.059040603
  0
VERTEX
  5
12e2
  8
Layer_0
  10
-1023.6691
  20
913.78345
  42
0.08448858
  0
VERTEX
  5
12e3
  8
Layer_0
  10
-1025.3805
  20
907.80249
  42
0.11072822
  0
VERTEX
  5
12e4
  8
Layer_0
  10
-1024.465
  20
900.29956
  42
0.1495899
  0
VERTEX
  5
12e5
  8
Layer_0
  10
-1019.6964
  20
894.25513
  42
0.074926852
  0
VERTEX
  5
12e6
  8
Layer_0
  10
-1015.3424
  20
892.11304
  42
0.059921385
  0
VERTEX
  5
12e7
  8
Layer_0
  10
-1009.5812
  20
890.97241
  42
0.021733267
  0
VERTEX
  5
12e8
  8
Layer_0
  10
-1006.3912
  20
890.8772
  0
SEQEND
  0
POLYLINE
  5
12ea
  8
Layer_0
  62
0
  66
1
  10
0
  20
0
  30
0
  0
VERTEX
  5
12ea
  8
Layer_0
  10
-799.79797
  20
896.05981
  42
0.15773528
  0
VERTEX
  5
12eb
  8
Layer_0
  10
-794.20374
  20
898.30933
  42
0.085302434
  0
VERTEX
  5
12ec
  8
Layer_0
  10
-790.03235
  20
903.11304
  42
0.080298702
  0
VERTEX
  5
12ed
  8
Layer_0
  10
-786.70178
  20
911.25464
  0
VERTEX
  5
12ee
  8
Layer_0
  10
-783.57581
  20
911.25464
  0
VERTEX
  5
12ef
  8
Layer_0
  10
-783.57581
  20
911.2981
  0
VERTEX
  5
12f0
  8
Layer_0
  10
-783.54553
  20
911.29126
  42
0.030425137
  0
VERTEX
  5
12f1
  8
Layer_0
  10
-781.776
  20
911.26782
  42
0.062581037
  0
VERTEX
  5
12f2
  8
Layer_0
  10
-777.67346
  20
911.86792
  42
0.10795659
  0
VERTEX
  5
12f3
  8
Layer_0
  10
-774.1759
  20
913.68384
  42
0.035318694
  0
VERTEX
  5
12f4
  8
Layer_0
  10
-773.43127
  20
914.41919
  0
VERTEX
  5
12f5
  8
Layer_0
  10
-773.22327
  20
914.3772
  0
VERTEX
  5
12f6
  8
Layer_0
  10
-773.13049
  20
913.87378
  42
0.096991764
  0
VERTEX
  5
12f7
  8
Layer_0
  10
-771.32483
  20
909.21655
  42
0.13199362
  0
VERTEX
  5
12f8
  8
Layer_0
  10
-768.16516
  20
906.29419
  42
0.23002261
  0
VERTEX
  5
12f9
  8
Layer_0
  10
-761.90295
  20
906.17944
  42
0.10023623
  0
VERTEX
  5
12fa
  8
Layer_0
  10
-759.66125
  20
907.9939
  42
0.099907271
  0
VERTEX
  5
12fb
  8
Layer_0
  10
-757.65002
  20
911.6355
  42
0.1549308
  0
VERTEX
  5
12fc
  8
Layer_0
  10
-757.4176
  20
918.73169
  42
0.18274564
  0
VERTEX
  5
12fd
  8
Layer_0
  10
-760.72327
  20
923.31616
  42
0.16376495
  0
VERTEX
  5
12fe
  8
Layer_0
  10
-764.70959
  20
924.27026
  42
0.11923771
  0
VERTEX
  5
12ff
  8
Layer_0
  10
-768.63879
  20
923.00317
  0
VERTEX
  5
1300
  8
Layer_0
  10
-768.8053
  20
923.12817
  42
-0.11059687
  0
VERTEX
  5
1301
  8
Layer_0
  10
-766.37756
  20
926.55933
  42
-0.16594866
  0
VERTEX
  5
1302
  8
Layer_0
  10
-760.77454
  20
928.85718
  42
-0.10676855
  0
VERTEX
  5
1303
  8
Layer_0
  10
-757.36877
  20
928.43823
  42
-0.16380675
  0
VERTEX
  5
1304
  8
Layer_0
  10
-754.39026
  20
926.00513
  0
VERTEX
  5
1305
  8
Layer_0
  10
-753.72327
  20
926.08862
  42
0.050194649
  0
VERTEX
  5
1306
  8
Layer_0
  10
-752.75647
  20
929.9353
  42
0.10056788
  0
VERTEX
  5
1307
  8
Layer_0
  10
-752.91223
  20
932.83813
  42
0.23305878
  0
VERTEX
  5
1308
  8
Layer_0
  10
-755.5719
  20
935.86743
  42
0.099585232
  0
VERTEX
  5
1309
  8
Layer_0
  10
-758.55579
  20
936.42261
  42
0.19220495
  0
VERTEX
  5
130a
  8
Layer_0
  10
-767.14368
  20
932.96313
  42
0.097493473
  0
VERTEX
  5
130b
  8
Layer_0
  10
-771.1803
  20
927.23999
  42
0.05109682
  0
VERTEX
  5
130c
  8
Layer_0
  10
-772.97327
  20
921.87915
  0
VERTEX
  5
130d
  8
Layer_0
  10
-773.36145
  20
921.58032
  42
-0.090205489
  0
VERTEX
  5
130e
  8
Layer_0
  10
-776.33899
  20
920.25073
  42
-0.057628442
  0
VERTEX
  5
130f
  8
Layer_0
  10
-781.81653
  20
919.59009
  42
-0.0034351353
  0
VERTEX
  5
1310
  8
Layer_0
  10
-783.18372
  20
919.58472
  0
VERTEX
  5
1311
  8
Layer_0
  10
-783.54553
  20
919.5481
  0
VERTEX
  5
1312
  8
Layer_0
  10
-783.57581
  20
919.54126
  0
VERTEX
  5
1313
  8
Layer_0
  10
-783.57581
  20
919.58521
  0
VERTEX
  5
1314
  8
Layer_0
  10
-786.40979
  20
919.58521
  0
VERTEX
  5
1315
  8
Layer_0
  10
-786.56897
  20
920.39185
  42
0.051968627
  0
VERTEX
  5
1316
  8
Layer_0
  10
-788.61682
  20
927.17651
  42
0.073956261
  0
VERTEX
  5
1317
  8
Layer_0
  10
-790.85754
  20
930.90405
  42
0.14716552
  0
VERTEX
  5
1318
  8
Layer_0
  10
-794.07434
  20
933.05493
  42
0.1880509
  0
VERTEX
  5
1319
  8
Layer_0
  10
-798.81506
  20
932.55737
  42
0.093591612
  0
VERTEX
  5
131a
  8
Layer_0
  10
-802.03479
  20
930.02466
  42
0.10571397
  0
VERTEX
  5
131b
  8
Layer_0
  10
-804.97571
  20
925.12573
  42
0.11826176
  0
VERTEX
  5
131c
  8
Layer_0
  10
-805.42346
  20
919.32886
  42
0.10746738
  0
VERTEX
  5
131d
  8
Layer_0
  10
-804.11633
  20
915.63403
  42
0.12456556
  0
VERTEX
  5
131e
  8
Layer_0
  10
-801.48254
  20
913.18628
  42
0.091018344
  0
VERTEX
  5
131f
  8
Layer_0
  10
-796.51624
  20
911.52954
  42
0.035793967
  0
VERTEX
  5
1320
  8
Layer_0
  10
-793.07483
  20
911.25464
  0
VERTEX
  5
1321
  8
Layer_0
  10
-791.16125
  20
911.25464
  42
-0.074979871
  0
VERTEX
  5
1322
  8
Layer_0
  10
-793.01575
  20
908.6604
  42
-0.077094497
  0
VERTEX
  5
1323
  8
Layer_0
  10
-799.81116
  20
903.51099
  42
-0.067680001
  0
VERTEX
  5
1324
  8
Layer_0
  10
-803.74084
  20
902.01294
  42
-0.14640673
  0
VERTEX
  5
1325
  8
Layer_0
  10
-810.31311
  20
902.40894
  42
-0.021320636
  0
VERTEX
  5
1326
  8
Layer_0
  10
-811.49426
  20
902.87329
  0
VERTEX
  5
1327
  8
Layer_0
  10
-812.45276
  20
900.66431
  42
0.057333886
  0
VERTEX
  5
1328
  8
Layer_0
  10
-806.07776
  20
897.22925
  42
0.079079922
  0
VERTEX
  5
1329
  8
Layer_0
  10
-800.91174
  20
896.06274
  42
0.035212754
  0
VERTEX
  5
132a
  8
Layer_0
  10
-799.79797
  20
896.05981
  0
SEQEND
  0
POLYLINE
  5
132c
  8
Layer_0
  62
0
  66
1
  10
0
  20
0
  30
0
  0
VERTEX
  5
132c
  8
Layer_0
  10
-1239.8048
  20
929.10962
  42
-0.050375435
  0
VERTEX
  5
132d
  8
Layer_0
  10
-1245.5104
  20
929.84692
  42
-0.079661986
  0
VERTEX
  5
132e
  8
Layer_0
  10
-1248.6632
  20
931.09351
  42
-0.13888849
  0
VERTEX
  5
132f
  8
Layer_0
  10
-1249.9005
  20
932.37085
  42
-0.31542439
  0
VERTEX
  5
1330
  8
Layer_0
  10
-1249.6432
  20
934.41235
  42
-0.15631955
  0
VERTEX
  5
1331
  8
Layer_0
  10
-1247.5114
  20
935.75024
  42
-0.087826893
  0
VERTEX
  5
1332
  8
Layer_0
  10
-1245.1031
  20
935.97778
  42
-0.13872609
  0
VERTEX
  5
1333
  8
Layer_0
  10
-1242.777
  20
934.97925
  42
-0.086079273
  0
VERTEX
  5
1334
  8
Layer_0
  10
-1240.8092
  20
932.6311
  42
-0.051269035
  0
VERTEX
  5
1335
  8
Layer_0
  10
-1239.1906
  20
929.08716
  0
VERTEX
  5
1336
  8
Layer_0
  10
-1239.8048
  20
929.10962
  0
SEQEND
  0
POLYLINE
  5
1338
  8
Layer_0
  62
0
  66
1
  10
0
  20
0
  30
0
  0
VERTEX
  5
1338
  8
Layer_0
  10
-1187.9518
  20
909.45044
  42
0.057594217
  0
VERTEX
  5
1339
  8
Layer_0
  10
-1176.4547
  20
911.21802
  42
0.038995487
  0
VERTEX
  5
133a
  8
Layer_0
  10
-1166.7589
  20
914.62769
  0
VERTEX
  5
133b
  8
Layer_0
  10
-1166.6339
  20
914.62769
  0
VERTEX
  5
133c
  8
Layer_0
  10
-1166.2819
  20
914.19409
  42
0.12931348
  0
VERTEX
  5
133d
  8
Layer_0
  10
-1163.0446
  20
912.03589
  42
0.077502055
  0
VERTEX
  5
133e
  8
Layer_0
  10
-1158.5387
  20
911.26343
  42
0.0059430021
  0
VERTEX
  5
133f
  8
Layer_0
  10
-1157.215
  20
911.25464
  0
VERTEX
  5
1340
  8
Layer_0
  10
-1157.215
  20
911.27271
  0
VERTEX
  5
1341
  8
Layer_0
  10
-1157.0367
  20
911.25464
  42
0.17395107
  0
VERTEX
  5
1342
  8
Layer_0
  10
-1148.2667
  20
914.04712
  0
VERTEX
  5
1343
  8
Layer_0
  10
-1147.7853
  20
914.42017
  0
VERTEX
  5
1344
  8
Layer_0
  10
-1147.6324
  20
914.00366
  42
0.13097396
  0
VERTEX
  5
1345
  8
Layer_0
  10
-1146.3351
  20
912.1604
  42
0.16964202
  0
VERTEX
  5
1346
  8
Layer_0
  10
-1143.3263
  20
911.25464
  42
0.1617918
  0
VERTEX
  5
1347
  8
Layer_0
  10
-1138.8971
  20
912.68823
  42
0.048892823
  0
VERTEX
  5
1348
  8
Layer_0
  10
-1136.4503
  20
914.79517
  0
VERTEX
  5
1349
  8
Layer_0
  10
-1136.2418
  20
914.79517
  0
VERTEX
  5
134a
  8
Layer_0
  10
-1136.0909
  20
914.36401
  42
0.11739408
  0
VERTEX
  5
134b
  8
Layer_0
  10
-1134.7902
  20
912.3689
  42
0.17293341
  0
VERTEX
  5
134c
  8
Layer_0
  10
-1132.0382
  20
911.26831
  42
0.1415298
  0
VERTEX
  5
134d
  8
Layer_0
  10
-1128.0323
  20
912.20239
  42
0.080380503
  0
VERTEX
  5
134e
  8
Layer_0
  10
-1124.9977
  20
914.61841
  0
VERTEX
  5
134f
  8
Layer_0
  10
-1124.5739
  20
915.08667
  0
VERTEX
  5
1350
  8
Layer_0
  10
-1124.4069
  20
915.08667
  0
VERTEX
  5
1351
  8
Layer_0
  10
-1124.1154
  20
914.58716
  42
0.14395057
  0
VERTEX
  5
1352
  8
Layer_0
  10
-1121.4821
  20
912.36548
  42
0.078960502
  0
VERTEX
  5
1353
  8
Layer_0
  10
-1117.4347
  20
911.36646
  42
0.023814444
  0
VERTEX
  5
1354
  8
Layer_0
  10
-1114.359
  20
911.25464
  42
0.049028578
  0
VERTEX
  5
1355
  8
Layer_0
  10
-1105.7501
  20
911.93677
  42
0.10889853
  0
VERTEX
  5
1356
  8
Layer_0
  10
-1094.9288
  20
916.57007
  42
0.033343426
  0
VERTEX
  5
1357
  8
Layer_0
  10
-1088.7277
  20
921.62817
  0
VERTEX
  5
1358
  8
Layer_0
  10
-1088.3156
  20
921.98169
  42
-0.16333675
  0
VERTEX
  5
1359
  8
Layer_0
  10
-1083.1241
  20
924.0769
  42
-0.02614035
  0
VERTEX
  5
135a
  8
Layer_0
  10
-1081.5621
  20
924.13306
  0
VERTEX
  5
135b
  8
Layer_0
  10
-1081.0314
  20
924.92163
  42
0.027722318
  0
VERTEX
  5
135c
  8
Layer_0
  10
-1078.1046
  20
929.92114
  0
VERTEX
  5
135d
  8
Layer_0
  10
-1078.1881
  20
930.25415
  0
VERTEX
  5
135e
  8
Layer_0
  10
-1081.2706
  20
930.25415
  42
-0.085924738
  0
VERTEX
  5
135f
  8
Layer_0
  10
-1090.1119
  20
931.70142
  42
-0.0063877129
  0
VERTEX
  5
1360
  8
Layer_0
  10
-1093.3302
  20
932.8645
  0
VERTEX
  5
1361
  8
Layer_0
  10
-1094.1798
  20
933.1604
  42
0.036493584
  0
VERTEX
  5
1362
  8
Layer_0
  10
-1100.1471
  20
934.79224
  42
0.070584178
  0
VERTEX
  5
1363
  8
Layer_0
  10
-1104.3209
  20
935.03149
  42
0.17137279
  0
VERTEX
  5
1364
  8
Layer_0
  10
-1109.7692
  20
932.54761
  42
0.1173597
  0
VERTEX
  5
1365
  8
Layer_0
  10
-1111.8268
  20
929.00757
  42
0.026034689
  0
VERTEX
  5
1366
  8
Layer_0
  10
-1112.192
  20
927.63354
  0
VERTEX
  5
1367
  8
Layer_0
  10
-1109.483
  20
922.33716
  0
VERTEX
  5
1368
  8
Layer_0
  10
-1108.6495
  20
922.33716
  0
VERTEX
  5
1369
  8
Layer_0
  10
-1106.7321
  20
926.71655
  42
-0.10711329
  0
VERTEX
  5
136a
  8
Layer_0
  10
-1104.8663
  20
927.36157
  42
-0.069946455
  0
VERTEX
  5
136b
  8
Layer_0
  10
-1100.6818
  20
927.2644
  42
-0.04344233
  0
VERTEX
  5
136c
  8
Layer_0
  10
-1093.5304
  20
925.53491
  0
VERTEX
  5
136d
  8
Layer_0
  10
-1092.6871
  20
925.25659
  0
VERTEX
  5
136e
  8
Layer_0
  10
-1092.6871
  20
925.0481
  42
-0.066339585
  0
VERTEX
  5
136f
  8
Layer_0
  10
-1100.7291
  20
921.22192
  42
-0.057118437
  0
VERTEX
  5
1370
  8
Layer_0
  10
-1108.6246
  20
919.76929
  42
-0.018995769
  0
VERTEX
  5
1371
  8
Layer_0
  10
-1114.9474
  20
919.58472
  42
-0.067247185
  0
VERTEX
  5
1372
  8
Layer_0
  10
-1118.6583
  20
920.00269
  42
-0.13817025
  0
VERTEX
  5
1373
  8
Layer_0
  10
-1120.9264
  20
921.26538
  42
-0.18274121
  0
VERTEX
  5
1374
  8
Layer_0
  10
-1121.86
  20
923.65063
  42
-0.064211545
  0
VERTEX
  5
1375
  8
Layer_0
  10
-1121.547
  20
926.30005
  42
-0.020335418
  0
VERTEX
  5
1376
  8
Layer_0
  10
-1120.6984
  20
929.33716
  0
VERTEX
  5
1377
  8
Layer_0
  10
-1120.9899
  20
929.62915
  42
0.036666082
  0
VERTEX
  5
1378
  8
Layer_0
  10
-1124.3239
  20
927.58667
  42
0.0070308833
  0
VERTEX
  5
1379
  8
Layer_0
  10
-1125.3341
  20
924.44556
  0
VERTEX
  5
137a
  8
Layer_0
  10
-1125.4601
  20
924.05835
  42
-0.097341324
  0
VERTEX
  5
137b
  8
Layer_0
  10
-1127.0284
  20
921.25708
  42
-0.094375703
  0
VERTEX
  5
137c
  8
Layer_0
  10
-1128.631
  20
920.04321
  42
-0.13425241
  0
VERTEX
  5
137d
  8
Layer_0
  10
-1131.3395
  20
919.62329
  42
-0.3105614
  0
VERTEX
  5
137e
  8
Layer_0
  10
-1132.8116
  20
921.04419
  42
-0.14309009
  0
VERTEX
  5
137f
  8
Layer_0
  10
-1132.7179
  20
923.52661
  42
-0.026158969
  0
VERTEX
  5
1380
  8
Layer_0
  10
-1131.7721
  20
926.11401
  42
-0.0056758972
  0
VERTEX
  5
1381
  8
Layer_0
  10
-1131.0328
  20
927.87866
  0
VERTEX
  5
1382
  8
Layer_0
  10
-1131.3663
  20
928.29517
  42
0.037027765
  0
VERTEX
  5
1383
  8
Layer_0
  10
-1134.7418
  20
926.62817
  42
0.016388581
  0
VERTEX
  5
1384
  8
Layer_0
  10
-1136.1862
  20
923.44312
  0
VERTEX
  5
1385
  8
Layer_0
  10
-1136.3517
  20
923.11157
  42
-0.087231348
  0
VERTEX
  5
1386
  8
Layer_0
  10
-1138.0958
  20
920.8855
  42
-0.10873877
  0
VERTEX
  5
1387
  8
Layer_0
  10
-1140.1349
  20
919.78345
  42
-0.10225676
  0
VERTEX
  5
1388
  8
Layer_0
  10
-1142.3976
  20
919.64771
  42
-0.34689671
  0
VERTEX
  5
1389
  8
Layer_0
  10
-1143.8278
  20
921.17847
  42
-0.12612559
  0
VERTEX
  5
138a
  8
Layer_0
  10
-1143.5909
  20
923.09351
  42
-0.056065172
  0
VERTEX
  5
138b
  8
Layer_0
  10
-1141.8805
  20
926.31226
  42
-0.0080901622
  0
VERTEX
  5
138c
  8
Layer_0
  10
-1141.3258
  20
927.12866
  0
VERTEX
  5
138d
  8
Layer_0
  10
-1141.7843
  20
927.54517
  42
0.033962197
  0
VERTEX
  5
138e
  8
Layer_0
  10
-1145.4098
  20
925.87817
  0
VERTEX
  5
138f
  8
Layer_0
  10
-1146.8419
  20
923.88159
  42
-0.058224075
  0
VERTEX
  5
1390
  8
Layer_0
  10
-1148.5441
  20
921.83667
  42
-0.1137694
  0
VERTEX
  5
1391
  8
Layer_0
  10
-1151.5563
  20
920.19604
  42
-0.067713777
  0
VERTEX
  5
1392
  8
Layer_0
  10
-1155.8116
  20
919.59351
  42
-0.0068441468
  0
VERTEX
  5
1393
  8
Layer_0
  10
-1157.0367
  20
919.58472
  0
VERTEX
  5
1394
  8
Layer_0
  10
-1157.215
  20
919.56665
  0
VERTEX
  5
1395
  8
Layer_0
  10
-1157.215
  20
919.58472
  0
VERTEX
  5
1396
  8
Layer_0
  10
-1157.7985
  20
919.58472
  42
-0.096420194
  0
VERTEX
  5
1397
  8
Layer_0
  10
-1161.3219
  20
920.19263
  42
-0.086638219
  0
VERTEX
  5
1398
  8
Layer_0
  10
-1162.9039
  20
921.11743
  42
-0.20060819
  0
VERTEX
  5
1399
  8
Layer_0
  10
-1164.1588
  20
923.72632
  42
-0.070219181
  0
VERTEX
  5
139a
  8
Layer_0
  10
-1163.8937
  20
926.07593
  42
-0.018569684
  0
VERTEX
  5
139b
  8
Layer_0
  10
-1163.1744
  20
928.71216
  0
VERTEX
  5
139c
  8
Layer_0
  10
-1163.5914
  20
929.04565
  42
0.02523808
  0
VERTEX
  5
139d
  8
Layer_0
  10
-1166.8839
  20
926.79517
  0
VERTEX
  5
139e
  8
Layer_0
  10
-1168.8429
  20
921.3772
  42
-0.04230909
  0
VERTEX
  5
139f
  8
Layer_0
  10
-1176.3121
  20
919.26929
  42
-0.044712252
  0
VERTEX
  5
13a0
  8
Layer_0
  10
-1186.6549
  20
918.09155
  42
-0.050269668
  0
VERTEX
  5
13a1
  8
Layer_0
  10
-1194.6837
  20
918.72144
  42
-0.086257472
  0
VERTEX
  5
13a2
  8
Layer_0
  10
-1200.8844
  20
920.97876
  42
-0.11478444
  0
VERTEX
  5
13a3
  8
Layer_0
  10
-1204.3409
  20
924.14819
  42
-0.18167187
  0
VERTEX
  5
13a4
  8
Layer_0
  10
-1205.9093
  20
930.7854
  42
-0.04832389
  0
VERTEX
  5
13a5
  8
Layer_0
  10
-1205.0182
  20
934.63013
  0
VERTEX
  5
13a6
  8
Layer_0
  10
-1207.5587
  20
935.50562
  42
0.094637053
  0
VERTEX
  5
13a7
  8
Layer_0
  10
-1210.0221
  20
925.79517
  42
0.070242408
  0
VERTEX
  5
13a8
  8
Layer_0
  10
-1209.6403
  20
920.71167
  42
0.18214772
  0
VERTEX
  5
13a9
  8
Layer_0
  10
-1204.7423
  20
913.38599
  42
0.075935043
  0
VERTEX
  5
13aa
  8
Layer_0
  10
-1199.8361
  20
910.92065
  42
0.063657611
  0
VERTEX
  5
13ab
  8
Layer_0
  10
-1193.0485
  20
909.57202
  42
0.028921781
  0
VERTEX
  5
13ac
  8
Layer_0
  10
-1187.9518
  20
909.45044
  0
SEQEND
  0
POLYLINE
  5
13ae
  8
Layer_0
  62
0
  66
1
  10
0
  20
0
  30
0
  0
VERTEX
  5
13ae
  8
Layer_0
  10
-854.49231
  20
888.75366
  42
0.053331501
  0
VERTEX
  5
13af
  8
Layer_0
  10
-849.73352
  20
889.24731
  42
0.10503867
  0
VERTEX
  5
13b0
  8
Layer_0
  10
-847.23499
  20
890.35229
  42
0.034284494
  0
VERTEX
  5
13b1
  8
Layer_0
  10
-840.21936
  20
895.86304
  42
0.0033391153
  0
VERTEX
  5
13b2
  8
Layer_0
  10
-839.00452
  20
896.95435
  0
VERTEX
  5
13b3
  8
Layer_0
  10
-839.46301
  20
897.95483
  0
VERTEX
  5
13b4
  8
Layer_0
  10
-840.74866
  20
897.67993
  42
-0.077455667
  0
VERTEX
  5
13b5
  8
Layer_0
  10
-855.06116
  20
897.14868
  42
-0.073714923
  0
VERTEX
  5
13b6
  8
Layer_0
  10
-862.95129
  20
899.23901
  42
-0.086991091
  0
VERTEX
  5
13b7
  8
Layer_0
  10
-867.58752
  20
902.21509
  42
-0.1258795
  0
VERTEX
  5
13b8
  8
Layer_0
  10
-870.09485
  20
906.01636
  42
-0.20683219
  0
VERTEX
  5
13b9
  8
Layer_0
  10
-869.62268
  20
911.62671
  42
-0.084453689
  0
VERTEX
  5
13ba
  8
Layer_0
  10
-867.18909
  20
914.77661
  42
-0.067223266
  0
VERTEX
  5
13bb
  8
Layer_0
  10
-861.5636
  20
918.71118
  42
-0.053835363
  0
VERTEX
  5
13bc
  8
Layer_0
  10
-851.17395
  20
922.74438
  42
-0.020363268
  0
VERTEX
  5
13bd
  8
Layer_0
  10
-844.88098
  20
924.21558
  0
VERTEX
  5
13be
  8
Layer_0
  10
-841.88049
  20
929.67456
  0
VERTEX
  5
13bf
  8
Layer_0
  10
-842.172
  20
930.25757
  0
VERTEX
  5
13c0
  8
Layer_0
  10
-846.92297
  20
930.25757
  42
-0.08155716
  0
VERTEX
  5
13c1
  8
Layer_0
  10
-853.74426
  20
931.55347
  0
VERTEX
  5
13c2
  8
Layer_0
  10
-857.0509
  20
932.75659
  0
VERTEX
  5
13c3
  8
Layer_0
  10
-860.37073
  20
933.95972
  42
0.080903631
  0
VERTEX
  5
13c4
  8
Layer_0
  10
-867.30334
  20
935.25562
  42
0.11107962
  0
VERTEX
  5
13c5
  8
Layer_0
  10
-871.51038
  20
934.37573
  42
0.13897206
  0
VERTEX
  5
13c6
  8
Layer_0
  10
-874.65979
  20
931.50854
  42
0.094159913
  0
VERTEX
  5
13c7
  8
Layer_0
  10
-876.42542
  20
926.92505
  0
VERTEX
  5
13c8
  8
Layer_0
  10
-873.71741
  20
921.2146
  0
VERTEX
  5
13c9
  8
Layer_0
  10
-872.92639
  20
921.2146
  0
VERTEX
  5
13ca
  8
Layer_0
  10
-870.80383
  20
926.92505
  42
-0.10349961
  0
VERTEX
  5
13cb
  8
Layer_0
  10
-868.28381
  20
927.59351
  42
-0.067083689
  0
VERTEX
  5
13cc
  8
Layer_0
  10
-864.43567
  20
927.32983
  42
-0.025683705
  0
VERTEX
  5
13cd
  8
Layer_0
  10
-859.3844
  20
926.09155
  0
VERTEX
  5
13ce
  8
Layer_0
  10
-859.3844
  20
925.96655
  0
VERTEX
  5
13cf
  8
Layer_0
  10
-860.43713
  20
925.55493
  42
0.11053779
  0
VERTEX
  5
13d0
  8
Layer_0
  10
-869.51526
  20
919.20337
  42
0.083677265
  0
VERTEX
  5
13d1
  8
Layer_0
  10
-873.34631
  20
913.15649
  42
0.10788257
  0
VERTEX
  5
13d2
  8
Layer_0
  10
-874.7384
  20
904.91772
  42
0.07002455
  0
VERTEX
  5
13d3
  8
Layer_0
  10
-873.81458
  20
899.51685
  42
0.2077414
  0
VERTEX
  5
13d4
  8
Layer_0
  10
-866.28918
  20
890.93726
  42
0.069267897
  0
VERTEX
  5
13d5
  8
Layer_0
  10
-860.77502
  20
889.22485
  42
0.04583134
  0
VERTEX
  5
13d6
  8
Layer_0
  10
-854.49231
  20
888.75366
  0
SEQEND
  0
POLYLINE
  5
13d8
  8
Layer_0
  62
0
  66
1
  10
0
  20
0
  30
0
  0
VERTEX
  5
13d8
  8
Layer_0
  10
-1269.4982
  20
921.71899
  42
-0.083400027
  0
VERTEX
  5
13d9
  8
Layer_0
  10
-1272.7174
  20
923.57544
  42
-0.1675791
  0
VERTEX
  5
13da
  8
Layer_0
  10
-1274.5104
  20
926.46167
  42
-0.1441546
  0
VERTEX
  5
13db
  8
Layer_0
  10
-1270.8331
  20
930.98901
  42
-0.13808334
  0
VERTEX
  5
13dc
  8
Layer_0
  10
-1267.881
  20
931.96802
  42
-0.18841112
  0
VERTEX
  5
13dd
  8
Layer_0
  10
-1265.3746
  20
930.86694
  42
-0.15829066
  0
VERTEX
  5
13de
  8
Layer_0
  10
-1263.0475
  20
926.55396
  42
-0.21707416
  0
VERTEX
  5
13df
  8
Layer_0
  10
-1263.4117
  20
924.87427
  42
-0.098092815
  0
VERTEX
  5
13e0
  8
Layer_0
  10
-1265.4425
  20
923.03149
  42
-0.064424968
  0
VERTEX
  5
13e1
  8
Layer_0
  10
-1268.923
  20
921.50269
  0
VERTEX
  5
13e2
  8
Layer_0
  10
-1269.4982
  20
921.71899
  0
SEQEND
  0
POLYLINE
  5
13e4
  8
Layer_0
  62
0
  66
1
  10
0
  20
0
  30
0
  0
VERTEX
  5
13e4
  8
Layer_0
  10
-928.08069
  20
921.71899
  0
VERTEX
  5
13e5
  8
Layer_0
  10
-928.62708
  20
921.94751
  42
-0.090064617
  0
VERTEX
  5
13e6
  8
Layer_0
  10
-931.64221
  20
923.89038
  42
-0.1489836
  0
VERTEX
  5
13e7
  8
Layer_0
  10
-933.0929
  20
926.46167
  42
-0.14405302
  0
VERTEX
  5
13e8
  8
Layer_0
  10
-929.41565
  20
930.98901
  42
-0.13807748
  0
VERTEX
  5
13e9
  8
Layer_0
  10
-926.46301
  20
931.96802
  42
-0.18825843
  0
VERTEX
  5
13ea
  8
Layer_0
  10
-923.95667
  20
930.86694
  42
-0.15834237
  0
VERTEX
  5
13eb
  8
Layer_0
  10
-921.63
  20
926.55396
  42
-0.21694651
  0
VERTEX
  5
13ec
  8
Layer_0
  10
-921.99377
  20
924.87427
  42
-0.09803086
  0
VERTEX
  5
13ed
  8
Layer_0
  10
-924.02454
  20
923.03149
  42
-0.06445364
  0
VERTEX
  5
13ee
  8
Layer_0
  10
-927.50549
  20
921.50269
  0
VERTEX
  5
13ef
  8
Layer_0
  10
-928.08069
  20
921.71899
  0
SEQEND
  0
POLYLINE
  5
13f1
  8
Layer_0
  62
0
  66
1
  10
0
  20
0
  30
0
  0
VERTEX
  5
13f1
  8
Layer_0
  10
-1311.8033
  20
920.36646
  42
-0.052519288
  0
VERTEX
  5
13f2
  8
Layer_0
  10
-1305.4645
  20
925.41821
  42
-0.08671903
  0
VERTEX
  5
13f3
  8
Layer_0
  10
-1300.6564
  20
927.46753
  42
-0.16740366
  0
VERTEX
  5
13f4
  8
Layer_0
  10
-1294.6974
  20
926.85864
  42
-0.095760695
  0
VERTEX
  5
13f5
  8
Layer_0
  10
-1291.8219
  20
924.64868
  42
-0.071278158
  0
VERTEX
  5
13f6
  8
Layer_0
  10
-1290.7999
  20
923.03101
  42
-0.14586041
  0
VERTEX
  5
13f7
  8
Layer_0
  10
-1290.6862
  20
922.36841
  42
-0.17956256
  0
VERTEX
  5
13f8
  8
Layer_0
  10
-1291.2174
  20
921.80933
  42
-0.078791871
  0
VERTEX
  5
13f9
  8
Layer_0
  10
-1294.609
  20
920.61499
  42
-0.034337588
  0
VERTEX
  5
13fa
  8
Layer_0
  10
-1300.9835
  20
919.80933
  42
-0.017505485
  0
VERTEX
  5
13fb
  8
Layer_0
  10
-1312.7194
  20
919.45972
  0
VERTEX
  5
13fc
  8
Layer_0
  10
-1311.8033
  20
920.36646
  0
SEQEND
  0
POLYLINE
  5
13fe
  8
Layer_0
  62
0
  66
1
  10
0
  20
0
  30
0
  0
VERTEX
  5
13fe
  8
Layer_0
  10
-970.77063
  20
920.48853
  0
VERTEX
  5
13ff
  8
Layer_0
  10
-969.85706
  20
921.34497
  42
-0.047910807
  0
VERTEX
  5
1400
  8
Layer_0
  10
-964.43176
  20
925.48071
  42
-0.094462913
  0
VERTEX
  5
1401
  8
Layer_0
  10
-959.19885
  20
927.55835
  42
-0.15509752
  0
VERTEX
  5
1402
  8
Layer_0
  10
-953.66516
  20
926.85864
  42
-0.095928937
  0
VERTEX
  5
1403
  8
Layer_0
  10
-950.78967
  20
924.64868
  42
-0.071000844
  0
VERTEX
  5
1404
  8
Layer_0
  10
-949.76721
  20
923.03101
  42
-0.1461168
  0
VERTEX
  5
1405
  8
Layer_0
  10
-949.65344
  20
922.36841
  42
-0.17944283
  0
VERTEX
  5
1406
  8
Layer_0
  10
-950.18518
  20
921.80933
  42
-0.080765027
  0
VERTEX
  5
1407
  8
Layer_0
  10
-953.57629
  20
920.62183
  42
-0.035506916
  0
VERTEX
  5
1408
  8
Layer_0
  10
-959.95081
  20
919.87183
  42
-0.015182098
  0
VERTEX
  5
1409
  8
Layer_0
  10
-971.68665
  20
919.58472
  0
VERTEX
  5
140a
  8
Layer_0
  10
-970.77063
  20
920.48853
  0
SEQEND
  0
POLYLINE
  5
140c
  8
Layer_0
  62
0
  66
1
  10
0
  20
0
  30
0
  0
VERTEX
  5
140c
  8
Layer_0
  10
-793.26917
  20
919.48218
  42
-0.030208794
  0
VERTEX
  5
140d
  8
Layer_0
  10
-796.06506
  20
919.74536
  42
-0.064660304
  0
VERTEX
  5
140e
  8
Layer_0
  10
-799.4762
  20
920.69165
  42
-0.1159833
  0
VERTEX
  5
140f
  8
Layer_0
  10
-801.37122
  20
922.00269
  42
-0.16524767
  0
VERTEX
  5
1410
  8
Layer_0
  10
-801.9552
  20
923.46362
  42
-0.14812436
  0
VERTEX
  5
1411
  8
Layer_0
  10
-801.5177
  20
924.62134
  42
-0.20801986
  0
VERTEX
  5
1412
  8
Layer_0
  10
-798.69495
  20
926.40308
  42
-0.18255319
  0
VERTEX
  5
1413
  8
Layer_0
  10
-794.98157
  20
925.7478
  42
-0.087493661
  0
VERTEX
  5
1414
  8
Layer_0
  10
-793.1217
  20
924.12622
  42
-0.077601401
  0
VERTEX
  5
1415
  8
Layer_0
  10
-790.91809
  20
920.35669
  0
VERTEX
  5
1416
  8
Layer_0
  10
-790.61926
  20
919.58521
  42
-0.041594579
  0
VERTEX
  5
1417
  8
Layer_0
  10
-792.24475
  20
919.45972
  0
VERTEX
  5
1418
  8
Layer_0
  10
-793.26917
  20
919.48218
  0
SEQEND
  0
POLYLINE
  5
141a
  8
Layer_0
  62
0
  66
1
  10
0
  20
0
  30
0
  0
VERTEX
  5
141a
  8
Layer_0
  10
-762.90686
  20
912.09937
  0
VERTEX
  5
141b
  8
Layer_0
  10
-763.45422
  20
912.1521
  42
-0.21746509
  0
VERTEX
  5
141c
  8
Layer_0
  10
-768.42932
  20
915.21509
  42
-0.045992789
  0
VERTEX
  5
141d
  8
Layer_0
  10
-769.34729
  20
916.88013
  0
VERTEX
  5
141e
  8
Layer_0
  10
-769.005
  20
917.05884
  42
-0.12936691
  0
VERTEX
  5
141f
  8
Layer_0
  10
-765.35168
  20
917.6311
  42
-0.1640932
  0
VERTEX
  5
1420
  8
Layer_0
  10
-762.35608
  20
916.16577
  42
-0.1414609
  0
VERTEX
  5
1421
  8
Layer_0
  10
-760.92786
  20
913.85229
  42
-0.052896117
  0
VERTEX
  5
1422
  8
Layer_0
  10
-760.80334
  20
913.00073
  42
-0.26399828
  0
VERTEX
  5
1423
  8
Layer_0
  10
-761.26184
  20
912.35425
  42
-0.13162955
  0
VERTEX
  5
1424
  8
Layer_0
  10
-762.34534
  20
912.08325
  0
VERTEX
  5
1425
  8
Layer_0
  10
-762.90686
  20
912.09937
  0
SEQEND
  0
POLYLINE
  5
1427
  8
Layer_0
  62
0
  66
1
  10
0
  20
0
  30
0
  0
VERTEX
  5
1427
  8
Layer_0
  10
-853.41125
  20
903.88843
  42
0.053019204
  0
VERTEX
  5
1428
  8
Layer_0
  10
-849.84045
  20
909.08423
  42
0.055121714
  0
VERTEX
  5
1429
  8
Layer_0
  10
-856.63391
  20
914.46167
  0
VERTEX
  5
142a
  8
Layer_0
  10
-860.84338
  20
908.45923
  0
VERTEX
  5
142b
  8
Layer_0
  10
-859.96985
  20
907.84399
  42
-0.026243132
  0
VERTEX
  5
142c
  8
Layer_0
  10
-854.04993
  20
903.16528
  0
VERTEX
  5
142d
  8
Layer_0
  10
-853.41125
  20
903.88843
  0
SEQEND
  0
POLYLINE
  5
142f
  8
Layer_0
  62
0
  70
1
  66
1
  10
0
  20
0
  30
0
  0
VERTEX
  5
142f
  8
Layer_0
  10
-1184.7477
  20
893.40308
  0
VERTEX
  5
1430
  8
Layer_0
  10
-1184.1383
  20
894.1438
  42
0.046782825
  0
VERTEX
  5
1431
  8
Layer_0
  10
-1181.1373
  20
898.66821
  42
0.054415861
  0
VERTEX
  5
1432
  8
Layer_0
  10
-1188.0143
  20
904.08618
  0
VERTEX
  5
1433
  8
Layer_0
  10
-1192.2653
  20
898.00122
  0
VERTEX
  5
1434
  8
Layer_0
  10
-1191.3781
  20
897.38647
  42
-0.028108901
  0
VERTEX
  5
1435
  8
Layer_0
  10
-1185.3883
  20
892.66675
  0
SEQEND
  0
CIRCLE
  5
1437
  8
Layer_1
  62
1
  10
-620.83606
  20
-668.32159
  30
0
  40
75.000046
  0
CIRCLE
  5
1437
  8
Layer_1
  62
1
  10
-620.83606
  20
-668.32159
  30
0
  40
6.5000038
  0
CIRCLE
  5
1437
  8
Layer_1
  62
1
  10
-915
  20
1137.2842
  30
0
  40
5.9575233
  0
CIRCLE
  5
1437
  8
Layer_0
  62
0
  10
-915
  20
1137.2842
  30
0
  40
40
  0
CIRCLE
  5
1437
  8
Layer_1
  62
1
  10
-620.83618
  20
-812.32178
  30
0
  40
5.9575233
  0
CIRCLE
  5
1437
  8
Layer_0
  62
0
  10
-620.83618
  20
-812.32178
  30
0
  40
40
  0
POLYLINE
  5
1437
  8
Layer_0
  62
0
  66
1
  10
0
  20
0
  30
0
  0
VERTEX
  5
1437
  8
Layer_0
  10
-1074.9111
  20
-684.61938
  42
0.01664971
  0
VERTEX
  5
1438
  8
Layer_0
  10
-1067.8672
  20
-684.33813
  42
0.013061538
  0
VERTEX
  5
1439
  8
Layer_0
  10
-1064.5293
  20
-683.98022
  42
0.037938012
  0
VERTEX
  5
143a
  8
Layer_0
  10
-1054.752
  20
-684.63647
  42
0.038512971
  0
VERTEX
  5
143b
  8
Layer_0
  10
-1047.8979
  20
-684.28882
  42
0.071947424
  0
VERTEX
  5
143c
  8
Layer_0
  10
-1045.5034
  20
-683.61353
  42
0.13348516
  0
VERTEX
  5
143d
  8
Layer_0
  10
-1043.4746
  20
-681.99048
  42
0.12202133
  0
VERTEX
  5
143e
  8
Layer_0
  10
-1042.5146
  20
-679.17261
  42
0.052529414
  0
VERTEX
  5
143f
  8
Layer_0
  10
-1042.5361
  20
-675.47583
  42
0.078710175
  0
VERTEX
  5
1440
  8
Layer_0
  10
-1044.0068
  20
-669.49097
  42
0.071321709
  0
VERTEX
  5
1441
  8
Layer_0
  10
-1045.4761
  20
-667.07788
  42
0.11035523
  0
VERTEX
  5
1442
  8
Layer_0
  10
-1046.9272
  20
-665.9563
  42
0.19523866
  0
VERTEX
  5
1443
  8
Layer_0
  10
-1049.4868
  20
-665.90356
  42
0.087699835
  0
VERTEX
  5
1444
  8
Layer_0
  10
-1051.2417
  20
-666.92798
  42
0.10405025
  0
VERTEX
  5
1445
  8
Layer_0
  10
-1053.3735
  20
-669.52075
  42
0.17421187
  0
VERTEX
  5
1446
  8
Layer_0
  10
-1053.9985
  20
-674.33862
  42
0.2172814
  0
VERTEX
  5
1447
  8
Layer_0
  10
-1052.0127
  20
-676.84741
  42
0.084018012
  0
VERTEX
  5
1448
  8
Layer_0
  10
-1049.7388
  20
-677.58081
  42
0.046895949
  0
VERTEX
  5
1449
  8
Layer_0
  10
-1046.1333
  20
-677.71606
  42
0.01793875
  0
VERTEX
  5
144a
  8
Layer_0
  10
-1044.7754
  20
-677.61548
  0
VERTEX
  5
144b
  8
Layer_0
  10
-1044.7422
  20
-677.69556
  42
-0.31866913
  0
VERTEX
  5
144c
  8
Layer_0
  10
-1045.0728
  20
-678.66821
  42
-0.11288777
  0
VERTEX
  5
144d
  8
Layer_0
  10
-1046.3506
  20
-679.20239
  42
-0.035385836
  0
VERTEX
  5
144e
  8
Layer_0
  10
-1048.4941
  20
-679.46216
  42
-0.020031234
  0
VERTEX
  5
144f
  8
Layer_0
  10
-1053.7422
  20
-679.58813
  0
VERTEX
  5
1450
  8
Layer_0
  10
-1055.1055
  20
-679.58813
  0
VERTEX
  5
1451
  8
Layer_0
  10
-1055.1611
  20
-679.59399
  0
VERTEX
  5
1452
  8
Layer_0
  10
-1055.1611
  20
-679.58813
  0
VERTEX
  5
1453
  8
Layer_0
  10
-1058.1909
  20
-679.58813
  0
VERTEX
  5
1454
  8
Layer_0
  10
-1058.0259
  20
-679.22974
  42
0.18677219
  0
VERTEX
  5
1455
  8
Layer_0
  10
-1057.7114
  20
-674.49976
  42
0.16627725
  0
VERTEX
  5
1456
  8
Layer_0
  10
-1060.2017
  20
-671.0896
  42
0.13900067
  0
VERTEX
  5
1457
  8
Layer_0
  10
-1063.4443
  20
-670.0769
  42
0.12873373
  0
VERTEX
  5
1458
  8
Layer_0
  10
-1067.4375
  20
-670.99634
  42
0.057531664
  0
VERTEX
  5
1459
  8
Layer_0
  10
-1070.8677
  20
-673.42114
  42
0.027714333
  0
VERTEX
  5
145a
  8
Layer_0
  10
-1073.042
  20
-675.54468
  0
VERTEX
  5
145b
  8
Layer_0
  10
-1073.1431
  20
-675.51929
  0
VERTEX
  5
145c
  8
Layer_0
  10
-1072.9873
  20
-675.04712
  42
0.081480458
  0
VERTEX
  5
145d
  8
Layer_0
  10
-1072.4116
  20
-671.20239
  42
0.011097318
  0
VERTEX
  5
145e
  8
Layer_0
  10
-1072.4868
  20
-665.69702
  0
VERTEX
  5
145f
  8
Layer_0
  10
-1070.3149
  20
-664.08081
  0
VERTEX
  5
1460
  8
Layer_0
  10
-1070.6118
  20
-663.58325
  42
-0.042789851
  0
VERTEX
  5
1461
  8
Layer_0
  10
-1072.6206
  20
-659.54663
  42
-0.08127114
  0
VERTEX
  5
1462
  8
Layer_0
  10
-1073.0679
  20
-657.31177
  0
VERTEX
  5
1463
  8
Layer_0
  10
-1073.4438
  20
-657.08472
  42
0.06722997
  0
VERTEX
  5
1464
  8
Layer_0
  10
-1075.3193
  20
-659.01343
  42
0.16902217
  0
VERTEX
  5
1465
  8
Layer_0
  10
-1075.9268
  20
-661.6189
  42
0.01185596
  0
VERTEX
  5
1466
  8
Layer_0
  10
-1075.6567
  20
-663.77466
  0
VERTEX
  5
1467
  8
Layer_0
  10
-1075.6108
  20
-664.18872
  42
-0.025763637
  0
VERTEX
  5
1468
  8
Layer_0
  10
-1075.1924
  20
-673.04419
  42
-0.042252074
  0
VERTEX
  5
1469
  8
Layer_0
  10
-1075.4185
  20
-677.7522
  0
VERTEX
  5
146a
  8
Layer_0
  10
-1075.4897
  20
-678.1731
  0
VERTEX
  5
146b
  8
Layer_0
  10
-1076.6514
  20
-679.58813
  0
VERTEX
  5
146c
  8
Layer_0
  10
-1079.2397
  20
-679.58813
  42
-0.12398817
  0
VERTEX
  5
146d
  8
Layer_0
  10
-1081.5107
  20
-679.03442
  42
-0.10862402
  0
VERTEX
  5
146e
  8
Layer_0
  10
-1083.1636
  20
-677.48511
  42
-0.060332989
  0
VERTEX
  5
146f
  8
Layer_0
  10
-1084.7446
  20
-674.63794
  0
VERTEX
  5
1470
  8
Layer_0
  10
-1085.1235
  20
-674.63794
  42
0.028067201
  0
VERTEX
  5
1471
  8
Layer_0
  10
-1086.9165
  20
-678.37622
  42
0.058154364
  0
VERTEX
  5
1472
  8
Layer_0
  10
-1084.1133
  20
-683.04614
  0
VERTEX
  5
1473
  8
Layer_0
  10
-1084.1782
  20
-683.34009
  42
-0.12786154
  0
VERTEX
  5
1474
  8
Layer_0
  10
-1086.4751
  20
-687.28882
  42
-0.10122039
  0
VERTEX
  5
1475
  8
Layer_0
  10
-1089.6118
  20
-689.58325
  42
-0.19667938
  0
VERTEX
  5
1476
  8
Layer_0
  10
-1094.8457
  20
-689.76636
  0
VERTEX
  5
1477
  8
Layer_0
  10
-1095.4009
  20
-691.02905
  42
0.068675035
  0
VERTEX
  5
1478
  8
Layer_0
  10
-1091.3286
  20
-693.07983
  42
0.097141302
  0
VERTEX
  5
1479
  8
Layer_0
  10
-1088.3018
  20
-693.5061
  42
0.16379175
  0
VERTEX
  5
147a
  8
Layer_0
  10
-1085.5669
  20
-692.26392
  42
0.15446082
  0
VERTEX
  5
147b
  8
Layer_0
  10
-1082.1421
  20
-686.34692
  42
0.043822993
  0
VERTEX
  5
147c
  8
Layer_0
  10
-1081.9419
  20
-684.15698
  0
VERTEX
  5
147d
  8
Layer_0
  10
-1081.3467
  20
-684.33813
  42
0.081228794
  0
VERTEX
  5
147e
  8
Layer_0
  10
-1078.8862
  20
-684.63647
  42
0.0044804618
  0
VERTEX
  5
147f
  8
Layer_0
  10
-1074.9111
  20
-684.61938
  0
SEQEND
  0
POLYLINE
  5
1481
  8
Layer_0
  62
0
  66
1
  10
0
  20
0
  30
0
  0
VERTEX
  5
1481
  8
Layer_0
  10
-1046.2319
  20
-663.81714
  0
VERTEX
  5
1482
  8
Layer_0
  10
-1045.8843
  20
-663.5188
  42
0.061268604
  0
VERTEX
  5
1483
  8
Layer_0
  10
-1044.1196
  20
-661.52954
  42
0.052748472
  0
VERTEX
  5
1484
  8
Layer_0
  10
-1046.999
  20
-658.39771
  0
VERTEX
  5
1485
  8
Layer_0
  10
-1049.5508
  20
-661.10034
  0
VERTEX
  5
1486
  8
Layer_0
  10
-1048.7979
  20
-661.84009
  42
-0.011011468
  0
VERTEX
  5
1487
  8
Layer_0
  10
-1046.5947
  20
-664.10571
  0
VERTEX
  5
1488
  8
Layer_0
  10
-1046.2319
  20
-663.81714
  0
SEQEND
  0
POLYLINE
  5
148a
  8
Layer_0
  62
0
  66
1
  10
0
  20
0
  30
0
  0
VERTEX
  5
148a
  8
Layer_0
  10
-938.95898
  20
-686.40894
  42
0.082013564
  0
VERTEX
  5
148b
  8
Layer_0
  10
-936.04102
  20
-685.82886
  42
0.17496173
  0
VERTEX
  5
148c
  8
Layer_0
  10
-932.50732
  20
-682.54077
  42
0.08646388
  0
VERTEX
  5
148d
  8
Layer_0
  10
-930.70166
  20
-677.12964
  42
0.042021109
  0
VERTEX
  5
148e
  8
Layer_0
  10
-930.3125
  20
-672.03589
  0
VERTEX
  5
148f
  8
Layer_0
  10
-930.3125
  20
-667.23755
  0
VERTEX
  5
1490
  8
Layer_0
  10
-928.01416
  20
-665.54565
  0
VERTEX
  5
1491
  8
Layer_0
  10
-928.31982
  20
-665.03589
  42
-0.032873765
  0
VERTEX
  5
1492
  8
Layer_0
  10
-930.36768
  20
-661.13257
  42
-0.086275785
  0
VERTEX
  5
1493
  8
Layer_0
  10
-930.81787
  20
-659.43335
  42
-0.098496322
  0
VERTEX
  5
1494
  8
Layer_0
  10
-930.7168
  20
-658.85229
  0
VERTEX
  5
1495
  8
Layer_0
  10
-931.14307
  20
-658.57446
  42
0.0801571
  0
VERTEX
  5
1496
  8
Layer_0
  10
-933.0249
  20
-660.43335
  42
0.15739291
  0
VERTEX
  5
1497
  8
Layer_0
  10
-933.69482
  20
-662.66626
  42
0.023557884
  0
VERTEX
  5
1498
  8
Layer_0
  10
-933.479
  20
-665.30884
  0
VERTEX
  5
1499
  8
Layer_0
  10
-933.41797
  20
-665.89526
  42
-0.024946088
  0
VERTEX
  5
149a
  8
Layer_0
  10
-933.01465
  20
-675.14819
  42
-0.055191771
  0
VERTEX
  5
149b
  8
Layer_0
  10
-933.16943
  20
-677.83228
  42
-0.23664713
  0
VERTEX
  5
149c
  8
Layer_0
  10
-935.11133
  20
-680.52026
  42
0.12321939
  0
VERTEX
  5
149d
  8
Layer_0
  10
-936.39502
  20
-675.12378
  42
0.037064561
  0
VERTEX
  5
149e
  8
Layer_0
  10
-938.4873
  20
-671.65601
  42
0.0020997038
  0
VERTEX
  5
149f
  8
Layer_0
  10
-941.01855
  20
-667.89429
  0
VERTEX
  5
14a0
  8
Layer_0
  10
-939.80615
  20
-666.02563
  0
VERTEX
  5
14a1
  8
Layer_0
  10
-940.2832
  20
-665.6355
  42
-0.030334883
  0
VERTEX
  5
14a2
  8
Layer_0
  10
-944.00635
  20
-662.26001
  42
-0.045494652
  0
VERTEX
  5
14a3
  8
Layer_0
  10
-945.03418
  20
-660.97388
  0
VERTEX
  5
14a4
  8
Layer_0
  10
-945.36279
  20
-660.94897
  42
0.0790631
  0
VERTEX
  5
14a5
  8
Layer_0
  10
-946.56299
  20
-663.76196
  42
0.16984497
  0
VERTEX
  5
14a6
  8
Layer_0
  10
-946.271
  20
-666.07739
  42
0.046449383
  0
VERTEX
  5
14a7
  8
Layer_0
  10
-944.47607
  20
-668.96216
  0
VERTEX
  5
14a8
  8
Layer_0
  10
-943.35693
  20
-670.47192
  42
-0.014225431
  0
VERTEX
  5
14a9
  8
Layer_0
  10
-938.21729
  20
-677.75464
  42
-0.040112171
  0
VERTEX
  5
14aa
  8
Layer_0
  10
-936.68164
  20
-680.45825
  42
-0.053840252
  0
VERTEX
  5
14ab
  8
Layer_0
  10
-936.47217
  20
-681.10132
  42
-0.038656937
  0
VERTEX
  5
14ac
  8
Layer_0
  10
-942.05615
  20
-683.00122
  42
-0.011572413
  0
VERTEX
  5
14ad
  8
Layer_0
  10
-947.18115
  20
-684.25757
  0
VERTEX
  5
14ae
  8
Layer_0
  10
-947.18115
  20
-684.88892
  42
0.06954834
  0
VERTEX
  5
14af
  8
Layer_0
  10
-941.40234
  20
-686.34155
  42
0.039963633
  0
VERTEX
  5
14b0
  8
Layer_0
  10
-938.95898
  20
-686.40894
  0
SEQEND
  0
POLYLINE
  5
14b2
  8
Layer_0
  62
0
  66
1
  10
0
  20
0
  30
0
  0
VERTEX
  5
14b2
  8
Layer_0
  10
-870.47217
  20
-685.31372
  42
0.10470902
  0
VERTEX
  5
14b3
  8
Layer_0
  10
-866.25195
  20
-684.27271
  42
0.12304814
  0
VERTEX
  5
14b4
  8
Layer_0
  10
-863.42188
  20
-681.81909
  42
0.078316622
  0
VERTEX
  5
14b5
  8
Layer_0
  10
-862.32227
  20
-679.35864
  0
VERTEX
  5
14b6
  8
Layer_0
  10
-862.22119
  20
-679.35864
  0
VERTEX
  5
14b7
  8
Layer_0
  10
-862.10693
  20
-680.00415
  42
0.10270869
  0
VERTEX
  5
14b8
  8
Layer_0
  10
-861.06396
  20
-682.59448
  42
0.18994923
  0
VERTEX
  5
14b9
  8
Layer_0
  10
-858.26123
  20
-684.45532
  42
0.062670077
  0
VERTEX
  5
14ba
  8
Layer_0
  10
-856.2124
  20
-684.63647
  0
VERTEX
  5
14bb
  8
Layer_0
  10
-856.2124
  20
-684.60669
  0
VERTEX
  5
14bc
  8
Layer_0
  10
-856.17969
  20
-684.61401
  42
0.032716709
  0
VERTEX
  5
14bd
  8
Layer_0
  10
-853.02637
  20
-684.53149
  42
0.089090794
  0
VERTEX
  5
14be
  8
Layer_0
  10
-846.92822
  20
-683.00806
  42
0.05835785
  0
VERTEX
  5
14bf
  8
Layer_0
  10
-843.12646
  20
-680.63696
  42
0.020210297
  0
VERTEX
  5
14c0
  8
Layer_0
  10
-840.17773
  20
-678.13599
  0
VERTEX
  5
14c1
  8
Layer_0
  10
-839.92773
  20
-677.9397
  42
-0.13870177
  0
VERTEX
  5
14c2
  8
Layer_0
  10
-837.32813
  20
-676.89868
  42
-0.036175744
  0
VERTEX
  5
14c3
  8
Layer_0
  10
-836.08545
  20
-676.83228
  0
VERTEX
  5
14c4
  8
Layer_0
  10
-835.76367
  20
-676.35425
  42
0.027851882
  0
VERTEX
  5
14c5
  8
Layer_0
  10
-833.99023
  20
-673.32446
  0
VERTEX
  5
14c6
  8
Layer_0
  10
-834.04053
  20
-673.1228
  0
VERTEX
  5
14c7
  8
Layer_0
  10
-835.90869
  20
-673.1228
  42
-0.095758988
  0
VERTEX
  5
14c8
  8
Layer_0
  10
-842.14502
  20
-671.9353
  0
VERTEX
  5
14c9
  8
Layer_0
  10
-842.68799
  20
-671.73218
  42
0.041846145
  0
VERTEX
  5
14ca
  8
Layer_0
  10
-847.34814
  20
-670.37231
  42
0.098217198
  0
VERTEX
  5
14cb
  8
Layer_0
  10
-850.57764
  20
-670.34009
  42
0.18226975
  0
VERTEX
  5
14cc
  8
Layer_0
  10
-853.63574
  20
-672.27466
  42
0.10270068
  0
VERTEX
  5
14cd
  8
Layer_0
  10
-854.64746
  20
-674.71069
  0
VERTEX
  5
14ce
  8
Layer_0
  10
-853.00537
  20
-677.92017
  0
VERTEX
  5
14cf
  8
Layer_0
  10
-852.50049
  20
-677.92017
  0
VERTEX
  5
14d0
  8
Layer_0
  10
-851.33887
  20
-675.26636
  42
-0.12291133
  0
VERTEX
  5
14d1
  8
Layer_0
  10
-849.91064
  20
-674.84009
  42
-0.070366034
  0
VERTEX
  5
14d2
  8
Layer_0
  10
-846.52734
  20
-675.13062
  42
-0.031593096
  0
VERTEX
  5
14d3
  8
Layer_0
  10
-842.82715
  20
-676.15112
  0
VERTEX
  5
14d4
  8
Layer_0
  10
-842.82715
  20
-676.27759
  42
-0.12422663
  0
VERTEX
  5
14d5
  8
Layer_0
  10
-851.9082
  20
-679.42456
  42
-0.027058292
  0
VERTEX
  5
14d6
  8
Layer_0
  10
-855.96045
  20
-679.58813
  0
VERTEX
  5
14d7
  8
Layer_0
  10
-856.17969
  20
-679.6106
  0
VERTEX
  5
14d8
  8
Layer_0
  10
-856.2124
  20
-679.61792
  0
VERTEX
  5
14d9
  8
Layer_0
  10
-856.2124
  20
-679.58813
  0
VERTEX
  5
14da
  8
Layer_0
  10
-856.56592
  20
-679.58813
  42
-0.15726092
  0
VERTEX
  5
14db
  8
Layer_0
  10
-858.50098
  20
-679.0354
  42
-0.14839467
  0
VERTEX
  5
14dc
  8
Layer_0
  10
-859.68652
  20
-677.40503
  42
-0.078900035
  0
VERTEX
  5
14dd
  8
Layer_0
  10
-860.16553
  20
-674.75757
  42
-0.0013617662
  0
VERTEX
  5
14de
  8
Layer_0
  10
-860.18213
  20
-669.58423
  0
VERTEX
  5
14df
  8
Layer_0
  10
-860.19385
  20
-667.49487
  42
0.015987172
  0
VERTEX
  5
14e0
  8
Layer_0
  10
-860.45508
  20
-658.75171
  0
VERTEX
  5
14e1
  8
Layer_0
  10
-860.75781
  20
-658.59985
  42
0.021826061
  0
VERTEX
  5
14e2
  8
Layer_0
  10
-863.48291
  20
-661.07495
  0
VERTEX
  5
14e3
  8
Layer_0
  10
-863.36572
  20
-662.92456
  42
-0.014909756
  0
VERTEX
  5
14e4
  8
Layer_0
  10
-862.95264
  20
-673.47437
  42
-0.084498723
  0
VERTEX
  5
14e5
  8
Layer_0
  10
-863.40869
  20
-676.40552
  42
-0.10977514
  0
VERTEX
  5
14e6
  8
Layer_0
  10
-865.02393
  20
-678.95435
  0
VERTEX
  5
14e7
  8
Layer_0
  10
-865.09961
  20
-678.92944
  0
VERTEX
  5
14e8
  8
Layer_0
  10
-865.11426
  20
-678.39966
  42
0.10155524
  0
VERTEX
  5
14e9
  8
Layer_0
  10
-866.20898
  20
-674.05444
  42
0.036722395
  0
VERTEX
  5
14ea
  8
Layer_0
  10
-867.75244
  20
-671.2561
  42
0.0024591861
  0
VERTEX
  5
14eb
  8
Layer_0
  10
-870.52979
  20
-667.00952
  0
VERTEX
  5
14ec
  8
Layer_0
  10
-869.41846
  20
-665.01489
  0
VERTEX
  5
14ed
  8
Layer_0
  10
-869.90039
  20
-664.74585
  42
-0.040301234
  0
VERTEX
  5
14ee
  8
Layer_0
  10
-874.13184
  20
-661.97827
  42
-0.030261963
  0
VERTEX
  5
14ef
  8
Layer_0
  10
-875.12646
  20
-661.07495
  0
VERTEX
  5
14f0
  8
Layer_0
  10
-875.47998
  20
-661.07495
  42
0.055933357
  0
VERTEX
  5
14f1
  8
Layer_0
  10
-876.23291
  20
-663.59644
  42
0.16368675
  0
VERTEX
  5
14f2
  8
Layer_0
  10
-875.98193
  20
-665.45044
  42
0.059335954
  0
VERTEX
  5
14f3
  8
Layer_0
  10
-875.18311
  20
-666.73218
  42
0.0027961121
  0
VERTEX
  5
14f4
  8
Layer_0
  10
-872.82813
  20
-669.71167
  0
VERTEX
  5
14f5
  8
Layer_0
  10
-872.22656
  20
-670.50562
  42
-0.024663303
  0
VERTEX
  5
14f6
  8
Layer_0
  10
-867.94238
  20
-676.69995
  42
-0.056777324
  0
VERTEX
  5
14f7
  8
Layer_0
  10
-866.51416
  20
-679.71216
  42
-0.049619868
  0
VERTEX
  5
14f8
  8
Layer_0
  10
-871.81152
  20
-682.63013
  42
-0.020075307
  0
VERTEX
  5
14f9
  8
Layer_0
  10
-875.70752
  20
-684.15649
  0
VERTEX
  5
14fa
  8
Layer_0
  10
-875.70752
  20
-684.63647
  42
0.071921041
  0
VERTEX
  5
14fb
  8
Layer_0
  10
-871.60254
  20
-685.3064
  42
0.014429014
  0
VERTEX
  5
14fc
  8
Layer_0
  10
-870.47217
  20
-685.31372
  0
SEQEND
  0
POLYLINE
  5
14fe
  8
Layer_0
  62
0
  66
1
  10
0
  20
0
  30
0
  0
VERTEX
  5
14fe
  8
Layer_0
  10
-1051.5635
  20
-664.04419
  0
VERTEX
  5
14ff
  8
Layer_0
  10
-1051.2158
  20
-663.74585
  42
0.060937615
  0
VERTEX
  5
1500
  8
Layer_0
  10
-1049.4497
  20
-661.75708
  42
0.052473015
  0
VERTEX
  5
1501
  8
Layer_0
  10
-1052.3296
  20
-658.62524
  0
VERTEX
  5
1502
  8
Layer_0
  10
-1054.8779
  20
-661.32788
  0
VERTEX
  5
1503
  8
Layer_0
  10
-1054.1255
  20
-662.06714
  42
-0.010965617
  0
VERTEX
  5
1504
  8
Layer_0
  10
-1051.9263
  20
-664.33325
  0
VERTEX
  5
1505
  8
Layer_0
  10
-1051.5635
  20
-664.04419
  0
SEQEND
  0
POLYLINE
  5
1507
  8
Layer_0
  62
0
  66
1
  10
0
  20
0
  30
0
  0
VERTEX
  5
1507
  8
Layer_0
  10
-833.95361
  20
-679.59497
  42
-0.045698646
  0
VERTEX
  5
1508
  8
Layer_0
  10
-835.83447
  20
-679.43872
  42
-0.089070624
  0
VERTEX
  5
1509
  8
Layer_0
  10
-837.04932
  20
-679.04858
  42
-0.19982094
  0
VERTEX
  5
150a
  8
Layer_0
  10
-837.86523
  20
-677.89233
  0
VERTEX
  5
150b
  8
Layer_0
  10
-837.92822
  20
-677.56567
  0
VERTEX
  5
150c
  8
Layer_0
  10
-838.0542
  20
-677.43921
  0
VERTEX
  5
150d
  8
Layer_0
  10
-839.44287
  20
-678.55151
  42
0.05366094
  0
VERTEX
  5
150e
  8
Layer_0
  10
-839.40479
  20
-681.14917
  42
0.17809657
  0
VERTEX
  5
150f
  8
Layer_0
  10
-838.00684
  20
-683.72583
  42
0.11372317
  0
VERTEX
  5
1510
  8
Layer_0
  10
-836.17822
  20
-684.43579
  42
0.04733265
  0
VERTEX
  5
1511
  8
Layer_0
  10
-833.18213
  20
-684.63647
  42
0.087954509
  0
VERTEX
  5
1512
  8
Layer_0
  10
-827.58545
  20
-683.86304
  42
0.074562453
  0
VERTEX
  5
1513
  8
Layer_0
  10
-823.4541
  20
-681.60767
  42
0.078759694
  0
VERTEX
  5
1514
  8
Layer_0
  10
-819.56592
  20
-683.85229
  42
0.092569792
  0
VERTEX
  5
1515
  8
Layer_0
  10
-814.21143
  20
-684.63647
  0
VERTEX
  5
1516
  8
Layer_0
  10
-814.21143
  20
-684.62134
  42
0.12070572
  0
VERTEX
  5
1517
  8
Layer_0
  10
-811.20068
  20
-684.14722
  42
0.16417251
  0
VERTEX
  5
1518
  8
Layer_0
  10
-808.71338
  20
-681.74097
  42
0.12153364
  0
VERTEX
  5
1519
  8
Layer_0
  10
-806.89307
  20
-674.10767
  42
0.012566409
  0
VERTEX
  5
151a
  8
Layer_0
  10
-807.04443
  20
-667.31372
  0
VERTEX
  5
151b
  8
Layer_0
  10
-804.79639
  20
-665.59595
  0
VERTEX
  5
151c
  8
Layer_0
  10
-805.12793
  20
-665.04224
  42
-0.046817677
  0
VERTEX
  5
151d
  8
Layer_0
  10
-807.17578
  20
-660.9231
  42
-0.082349697
  0
VERTEX
  5
151e
  8
Layer_0
  10
-807.57471
  20
-658.85229
  0
VERTEX
  5
151f
  8
Layer_0
  10
-807.875
  20
-658.65063
  42
0.079324173
  0
VERTEX
  5
1520
  8
Layer_0
  10
-810.01123
  20
-660.78198
  42
0.14882538
  0
VERTEX
  5
1521
  8
Layer_0
  10
-810.52002
  20
-663.07935
  42
0.0028828002
  0
VERTEX
  5
1522
  8
Layer_0
  10
-810.06006
  20
-668.18335
  0
VERTEX
  5
1523
  8
Layer_0
  10
-810.00977
  20
-668.80493
  42
-0.027588563
  0
VERTEX
  5
1524
  8
Layer_0
  10
-809.71826
  20
-677.33179
  42
-0.1335949
  0
VERTEX
  5
1525
  8
Layer_0
  10
-809.9834
  20
-678.38013
  42
-0.10828347
  0
VERTEX
  5
1526
  8
Layer_0
  10
-810.76465
  20
-679.02368
  42
-0.094800856
  0
VERTEX
  5
1527
  8
Layer_0
  10
-812.56982
  20
-679.52954
  42
-0.024232694
  0
VERTEX
  5
1528
  8
Layer_0
  10
-814.21143
  20
-679.58813
  42
-0.039071488
  0
VERTEX
  5
1529
  8
Layer_0
  10
-817.53857
  20
-679.41772
  42
-0.084394297
  0
VERTEX
  5
152a
  8
Layer_0
  10
-820.09521
  20
-678.60278
  0
VERTEX
  5
152b
  8
Layer_0
  10
-820.09521
  20
-678.50171
  0
VERTEX
  5
152c
  8
Layer_0
  10
-818.19189
  20
-676.79272
  42
0.0054184894
  0
VERTEX
  5
152d
  8
Layer_0
  10
-816.23145
  20
-674.98901
  42
0.024082746
  0
VERTEX
  5
152e
  8
Layer_0
  10
-815.39844
  20
-671.25269
  42
0.051722538
  0
VERTEX
  5
152f
  8
Layer_0
  10
-818.7915
  20
-670.28735
  42
0.061376247
  0
VERTEX
  5
1530
  8
Layer_0
  10
-824.60107
  20
-670.04126
  42
0.032966663
  0
VERTEX
  5
1531
  8
Layer_0
  10
-828.78564
  20
-670.60132
  0
VERTEX
  5
1532
  8
Layer_0
  10
-829.20313
  20
-670.66821
  42
-0.0089044232
  0
VERTEX
  5
1533
  8
Layer_0
  10
-830.67627
  20
-670.87427
  0
VERTEX
  5
1534
  8
Layer_0
  10
-832.11572
  20
-674.98901
  0
VERTEX
  5
1535
  8
Layer_0
  10
-832.04004
  20
-675.0647
  0
VERTEX
  5
1536
  8
Layer_0
  10
-831.40869
  20
-675.0647
  42
-0.19999914
  0
VERTEX
  5
1537
  8
Layer_0
  10
-829.92822
  20
-675.71362
  0
VERTEX
  5
1538
  8
Layer_0
  10
-828.95166
  20
-676.67993
  42
0.014223506
  0
VERTEX
  5
1539
  8
Layer_0
  10
-826.66113
  20
-678.80493
  0
VERTEX
  5
153a
  8
Layer_0
  10
-826.66113
  20
-678.90601
  42
-0.074277344
  0
VERTEX
  5
153b
  8
Layer_0
  10
-829.55518
  20
-679.49243
  42
-0.023707752
  0
VERTEX
  5
153c
  8
Layer_0
  10
-833.53564
  20
-679.58813
  0
VERTEX
  5
153d
  8
Layer_0
  10
-833.95361
  20
-679.59497
  0
SEQEND
  0
POLYLINE
  5
153f
  8
Layer_0
  62
0
  66
1
  10
0
  20
0
  30
0
  0
VERTEX
  5
153f
  8
Layer_0
  10
-968.2251
  20
-684.63452
  42
0.10319662
  0
VERTEX
  5
1540
  8
Layer_0
  10
-964.84131
  20
-684.09399
  42
0.09642137
  0
VERTEX
  5
1541
  8
Layer_0
  10
-962.625
  20
-682.64233
  0
VERTEX
  5
1542
  8
Layer_0
  10
-962.54932
  20
-682.64233
  0
VERTEX
  5
1543
  8
Layer_0
  10
-962.48389
  20
-682.90405
  42
0.28739065
  0
VERTEX
  5
1544
  8
Layer_0
  10
-960.77393
  20
-684.53101
  42
0.17525341
  0
VERTEX
  5
1545
  8
Layer_0
  10
-958.1084
  20
-684.21411
  42
0.094989508
  0
VERTEX
  5
1546
  8
Layer_0
  10
-955.68066
  20
-682.41528
  0
VERTEX
  5
1547
  8
Layer_0
  10
-955.62988
  20
-682.41528
  0
VERTEX
  5
1548
  8
Layer_0
  10
-955.42139
  20
-682.68384
  42
0.12359
  0
VERTEX
  5
1549
  8
Layer_0
  10
-953.4751
  20
-684.27368
  42
0.29645427
  0
VERTEX
  5
154a
  8
Layer_0
  10
-949.93945
  20
-683.71167
  42
0.12652384
  0
VERTEX
  5
154b
  8
Layer_0
  10
-947.57275
  20
-680.43774
  42
0.072117478
  0
VERTEX
  5
154c
  8
Layer_0
  10
-946.9502
  20
-678.1521
  42
0.040914884
  0
VERTEX
  5
154d
  8
Layer_0
  10
-947.05078
  20
-674.90601
  42
0.017099589
  0
VERTEX
  5
154e
  8
Layer_0
  10
-947.49854
  20
-671.85962
  0
VERTEX
  5
154f
  8
Layer_0
  10
-947.85205
  20
-671.70825
  42
0.016927752
  0
VERTEX
  5
1550
  8
Layer_0
  10
-950.62988
  20
-674.66333
  0
VERTEX
  5
1551
  8
Layer_0
  10
-950.48438
  20
-675.16724
  42
-0.026110708
  0
VERTEX
  5
1552
  8
Layer_0
  10
-949.69531
  20
-679.03247
  42
-0.20768554
  0
VERTEX
  5
1553
  8
Layer_0
  10
-950.33398
  20
-679.44702
  42
-0.26894273
  0
VERTEX
  5
1554
  8
Layer_0
  10
-952.80176
  20
-678.67896
  42
-0.19971003
  0
VERTEX
  5
1555
  8
Layer_0
  10
-953.53369
  20
-676.68384
  42
-0.081193464
  0
VERTEX
  5
1556
  8
Layer_0
  10
-953.12988
  20
-674.25903
  0
VERTEX
  5
1557
  8
Layer_0
  10
-953.35693
  20
-674.08228
  42
0.034219253
  0
VERTEX
  5
1558
  8
Layer_0
  10
-955.25098
  20
-675.26929
  0
VERTEX
  5
1559
  8
Layer_0
  10
-955.38135
  20
-675.85425
  42
-0.038941741
  0
VERTEX
  5
155a
  8
Layer_0
  10
-955.95947
  20
-677.71997
  42
-0.15986886
  0
VERTEX
  5
155b
  8
Layer_0
  10
-957.37256
  20
-679.10864
  42
-0.11298027
  0
VERTEX
  5
155c
  8
Layer_0
  10
-959.08984
  20
-679.58813
  42
-0.380733
  0
VERTEX
  5
155d
  8
Layer_0
  10
-960.22168
  20
-678.66675
  42
-0.13318452
  0
VERTEX
  5
155e
  8
Layer_0
  10
-960.08252
  20
-677.56226
  42
-0.054267306
  0
VERTEX
  5
155f
  8
Layer_0
  10
-959.02979
  20
-675.52856
  0
VERTEX
  5
1560
  8
Layer_0
  10
-958.68555
  20
-674.99146
  0
VERTEX
  5
1561
  8
Layer_0
  10
-958.8623
  20
-674.71362
  42
0.036437533
  0
VERTEX
  5
1562
  8
Layer_0
  10
-961.13525
  20
-675.67358
  42
0.0018551615
  0
VERTEX
  5
1563
  8
Layer_0
  10
-962.07275
  20
-676.99634
  0
VERTEX
  5
1564
  8
Layer_0
  10
-962.32471
  20
-677.3396
  42
-0.089261963
  0
VERTEX
  5
1565
  8
Layer_0
  10
-963.68066
  20
-678.67896
  42
-0.11008067
  0
VERTEX
  5
1566
  8
Layer_0
  10
-966.2583
  20
-679.49976
  42
-0.028655619
  0
VERTEX
  5
1567
  8
Layer_0
  10
-968.57861
  20
-679.58813
  42
-0.10265184
  0
VERTEX
  5
1568
  8
Layer_0
  10
-970.36572
  20
-679.30933
  42
-0.24273187
  0
VERTEX
  5
1569
  8
Layer_0
  10
-971.69336
  20
-677.7981
  42
-0.073731507
  0
VERTEX
  5
156a
  8
Layer_0
  10
-971.88721
  20
-676.20386
  42
-0.0020811922
  0
VERTEX
  5
156b
  8
Layer_0
  10
-971.84082
  20
-671.36841
  0
VERTEX
  5
156c
  8
Layer_0
  10
-971.83691
  20
-670.14233
  42
0.021456545
  0
VERTEX
  5
156d
  8
Layer_0
  10
-972.15723
  20
-660.21899
  0
VERTEX
  5
156e
  8
Layer_0
  10
-972.29102
  20
-658.82739
  0
VERTEX
  5
156f
  8
Layer_0
  10
-972.64404
  20
-658.65063
  42
0.026660633
  0
VERTEX
  5
1570
  8
Layer_0
  10
-975.54639
  20
-661.45386
  0
VERTEX
  5
1571
  8
Layer_0
  10
-975.3916
  20
-663.03931
  42
-0.017855518
  0
VERTEX
  5
1572
  8
Layer_0
  10
-974.61865
  20
-678.41968
  0
VERTEX
  5
1573
  8
Layer_0
  10
-974.58789
  20
-678.85083
  42
0.09977281
  0
VERTEX
  5
1574
  8
Layer_0
  10
-973.7749
  20
-681.98657
  42
0.14210762
  0
VERTEX
  5
1575
  8
Layer_0
  10
-972.02832
  20
-683.81763
  42
0.12154621
  0
VERTEX
  5
1576
  8
Layer_0
  10
-969.29443
  20
-684.62329
  42
0.010288604
  0
VERTEX
  5
1577
  8
Layer_0
  10
-968.2251
  20
-684.63647
  0
VERTEX
  5
1578
  8
Layer_0
  10
-968.2251
  20
-684.63452
  0
SEQEND
  0
POLYLINE
  5
157a
  8
Layer_0
  62
0
  66
1
  10
0
  20
0
  30
0
  0
VERTEX
  5
157a
  8
Layer_0
  10
-741.14844
  20
-684.63452
  42
0.10544232
  0
VERTEX
  5
157b
  8
Layer_0
  10
-734.46094
  20
-683.42261
  0
VERTEX
  5
157c
  8
Layer_0
  10
-733.70557
  20
-683.07153
  0
VERTEX
  5
157d
  8
Layer_0
  10
-733.27734
  20
-683.22046
  42
0.035863353
  0
VERTEX
  5
157e
  8
Layer_0
  10
-729.37939
  20
-684.31763
  42
0.04700047
  0
VERTEX
  5
157f
  8
Layer_0
  10
-724.60254
  20
-684.63647
  42
0.12693253
  0
VERTEX
  5
1580
  8
Layer_0
  10
-722.24365
  20
-684.18823
  42
0.17361738
  0
VERTEX
  5
1581
  8
Layer_0
  10
-720.24902
  20
-681.99976
  0
VERTEX
  5
1582
  8
Layer_0
  10
-720.10742
  20
-681.65601
  0
VERTEX
  5
1583
  8
Layer_0
  10
-720.03174
  20
-681.65601
  0
VERTEX
  5
1584
  8
Layer_0
  10
-719.59961
  20
-681.98364
  42
0.1038598
  0
VERTEX
  5
1585
  8
Layer_0
  10
-714.89697
  20
-684.2312
  42
0.094540766
  0
VERTEX
  5
1586
  8
Layer_0
  10
-712.76465
  20
-684.35278
  42
0.13034405
  0
VERTEX
  5
1587
  8
Layer_0
  10
-711.28125
  20
-683.70972
  42
0.12126574
  0
VERTEX
  5
1588
  8
Layer_0
  10
-709.74951
  20
-681.70483
  42
0.083126436
  0
VERTEX
  5
1589
  8
Layer_0
  10
-709.09766
  20
-679.61353
  42
0.11283695
  0
VERTEX
  5
158a
  8
Layer_0
  10
-710.68506
  20
-673.21606
  42
0.11782077
  0
VERTEX
  5
158b
  8
Layer_0
  10
-712.64063
  20
-670.97485
  42
0.2515076
  0
VERTEX
  5
158c
  8
Layer_0
  10
-716.4126
  20
-670.7356
  42
0.19345432
  0
VERTEX
  5
158d
  8
Layer_0
  10
-719.7583
  20
-674.43774
  42
0.003580603
  0
VERTEX
  5
158e
  8
Layer_0
  10
-720.69189
  20
-677.05737
  0
VERTEX
  5
158f
  8
Layer_0
  10
-720.80615
  20
-677.35425
  42
-0.23543724
  0
VERTEX
  5
1590
  8
Layer_0
  10
-723.09033
  20
-679.41138
  42
-0.080872714
  0
VERTEX
  5
1591
  8
Layer_0
  10
-724.58936
  20
-679.58813
  42
-0.037455128
  0
VERTEX
  5
1592
  8
Layer_0
  10
-728.60303
  20
-679.26001
  42
0.074492625
  0
VERTEX
  5
1593
  8
Layer_0
  10
-727.39014
  20
-675.42065
  42
0.11922306
  0
VERTEX
  5
1594
  8
Layer_0
  10
-727.81885
  20
-670.78833
  42
0.074685827
  0
VERTEX
  5
1595
  8
Layer_0
  10
-729.03223
  20
-668.58276
  42
0.10316657
  0
VERTEX
  5
1596
  8
Layer_0
  10
-730.2002
  20
-667.57007
  42
0.18859208
  0
VERTEX
  5
1597
  8
Layer_0
  10
-732.22412
  20
-667.45825
  42
0.078529628
  0
VERTEX
  5
1598
  8
Layer_0
  10
-733.67041
  20
-668.15845
  42
0.1333568
  0
VERTEX
  5
1599
  8
Layer_0
  10
-737.19336
  20
-672.24194
  42
0.11855916
  0
VERTEX
  5
159a
  8
Layer_0
  10
-737.96484
  20
-676.40112
  42
0.053373942
  0
VERTEX
  5
159b
  8
Layer_0
  10
-737.56885
  20
-679.2854
  42
-0.056914508
  0
VERTEX
  5
159c
  8
Layer_0
  10
-741.12939
  20
-679.58813
  0
VERTEX
  5
159d
  8
Layer_0
  10
-741.14844
  20
-679.59009
  0
VERTEX
  5
159e
  8
Layer_0
  10
-741.14844
  20
-679.58813
  42
-0.079816725
  0
VERTEX
  5
159f
  8
Layer_0
  10
-742.98877
  20
-679.41479
  42
-0.27620601
  0
VERTEX
  5
15a0
  8
Layer_0
  10
-744.61719
  20
-677.7981
  42
-0.073392982
  0
VERTEX
  5
15a1
  8
Layer_0
  10
-744.81055
  20
-676.20386
  42
-0.0022391653
  0
VERTEX
  5
15a2
  8
Layer_0
  10
-744.76416
  20
-671.36841
  0
VERTEX
  5
15a3
  8
Layer_0
  10
-744.76025
  20
-670.14233
  42
0.021457711
  0
VERTEX
  5
15a4
  8
Layer_0
  10
-745.08057
  20
-660.21899
  0
VERTEX
  5
15a5
  8
Layer_0
  10
-745.21436
  20
-658.82739
  0
VERTEX
  5
15a6
  8
Layer_0
  10
-745.56738
  20
-658.65063
  42
0.026660184
  0
VERTEX
  5
15a7
  8
Layer_0
  10
-748.46973
  20
-661.45386
  0
VERTEX
  5
15a8
  8
Layer_0
  10
-748.31494
  20
-663.03931
  42
-0.017857009
  0
VERTEX
  5
15a9
  8
Layer_0
  10
-747.54199
  20
-678.41968
  0
VERTEX
  5
15aa
  8
Layer_0
  10
-747.51123
  20
-678.85083
  42
0.099799788
  0
VERTEX
  5
15ab
  8
Layer_0
  10
-746.69824
  20
-681.98657
  42
0.14225454
  0
VERTEX
  5
15ac
  8
Layer_0
  10
-744.95166
  20
-683.81763
  42
0.12153886
  0
VERTEX
  5
15ad
  8
Layer_0
  10
-742.21777
  20
-684.62329
  42
0.010288836
  0
VERTEX
  5
15ae
  8
Layer_0
  10
-741.14844
  20
-684.63647
  0
VERTEX
  5
15af
  8
Layer_0
  10
-741.14844
  20
-684.63452
  0
SEQEND
  0
POLYLINE
  5
15b1
  8
Layer_0
  62
0
  66
1
  10
0
  20
0
  30
0
  0
VERTEX
  5
15b1
  8
Layer_0
  10
-800.05225
  20
-684.59058
  42
0.043579542
  0
VERTEX
  5
15b2
  8
Layer_0
  10
-798.49316
  20
-682.20435
  42
0.073663158
  0
VERTEX
  5
15b3
  8
Layer_0
  10
-798.04346
  20
-680.27466
  42
0.02793923
  0
VERTEX
  5
15b4
  8
Layer_0
  10
-797.81055
  20
-674.91284
  42
0.019445528
  0
VERTEX
  5
15b5
  8
Layer_0
  10
-798.22314
  20
-661.48413
  0
VERTEX
  5
15b6
  8
Layer_0
  10
-798.39111
  20
-659.45532
  0
VERTEX
  5
15b7
  8
Layer_0
  10
-798.81982
  20
-659.22827
  42
0.025879151
  0
VERTEX
  5
15b8
  8
Layer_0
  10
-801.74756
  20
-662.43579
  0
VERTEX
  5
15b9
  8
Layer_0
  10
-801.53711
  20
-664.50464
  42
-0.028638289
  0
VERTEX
  5
15ba
  8
Layer_0
  10
-800.92676
  20
-681.37427
  42
-0.027359761
  0
VERTEX
  5
15bb
  8
Layer_0
  10
-801.21729
  20
-684.9397
  0
VERTEX
  5
15bc
  8
Layer_0
  10
-800.66162
  20
-685.34351
  0
VERTEX
  5
15bd
  8
Layer_0
  10
-800.05225
  20
-684.59058
  0
SEQEND
  0
POLYLINE
  5
15bf
  8
Layer_0
  62
0
  66
1
  10
0
  20
0
  30
0
  0
VERTEX
  5
15bf
  8
Layer_0
  10
-923.15967
  20
-684.59058
  42
0.043315508
  0
VERTEX
  5
15c0
  8
Layer_0
  10
-921.60059
  20
-682.20435
  42
0.073847482
  0
VERTEX
  5
15c1
  8
Layer_0
  10
-921.15137
  20
-680.27466
  42
0.027893338
  0
VERTEX
  5
15c2
  8
Layer_0
  10
-920.91797
  20
-674.91284
  42
0.019433323
  0
VERTEX
  5
15c3
  8
Layer_0
  10
-921.33057
  20
-661.48413
  0
VERTEX
  5
15c4
  8
Layer_0
  10
-921.49854
  20
-659.45532
  0
VERTEX
  5
15c5
  8
Layer_0
  10
-921.92725
  20
-659.22827
  42
0.025927186
  0
VERTEX
  5
15c6
  8
Layer_0
  10
-924.85498
  20
-662.43579
  0
VERTEX
  5
15c7
  8
Layer_0
  10
-924.64453
  20
-664.50464
  42
-0.028586635
  0
VERTEX
  5
15c8
  8
Layer_0
  10
-924.03418
  20
-681.37427
  42
-0.027052322
  0
VERTEX
  5
15c9
  8
Layer_0
  10
-924.32471
  20
-684.9397
  0
VERTEX
  5
15ca
  8
Layer_0
  10
-923.76904
  20
-685.34351
  0
VERTEX
  5
15cb
  8
Layer_0
  10
-923.15967
  20
-684.59058
  0
SEQEND
  0
POLYLINE
  5
15cd
  8
Layer_0
  62
0
  66
1
  10
0
  20
0
  30
0
  0
VERTEX
  5
15cd
  8
Layer_0
  10
-729.47656
  20
-664.95386
  42
0.069915706
  0
VERTEX
  5
15ce
  8
Layer_0
  10
-727.36719
  20
-662.66626
  42
0.052728707
  0
VERTEX
  5
15cf
  8
Layer_0
  10
-730.24414
  20
-659.53442
  0
VERTEX
  5
15d0
  8
Layer_0
  10
-732.7959
  20
-662.23706
  0
VERTEX
  5
15d1
  8
Layer_0
  10
-732.04248
  20
-662.97632
  42
-0.011019101
  0
VERTEX
  5
15d2
  8
Layer_0
  10
-729.83984
  20
-665.24243
  0
VERTEX
  5
15d3
  8
Layer_0
  10
-729.47656
  20
-664.95386
  0
SEQEND
  0
POLYLINE
  5
15d5
  8
Layer_0
  62
0
  66
1
  10
0
  20
0
  30
0
  0
VERTEX
  5
15d5
  8
Layer_0
  10
-734.80859
  20
-665.18091
  42
0.070352112
  0
VERTEX
  5
15d6
  8
Layer_0
  10
-732.69482
  20
-662.8938
  42
0.052671341
  0
VERTEX
  5
15d7
  8
Layer_0
  10
-735.57568
  20
-659.76196
  0
VERTEX
  5
15d8
  8
Layer_0
  10
-738.12354
  20
-662.46411
  0
VERTEX
  5
15d9
  8
Layer_0
  10
-737.37207
  20
-663.20386
  42
-0.010759552
  0
VERTEX
  5
15da
  8
Layer_0
  10
-735.17139
  20
-665.46997
  0
VERTEX
  5
15db
  8
Layer_0
  10
-734.80859
  20
-665.18091
  0
SEQEND
  0
POLYLINE
  5
15dd
  8
Layer_0
  62
0
  66
1
  10
0
  20
0
  30
0
  0
VERTEX
  5
15dd
  8
Layer_0
  10
-1127.6357
  20
-683.35181
  42
-0.068552017
  0
VERTEX
  5
15de
  8
Layer_0
  10
-1129.6616
  20
-683.00513
  42
-0.30780104
  0
VERTEX
  5
15df
  8
Layer_0
  10
-1130.853
  20
-681.51099
  42
-0.046568563
  0
VERTEX
  5
15e0
  8
Layer_0
  10
-1130.9443
  20
-679.94214
  0
VERTEX
  5
15e1
  8
Layer_0
  10
-1130.9443
  20
-661.2771
  0
VERTEX
  5
15e2
  8
Layer_0
  10
-1132.1904
  20
-661.59839
  42
-0.02300804
  0
VERTEX
  5
15e3
  8
Layer_0
  10
-1139.5034
  20
-663.19653
  0
VERTEX
  5
15e4
  8
Layer_0
  10
-1139.5034
  20
-664.30786
  0
VERTEX
  5
15e5
  8
Layer_0
  10
-1137.229
  20
-664.42163
  42
-0.12613653
  0
VERTEX
  5
15e6
  8
Layer_0
  10
-1136.3208
  20
-664.66919
  42
-0.20797404
  0
VERTEX
  5
15e7
  8
Layer_0
  10
-1135.9507
  20
-665.30786
  42
-0.054468375
  0
VERTEX
  5
15e8
  8
Layer_0
  10
-1135.8662
  20
-666.68188
  0
VERTEX
  5
15e9
  8
Layer_0
  10
-1135.8662
  20
-679.94214
  0
VERTEX
  5
15ea
  8
Layer_0
  10
-1135.8647
  20
-680.25708
  42
-0.089809048
  0
VERTEX
  5
15eb
  8
Layer_0
  10
-1136.1265
  20
-682.11255
  42
-0.22383346
  0
VERTEX
  5
15ec
  8
Layer_0
  10
-1137.2007
  20
-683.02319
  42
-0.06030331
  0
VERTEX
  5
15ed
  8
Layer_0
  10
-1139.2256
  20
-683.35181
  0
VERTEX
  5
15ee
  8
Layer_0
  10
-1139.2256
  20
-684.63647
  0
VERTEX
  5
15ef
  8
Layer_0
  10
-1127.6357
  20
-684.63647
  0
VERTEX
  5
15f0
  8
Layer_0
  10
-1127.6357
  20
-683.35181
  0
SEQEND
  0
POLYLINE
  5
15f2
  8
Layer_0
  62
0
  66
1
  10
0
  20
0
  30
0
  0
VERTEX
  5
15f2
  8
Layer_0
  10
-1117.6978
  20
-685.05151
  42
0.096674549
  0
VERTEX
  5
15f3
  8
Layer_0
  10
-1113.1924
  20
-683.80542
  42
0.10116261
  0
VERTEX
  5
15f4
  8
Layer_0
  10
-1109.0381
  20
-680.77368
  42
0.18324968
  0
VERTEX
  5
15f5
  8
Layer_0
  10
-1107.3223
  20
-676.32837
  42
0.25080763
  0
VERTEX
  5
15f6
  8
Layer_0
  10
-1109.9585
  20
-671.55396
  42
0.12735112
  0
VERTEX
  5
15f7
  8
Layer_0
  10
-1113.6641
  20
-670.25854
  42
0.097770132
  0
VERTEX
  5
15f8
  8
Layer_0
  10
-1116.9229
  20
-670.5144
  42
0.034432433
  0
VERTEX
  5
15f9
  8
Layer_0
  10
-1119.7456
  20
-671.40356
  0
VERTEX
  5
15fa
  8
Layer_0
  10
-1118.71
  20
-665.69409
  0
VERTEX
  5
15fb
  8
Layer_0
  10
-1109.1143
  20
-665.69409
  0
VERTEX
  5
15fc
  8
Layer_0
  10
-1107.8774
  20
-662.08521
  0
VERTEX
  5
15fd
  8
Layer_0
  10
-1108.0796
  20
-661.73169
  0
VERTEX
  5
15fe
  8
Layer_0
  10
-1120.0737
  20
-661.73169
  0
VERTEX
  5
15ff
  8
Layer_0
  10
-1121.7661
  20
-673.57446
  0
VERTEX
  5
1600
  8
Layer_0
  10
-1121.6099
  20
-673.51636
  42
-0.077258218
  0
VERTEX
  5
1601
  8
Layer_0
  10
-1117.624
  20
-672.81616
  42
-0.085706514
  0
VERTEX
  5
1602
  8
Layer_0
  10
-1115.332
  20
-673.20386
  42
-0.24973182
  0
VERTEX
  5
1603
  8
Layer_0
  10
-1112.3164
  20
-676.55103
  42
-0.13872751
  0
VERTEX
  5
1604
  8
Layer_0
  10
-1112.4224
  20
-680.53589
  42
-0.12607524
  0
VERTEX
  5
1605
  8
Layer_0
  10
-1113.4253
  20
-682.17749
  42
-0.15749659
  0
VERTEX
  5
1606
  8
Layer_0
  10
-1115.1274
  20
-682.91675
  42
-0.14312988
  0
VERTEX
  5
1607
  8
Layer_0
  10
-1117.9761
  20
-682.34351
  42
-0.069773621
  0
VERTEX
  5
1608
  8
Layer_0
  10
-1120.561
  20
-680.53394
  0
VERTEX
  5
1609
  8
Layer_0
  10
-1120.7393
  20
-680.40259
  42
0.33957847
  0
VERTEX
  5
160a
  8
Layer_0
  10
-1121.7407
  20
-680.37036
  42
0.17093033
  0
VERTEX
  5
160b
  8
Layer_0
  10
-1122.9507
  20
-682.12329
  42
0.25941516
  0
VERTEX
  5
160c
  8
Layer_0
  10
-1122.5098
  20
-683.47046
  42
0.11305555
  0
VERTEX
  5
160d
  8
Layer_0
  10
-1120.813
  20
-684.55884
  42
0.10604849
  0
VERTEX
  5
160e
  8
Layer_0
  10
-1117.6978
  20
-685.05151
  0
SEQEND
  0
POLYLINE
  5
1610
  8
Layer_0
  62
0
  66
1
  10
0
  20
0
  30
0
  0
VERTEX
  5
1610
  8
Layer_0
  10
-887.45996
  20
-667.92505
  42
0.022466498
  0
VERTEX
  5
1611
  8
Layer_0
  10
-885.62744
  20
-665.54565
  42
0.021650486
  0
VERTEX
  5
1612
  8
Layer_0
  10
-889.18848
  20
-662.28735
  0
VERTEX
  5
1613
  8
Layer_0
  10
-891.79004
  20
-665.44458
  0
VERTEX
  5
1614
  8
Layer_0
  10
-890.87695
  20
-666.20239
  42
-0.018163959
  0
VERTEX
  5
1615
  8
Layer_0
  10
-888.12793
  20
-668.70288
  0
VERTEX
  5
1616
  8
Layer_0
  10
-887.45996
  20
-667.92505
  0
SEQEND
  0
POLYLINE
  5
1618
  8
Layer_0
  62
0
  66
1
  10
0
  20
0
  30
0
  0
VERTEX
  5
1618
  8
Layer_0
  10
-893.57227
  20
-668.25366
  42
0.022596828
  0
VERTEX
  5
1619
  8
Layer_0
  10
-891.73975
  20
-665.87378
  42
0.021729142
  0
VERTEX
  5
161a
  8
Layer_0
  10
-895.30078
  20
-662.61597
  0
VERTEX
  5
161b
  8
Layer_0
  10
-897.90234
  20
-665.77271
  0
VERTEX
  5
161c
  8
Layer_0
  10
-896.98877
  20
-666.53052
  42
-0.017926765
  0
VERTEX
  5
161d
  8
Layer_0
  10
-894.23975
  20
-669.03101
  0
VERTEX
  5
161e
  8
Layer_0
  10
-893.57227
  20
-668.25366
  0
SEQEND
  0
POLYLINE
  5
1620
  8
Layer_0
  62
0
  66
1
  10
0
  20
0
  30
0
  0
VERTEX
  5
1620
  8
Layer_0
  10
-1013.4165
  20
-679.57983
  42
-0.16145122
  0
VERTEX
  5
1621
  8
Layer_0
  10
-1015.5015
  20
-678.93628
  42
-0.1777813
  0
VERTEX
  5
1622
  8
Layer_0
  10
-1016.2969
  20
-677.75464
  42
-0.059770126
  0
VERTEX
  5
1623
  8
Layer_0
  10
-1016.4961
  20
-676.36157
  42
-0.017035645
  0
VERTEX
  5
1624
  8
Layer_0
  10
-1016.541
  20
-672.80933
  0
VERTEX
  5
1625
  8
Layer_0
  10
-1016.5464
  20
-671.48071
  42
0.011174265
  0
VERTEX
  5
1626
  8
Layer_0
  10
-1016.6919
  20
-664.86353
  0
VERTEX
  5
1627
  8
Layer_0
  10
-1017.0952
  20
-664.73755
  42
0.015444278
  0
VERTEX
  5
1628
  8
Layer_0
  10
-1019.5938
  20
-667.08618
  0
VERTEX
  5
1629
  8
Layer_0
  10
-1019.5176
  20
-668.42505
  0
VERTEX
  5
162a
  8
Layer_0
  10
-1020.124
  20
-668.76587
  42
0.053339203
  0
VERTEX
  5
162b
  8
Layer_0
  10
-1024.3926
  20
-671.83813
  42
0.15145125
  0
VERTEX
  5
162c
  8
Layer_0
  10
-1027.8047
  20
-677.75513
  42
0.092099828
  0
VERTEX
  5
162d
  8
Layer_0
  10
-1027.9019
  20
-679.76978
  42
0.24811967
  0
VERTEX
  5
162e
  8
Layer_0
  10
-1026.2349
  20
-682.07153
  42
0.088348475
  0
VERTEX
  5
162f
  8
Layer_0
  10
-1024.3188
  20
-682.63892
  42
0.10533866
  0
VERTEX
  5
1630
  8
Layer_0
  10
-1019.6128
  20
-682.17407
  42
0.018577264
  0
VERTEX
  5
1631
  8
Layer_0
  10
-1018.4575
  20
-681.78296
  42
0.12093532
  0
VERTEX
  5
1632
  8
Layer_0
  10
-1017.0342
  20
-683.69116
  42
0.11060045
  0
VERTEX
  5
1633
  8
Layer_0
  10
-1015.355
  20
-684.42847
  42
0.058710126
  0
VERTEX
  5
1634
  8
Layer_0
  10
-1012.6929
  20
-684.63647
  42
0.13415566
  0
VERTEX
  5
1635
  8
Layer_0
  10
-1009.3857
  20
-683.93286
  42
0.10924938
  0
VERTEX
  5
1636
  8
Layer_0
  10
-1007.0596
  20
-681.8855
  0
VERTEX
  5
1637
  8
Layer_0
  10
-1006.9839
  20
-681.8855
  0
VERTEX
  5
1638
  8
Layer_0
  10
-1006.7202
  20
-682.28735
  42
0.12883425
  0
VERTEX
  5
1639
  8
Layer_0
  10
-1004.8218
  20
-683.96509
  42
0.10078532
  0
VERTEX
  5
163a
  8
Layer_0
  10
-1001.6338
  20
-684.63794
  0
VERTEX
  5
163b
  8
Layer_0
  10
-1000.873
  20
-684.63647
  0
VERTEX
  5
163c
  8
Layer_0
  10
-1000.873
  20
-684.62817
  0
VERTEX
  5
163d
  8
Layer_0
  10
-1000.7935
  20
-684.63647
  42
0.10410166
  0
VERTEX
  5
163e
  8
Layer_0
  10
-997.42822
  20
-684.09399
  42
0.09632651
  0
VERTEX
  5
163f
  8
Layer_0
  10
-995.2124
  20
-682.64233
  0
VERTEX
  5
1640
  8
Layer_0
  10
-995.13672
  20
-682.64233
  0
VERTEX
  5
1641
  8
Layer_0
  10
-995.07129
  20
-682.90405
  42
0.2874695
  0
VERTEX
  5
1642
  8
Layer_0
  10
-993.36084
  20
-684.53101
  42
0.17521987
  0
VERTEX
  5
1643
  8
Layer_0
  10
-990.69531
  20
-684.21411
  42
0.094917166
  0
VERTEX
  5
1644
  8
Layer_0
  10
-988.26758
  20
-682.41528
  0
VERTEX
  5
1645
  8
Layer_0
  10
-988.21729
  20
-682.41528
  0
VERTEX
  5
1646
  8
Layer_0
  10
-988.00879
  20
-682.68384
  42
0.12358811
  0
VERTEX
  5
1647
  8
Layer_0
  10
-986.0625
  20
-684.27368
  42
0.29637784
  0
VERTEX
  5
1648
  8
Layer_0
  10
-982.52637
  20
-683.71167
  42
0.12645179
  0
VERTEX
  5
1649
  8
Layer_0
  10
-980.16016
  20
-680.43774
  42
0.072119402
  0
VERTEX
  5
164a
  8
Layer_0
  10
-979.5376
  20
-678.1521
  42
0.040768621
  0
VERTEX
  5
164b
  8
Layer_0
  10
-979.6377
  20
-674.90601
  42
0.016775532
  0
VERTEX
  5
164c
  8
Layer_0
  10
-980.08545
  20
-671.85962
  0
VERTEX
  5
164d
  8
Layer_0
  10
-980.43945
  20
-671.70825
  42
0.016929778
  0
VERTEX
  5
164e
  8
Layer_0
  10
-983.21729
  20
-674.66333
  0
VERTEX
  5
164f
  8
Layer_0
  10
-983.07178
  20
-675.16724
  42
-0.026295544
  0
VERTEX
  5
1650
  8
Layer_0
  10
-982.28271
  20
-679.03247
  42
-0.20767079
  0
VERTEX
  5
1651
  8
Layer_0
  10
-982.9209
  20
-679.44702
  42
-0.29665541
  0
VERTEX
  5
1652
  8
Layer_0
  10
-985.57178
  20
-678.4646
  42
-0.16795965
  0
VERTEX
  5
1653
  8
Layer_0
  10
-986.12109
  20
-676.68384
  42
-0.081133301
  0
VERTEX
  5
1654
  8
Layer_0
  10
-985.71729
  20
-674.25903
  0
VERTEX
  5
1655
  8
Layer_0
  10
-985.94434
  20
-674.08228
  42
0.034185045
  0
VERTEX
  5
1656
  8
Layer_0
  10
-987.83838
  20
-675.26929
  0
VERTEX
  5
1657
  8
Layer_0
  10
-987.96875
  20
-675.85425
  42
-0.039403118
  0
VERTEX
  5
1658
  8
Layer_0
  10
-988.54688
  20
-677.71997
  42
-0.15989802
  0
VERTEX
  5
1659
  8
Layer_0
  10
-989.95996
  20
-679.10864
  42
-0.11294365
  0
VERTEX
  5
165a
  8
Layer_0
  10
-991.67676
  20
-679.58813
  42
-0.38084489
  0
VERTEX
  5
165b
  8
Layer_0
  10
-992.80908
  20
-678.66675
  42
-0.13882316
  0
VERTEX
  5
165c
  8
Layer_0
  10
-992.59766
  20
-677.37036
  42
-0.048257446
  0
VERTEX
  5
165d
  8
Layer_0
  10
-991.27295
  20
-674.99146
  0
VERTEX
  5
165e
  8
Layer_0
  10
-991.44971
  20
-674.71362
  42
0.036299193
  0
VERTEX
  5
165f
  8
Layer_0
  10
-993.72266
  20
-675.67358
  42
0.0018652896
  0
VERTEX
  5
1660
  8
Layer_0
  10
-994.66016
  20
-676.99634
  0
VERTEX
  5
1661
  8
Layer_0
  10
-994.91162
  20
-677.3396
  42
-0.089149515
  0
VERTEX
  5
1662
  8
Layer_0
  10
-996.26807
  20
-678.67896
  42
-0.11008747
  0
VERTEX
  5
1663
  8
Layer_0
  10
-998.8457
  20
-679.49976
  42
-0.046356902
  0
VERTEX
  5
1664
  8
Layer_0
  10
-1001.9497
  20
-679.53784
  42
-0.10353035
  0
VERTEX
  5
1665
  8
Layer_0
  10
-1003.8779
  20
-678.85571
  42
-0.14171326
  0
VERTEX
  5
1666
  8
Layer_0
  10
-1004.8564
  20
-677.75415
  42
-0.1536173
  0
VERTEX
  5
1667
  8
Layer_0
  10
-1004.9888
  20
-675.30103
  42
-0.016949585
  0
VERTEX
  5
1668
  8
Layer_0
  10
-1004.6353
  20
-673.93091
  0
VERTEX
  5
1669
  8
Layer_0
  10
-1004.812
  20
-673.77905
  42
0.021045881
  0
VERTEX
  5
166a
  8
Layer_0
  10
-1006.8325
  20
-675.09253
  42
0.01042875
  0
VERTEX
  5
166b
  8
Layer_0
  10
-1007.5552
  20
-677.02466
  0
VERTEX
  5
166c
  8
Layer_0
  10
-1007.6548
  20
-677.27515
  42
-0.18884184
  0
VERTEX
  5
166d
  8
Layer_0
  10
-1009.5532
  20
-679.0769
  42
-0.10876568
  0
VERTEX
  5
166e
  8
Layer_0
  10
-1012.3369
  20
-679.58813
  42
-0.013012438
  0
VERTEX
  5
166f
  8
Layer_0
  10
-1013.4165
  20
-679.57983
  0
SEQEND
  0
POLYLINE
  5
1671
  8
Layer_0
  62
0
  66
1
  10
0
  20
0
  30
0
  0
VERTEX
  5
1671
  8
Layer_0
  10
-891.94971
  20
-685.698
  42
0.073363114
  0
VERTEX
  5
1672
  8
Layer_0
  10
-882.40186
  20
-683.92212
  42
0.039569933
  0
VERTEX
  5
1673
  8
Layer_0
  10
-879.43945
  20
-682.61792
  42
0.078371431
  0
VERTEX
  5
1674
  8
Layer_0
  10
-878.11328
  20
-680.11548
  42
0.082425977
  0
VERTEX
  5
1675
  8
Layer_0
  10
-877.34326
  20
-676.38062
  42
0.072517066
  0
VERTEX
  5
1676
  8
Layer_0
  10
-877.89941
  20
-673.83618
  42
0.050683544
  0
VERTEX
  5
1677
  8
Layer_0
  10
-880.02051
  20
-669.30884
  0
VERTEX
  5
1678
  8
Layer_0
  10
-880.29834
  20
-669.33423
  42
0.028965
  0
VERTEX
  5
1679
  8
Layer_0
  10
-882.74805
  20
-673.27417
  0
VERTEX
  5
167a
  8
Layer_0
  10
-882.31787
  20
-674.06177
  42
-0.036907353
  0
VERTEX
  5
167b
  8
Layer_0
  10
-880.24756
  20
-678.47681
  42
-0.022909066
  0
VERTEX
  5
167c
  8
Layer_0
  10
-880.72314
  20
-678.68384
  42
-0.037066656
  0
VERTEX
  5
167d
  8
Layer_0
  10
-883.98145
  20
-679.56323
  42
-0.048705013
  0
VERTEX
  5
167e
  8
Layer_0
  10
-891.94141
  20
-680.47241
  42
-0.046429861
  0
VERTEX
  5
167f
  8
Layer_0
  10
-896.3623
  20
-680.08911
  42
-0.086074438
  0
VERTEX
  5
1680
  8
Layer_0
  10
-900.12012
  20
-678.72925
  42
-0.12552895
  0
VERTEX
  5
1681
  8
Layer_0
  10
-902.34424
  20
-676.61646
  42
-0.18407778
  0
VERTEX
  5
1682
  8
Layer_0
  10
-903.11621
  20
-672.43579
  42
-0.036376835
  0
VERTEX
  5
1683
  8
Layer_0
  10
-902.625
  20
-670.47046
  0
VERTEX
  5
1684
  8
Layer_0
  10
-904.16455
  20
-669.94019
  42
0.094942901
  0
VERTEX
  5
1685
  8
Layer_0
  10
-905.65723
  20
-675.82495
  42
0.087521237
  0
VERTEX
  5
1686
  8
Layer_0
  10
-905.28955
  20
-679.41626
  42
0.19185679
  0
VERTEX
  5
1687
  8
Layer_0
  10
-901.67383
  20
-683.85718
  42
0.094423583
  0
VERTEX
  5
1688
  8
Layer_0
  10
-896.6958
  20
-685.48755
  42
0.044200819
  0
VERTEX
  5
1689
  8
Layer_0
  10
-891.94971
  20
-685.698
  0
SEQEND
  0
POLYLINE
  5
168b
  8
Layer_0
  62
0
  66
1
  10
0
  20
0
  30
0
  0
VERTEX
  5
168b
  8
Layer_0
  10
-1046.1421
  20
-673.7981
  42
-0.059308477
  0
VERTEX
  5
168c
  8
Layer_0
  10
-1049.7402
  20
-673.22974
  42
-0.080243747
  0
VERTEX
  5
168d
  8
Layer_0
  10
-1051.2959
  20
-672.51294
  42
-0.1774899
  0
VERTEX
  5
168e
  8
Layer_0
  10
-1051.9897
  20
-671.59009
  42
-0.27239639
  0
VERTEX
  5
168f
  8
Layer_0
  10
-1051.6187
  20
-670.46509
  42
-0.17369393
  0
VERTEX
  5
1690
  8
Layer_0
  10
-1049.9106
  20
-669.68237
  42
-0.25010739
  0
VERTEX
  5
1691
  8
Layer_0
  10
-1047.3247
  20
-670.4812
  42
-0.096358765
  0
VERTEX
  5
1692
  8
Layer_0
  10
-1045.7739
  20
-672.88501
  42
-0.017922071
  0
VERTEX
  5
1693
  8
Layer_0
  10
-1045.4072
  20
-673.82983
  0
VERTEX
  5
1694
  8
Layer_0
  10
-1046.1421
  20
-673.7981
  0
SEQEND
  0
POLYLINE
  5
1696
  8
Layer_0
  62
0
  66
1
  10
0
  20
0
  30
0
  0
VERTEX
  5
1696
  8
Layer_0
  10
-1175.8818
  20
-684.62573
  0
VERTEX
  5
1697
  8
Layer_0
  10
-1175.4697
  20
-684.59839
  42
0.17730092
  0
VERTEX
  5
1698
  8
Layer_0
  10
-1171.0806
  20
-682.64233
  0
VERTEX
  5
1699
  8
Layer_0
  10
-1171.0049
  20
-682.64233
  0
VERTEX
  5
169a
  8
Layer_0
  10
-1170.939
  20
-682.90405
  42
0.28762675
  0
VERTEX
  5
169b
  8
Layer_0
  10
-1169.229
  20
-684.53101
  42
0.1752345
  0
VERTEX
  5
169c
  8
Layer_0
  10
-1166.5635
  20
-684.21411
  42
0.094922223
  0
VERTEX
  5
169d
  8
Layer_0
  10
-1164.1357
  20
-682.41528
  0
VERTEX
  5
169e
  8
Layer_0
  10
-1164.0854
  20
-682.41528
  0
VERTEX
  5
169f
  8
Layer_0
  10
-1163.8765
  20
-682.68384
  42
0.12365218
  0
VERTEX
  5
16a0
  8
Layer_0
  10
-1161.9307
  20
-684.27368
  42
0.2963859
  0
VERTEX
  5
16a1
  8
Layer_0
  10
-1158.3945
  20
-683.71167
  42
0.12636902
  0
VERTEX
  5
16a2
  8
Layer_0
  10
-1156.0278
  20
-680.43774
  42
0.072115587
  0
VERTEX
  5
16a3
  8
Layer_0
  10
-1155.4053
  20
-678.1521
  42
0.042430775
  0
VERTEX
  5
16a4
  8
Layer_0
  10
-1155.5459
  20
-674.54565
  42
0.013803807
  0
VERTEX
  5
16a5
  8
Layer_0
  10
-1155.9536
  20
-671.85962
  0
VERTEX
  5
16a6
  8
Layer_0
  10
-1156.3071
  20
-671.70825
  42
0.017093945
  0
VERTEX
  5
16a7
  8
Layer_0
  10
-1159.085
  20
-674.66333
  0
VERTEX
  5
16a8
  8
Layer_0
  10
-1158.9399
  20
-675.16724
  42
-0.026353147
  0
VERTEX
  5
16a9
  8
Layer_0
  10
-1158.1509
  20
-679.03247
  42
-0.20758112
  0
VERTEX
  5
16aa
  8
Layer_0
  10
-1158.7891
  20
-679.44702
  42
-0.29664025
  0
VERTEX
  5
16ab
  8
Layer_0
  10
-1161.4399
  20
-678.4646
  42
-0.16749089
  0
VERTEX
  5
16ac
  8
Layer_0
  10
-1161.9893
  20
-676.68384
  42
-0.081266849
  0
VERTEX
  5
16ad
  8
Layer_0
  10
-1161.585
  20
-674.25903
  0
VERTEX
  5
16ae
  8
Layer_0
  10
-1161.8125
  20
-674.08228
  42
0.034185169
  0
VERTEX
  5
16af
  8
Layer_0
  10
-1163.7065
  20
-675.26929
  0
VERTEX
  5
16b0
  8
Layer_0
  10
-1163.8364
  20
-675.85425
  42
-0.039256288
  0
VERTEX
  5
16b1
  8
Layer_0
  10
-1164.415
  20
-677.71997
  42
-0.15978936
  0
VERTEX
  5
16b2
  8
Layer_0
  10
-1165.8276
  20
-679.10864
  42
-0.11285195
  0
VERTEX
  5
16b3
  8
Layer_0
  10
-1167.5449
  20
-679.58813
  42
-0.38074323
  0
VERTEX
  5
16b4
  8
Layer_0
  10
-1168.6772
  20
-678.66675
  42
-0.13867915
  0
VERTEX
  5
16b5
  8
Layer_0
  10
-1168.4658
  20
-677.37036
  42
-0.048218308
  0
VERTEX
  5
16b6
  8
Layer_0
  10
-1167.1411
  20
-674.99146
  0
VERTEX
  5
16b7
  8
Layer_0
  10
-1167.3179
  20
-674.71362
  42
0.036385874
  0
VERTEX
  5
16b8
  8
Layer_0
  10
-1169.5903
  20
-675.67358
  42
0.0023586639
  0
VERTEX
  5
16b9
  8
Layer_0
  10
-1170.5278
  20
-676.99634
  0
VERTEX
  5
16ba
  8
Layer_0
  10
-1170.7798
  20
-677.3396
  42
-0.089448153
  0
VERTEX
  5
16bb
  8
Layer_0
  10
-1172.1362
  20
-678.67896
  42
-0.11009617
  0
VERTEX
  5
16bc
  8
Layer_0
  10
-1174.7139
  20
-679.49976
  42
-0.047750382
  0
VERTEX
  5
16bd
  8
Layer_0
  10
-1177.4663
  20
-679.54565
  42
-0.16543817
  0
VERTEX
  5
16be
  8
Layer_0
  10
-1179.2583
  20
-678.72632
  42
-0.060219856
  0
VERTEX
  5
16bf
  8
Layer_0
  10
-1180.8013
  20
-676.98511
  0
VERTEX
  5
16c0
  8
Layer_0
  10
-1181.2798
  20
-676.37183
  42
0.036156231
  0
VERTEX
  5
16c1
  8
Layer_0
  10
-1187.3379
  20
-669.66235
  0
VERTEX
  5
16c2
  8
Layer_0
  10
-1187.7422
  20
-669.65942
  0
VERTEX
  5
16c3
  8
Layer_0
  10
-1187.8994
  20
-669.87378
  42
-0.043375388
  0
VERTEX
  5
16c4
  8
Layer_0
  10
-1189.9971
  20
-672.09155
  42
-0.0026421893
  0
VERTEX
  5
16c5
  8
Layer_0
  10
-1193.0093
  20
-674.86157
  0
VERTEX
  5
16c6
  8
Layer_0
  10
-1193.582
  20
-675.40845
  42
0.047750361
  0
VERTEX
  5
16c7
  8
Layer_0
  10
-1194.9307
  20
-676.86255
  42
0.12555488
  0
VERTEX
  5
16c8
  8
Layer_0
  10
-1196.4136
  20
-680.55835
  42
0.10478904
  0
VERTEX
  5
16c9
  8
Layer_0
  10
-1196.0459
  20
-686.63452
  42
0.025456567
  0
VERTEX
  5
16ca
  8
Layer_0
  10
-1194.2881
  20
-691.94849
  0
VERTEX
  5
16cb
  8
Layer_0
  10
-1193.3613
  20
-694.39917
  42
-0.010788912
  0
VERTEX
  5
16cc
  8
Layer_0
  10
-1192.0542
  20
-698.05688
  42
-0.027641125
  0
VERTEX
  5
16cd
  8
Layer_0
  10
-1191.125
  20
-701.55835
  0
VERTEX
  5
16ce
  8
Layer_0
  10
-1190.4946
  20
-701.55835
  42
0.049067025
  0
VERTEX
  5
16cf
  8
Layer_0
  10
-1189.8018
  20
-697.48511
  42
0.081448408
  0
VERTEX
  5
16d0
  8
Layer_0
  10
-1190.0498
  20
-695.4187
  42
0.01484167
  0
VERTEX
  5
16d1
  8
Layer_0
  10
-1191.8091
  20
-689.6311
  0
VERTEX
  5
16d2
  8
Layer_0
  10
-1192.1919
  20
-688.43823
  42
-0.021063499
  0
VERTEX
  5
16d3
  8
Layer_0
  10
-1193.5684
  20
-683.6106
  42
-0.062137559
  0
VERTEX
  5
16d4
  8
Layer_0
  10
-1193.8223
  20
-681.56665
  42
-0.1660175
  0
VERTEX
  5
16d5
  8
Layer_0
  10
-1193.1069
  20
-679.87817
  42
-0.03099177
  0
VERTEX
  5
16d6
  8
Layer_0
  10
-1192.0083
  20
-678.67603
  0
VERTEX
  5
16d7
  8
Layer_0
  10
-1191.9326
  20
-678.67603
  0
VERTEX
  5
16d8
  8
Layer_0
  10
-1191.8774
  20
-679.23364
  42
0.19282824
  0
VERTEX
  5
16d9
  8
Layer_0
  10
-1188.6665
  20
-685.28979
  42
0.14888396
  0
VERTEX
  5
16da
  8
Layer_0
  10
-1185.6377
  20
-686.61011
  42
0.22183754
  0
VERTEX
  5
16db
  8
Layer_0
  10
-1182.6733
  20
-685.55884
  42
0.15931461
  0
VERTEX
  5
16dc
  8
Layer_0
  10
-1181.2246
  20
-682.82056
  0
VERTEX
  5
16dd
  8
Layer_0
  10
-1181.0981
  20
-682.82056
  0
VERTEX
  5
16de
  8
Layer_0
  10
-1180.9365
  20
-683.03247
  42
0.17992655
  0
VERTEX
  5
16df
  8
Layer_0
  10
-1178.2651
  20
-684.51587
  42
0.054533229
  0
VERTEX
  5
16e0
  8
Layer_0
  10
-1175.8818
  20
-684.62573
  0
SEQEND
  0
POLYLINE
  5
16e2
  8
Layer_0
  62
0
  66
1
  10
0
  20
0
  30
0
  0
VERTEX
  5
16e2
  8
Layer_0
  10
-774.87549
  20
-693.58325
  42
0.20990397
  0
VERTEX
  5
16e3
  8
Layer_0
  10
-767.77148
  20
-689.99341
  42
0.091847337
  0
VERTEX
  5
16e4
  8
Layer_0
  10
-766.30322
  20
-687.03296
  42
0.036332916
  0
VERTEX
  5
16e5
  8
Layer_0
  10
-765.80127
  20
-684.76294
  42
0.086366744
  0
VERTEX
  5
16e6
  8
Layer_0
  10
-763.50439
  20
-684.39478
  42
0.15181329
  0
VERTEX
  5
16e7
  8
Layer_0
  10
-761.2041
  20
-682.51489
  0
VERTEX
  5
16e8
  8
Layer_0
  10
-761.07764
  20
-682.51489
  0
VERTEX
  5
16e9
  8
Layer_0
  10
-760.84326
  20
-682.76538
  42
0.11687494
  0
VERTEX
  5
16ea
  8
Layer_0
  10
-758.89893
  20
-684.12769
  42
0.27087873
  0
VERTEX
  5
16eb
  8
Layer_0
  10
-755.75146
  20
-683.58862
  42
0.13636258
  0
VERTEX
  5
16ec
  8
Layer_0
  10
-752.91553
  20
-679.44312
  42
0.089384328
  0
VERTEX
  5
16ed
  8
Layer_0
  10
-752.55469
  20
-676.23511
  42
0.037044523
  0
VERTEX
  5
16ee
  8
Layer_0
  10
-753.09814
  20
-671.427
  0
VERTEX
  5
16ef
  8
Layer_0
  10
-753.42627
  20
-671.32642
  42
0.025926358
  0
VERTEX
  5
16f0
  8
Layer_0
  10
-756.20264
  20
-674.23071
  0
VERTEX
  5
16f1
  8
Layer_0
  10
-756.02246
  20
-675.00366
  42
-0.034275861
  0
VERTEX
  5
16f2
  8
Layer_0
  10
-755.3916
  20
-678.50317
  42
-0.013305997
  0
VERTEX
  5
16f3
  8
Layer_0
  10
-755.36914
  20
-678.87817
  42
-0.16975097
  0
VERTEX
  5
16f4
  8
Layer_0
  10
-756.10791
  20
-679.21167
  42
-0.28870335
  0
VERTEX
  5
16f5
  8
Layer_0
  10
-758.80615
  20
-677.90942
  42
-0.12891797
  0
VERTEX
  5
16f6
  8
Layer_0
  10
-759.1582
  20
-676.22583
  42
-0.066761553
  0
VERTEX
  5
16f7
  8
Layer_0
  10
-758.85498
  20
-674.20532
  0
VERTEX
  5
16f8
  8
Layer_0
  10
-759.03174
  20
-674.05396
  42
0.026686676
  0
VERTEX
  5
16f9
  8
Layer_0
  10
-761.02734
  20
-675.24097
  0
VERTEX
  5
16fa
  8
Layer_0
  10
-761.30371
  20
-676.2981
  42
-0.01582172
  0
VERTEX
  5
16fb
  8
Layer_0
  10
-761.66797
  20
-677.63013
  42
-0.30223205
  0
VERTEX
  5
16fc
  8
Layer_0
  10
-763.92627
  20
-679.57544
  42
-0.1585409
  0
VERTEX
  5
16fd
  8
Layer_0
  10
-765.01465
  20
-679.34399
  42
-0.1472085
  0
VERTEX
  5
16fe
  8
Layer_0
  10
-765.92773
  20
-678.12036
  0
VERTEX
  5
16ff
  8
Layer_0
  10
-766.15381
  20
-677.55249
  42
0.0086289174
  0
VERTEX
  5
1700
  8
Layer_0
  10
-767.67041
  20
-673.97827
  0
VERTEX
  5
1701
  8
Layer_0
  10
-767.92334
  20
-673.92749
  42
0.0265231
  0
VERTEX
  5
1702
  8
Layer_0
  10
-770.47461
  20
-678.01929
  0
VERTEX
  5
1703
  8
Layer_0
  10
-769.91553
  20
-678.92456
  42
-0.030789703
  0
VERTEX
  5
1704
  8
Layer_0
  10
-768.34668
  20
-681.90356
  42
-0.09602533
  0
VERTEX
  5
1705
  8
Layer_0
  10
-767.72119
  20
-684.40942
  42
-0.14235194
  0
VERTEX
  5
1706
  8
Layer_0
  10
-768.44434
  20
-685.65698
  42
-0.13004586
  0
VERTEX
  5
1707
  8
Layer_0
  10
-772.83936
  20
-688.22974
  42
-0.10140252
  0
VERTEX
  5
1708
  8
Layer_0
  10
-776.02588
  20
-688.38501
  42
-0.12300091
  0
VERTEX
  5
1709
  8
Layer_0
  10
-779.08789
  20
-687.03784
  42
-0.171535
  0
VERTEX
  5
170a
  8
Layer_0
  10
-780.70166
  20
-684.39673
  42
-0.1371101
  0
VERTEX
  5
170b
  8
Layer_0
  10
-780.53467
  20
-680.58569
  42
-0.034317829
  0
VERTEX
  5
170c
  8
Layer_0
  10
-779.69434
  20
-678.39819
  0
VERTEX
  5
170d
  8
Layer_0
  10
-781.05811
  20
-677.71606
  42
0.15821454
  0
VERTEX
  5
170e
  8
Layer_0
  10
-783.09863
  20
-686.20581
  42
0.11232047
  0
VERTEX
  5
170f
  8
Layer_0
  10
-781.82031
  20
-690.23901
  42
0.23294783
  0
VERTEX
  5
1710
  8
Layer_0
  10
-776.68457
  20
-693.51685
  42
0.05109936
  0
VERTEX
  5
1711
  8
Layer_0
  10
-774.87549
  20
-693.58325
  0
SEQEND
  0
POLYLINE
  5
1713
  8
Layer_0
  62
0
  66
1
  10
0
  20
0
  30
0
  0
VERTEX
  5
1713
  8
Layer_0
  10
-733.24561
  20
-678.29517
  0
VERTEX
  5
1714
  8
Layer_0
  10
-733.57666
  20
-678.15649
  42
-0.10726311
  0
VERTEX
  5
1715
  8
Layer_0
  10
-735.59082
  20
-676.78052
  42
-0.12849587
  0
VERTEX
  5
1716
  8
Layer_0
  10
-736.2832
  20
-675.42114
  42
-0.16202965
  0
VERTEX
  5
1717
  8
Layer_0
  10
-733.76758
  20
-672.5061
  42
-0.14665981
  0
VERTEX
  5
1718
  8
Layer_0
  10
-732.05469
  20
-672.10181
  42
-0.16253102
  0
VERTEX
  5
1719
  8
Layer_0
  10
-730.74658
  20
-672.75122
  42
-0.18395076
  0
VERTEX
  5
171a
  8
Layer_0
  10
-729.30908
  20
-675.69702
  42
-0.16215831
  0
VERTEX
  5
171b
  8
Layer_0
  10
-729.69141
  20
-676.56372
  42
-0.1160176
  0
VERTEX
  5
171c
  8
Layer_0
  10
-731.73828
  20
-677.99829
  42
-0.027428816
  0
VERTEX
  5
171d
  8
Layer_0
  10
-732.89697
  20
-678.42603
  0
VERTEX
  5
171e
  8
Layer_0
  10
-733.24561
  20
-678.29517
  0
SEQEND
  0
POLYLINE
  5
1720
  8
Layer_0
  62
0
  66
1
  10
0
  20
0
  30
0
  0
VERTEX
  5
1720
  8
Layer_0
  10
-1022.9395
  20
-678.03442
  42
-0.090751786
  0
VERTEX
  5
1721
  8
Layer_0
  10
-1024.4219
  20
-677.71216
  42
-0.29514114
  0
VERTEX
  5
1722
  8
Layer_0
  10
-1025.0269
  20
-676.8606
  42
-0.15604858
  0
VERTEX
  5
1723
  8
Layer_0
  10
-1024.6113
  20
-675.95581
  42
-0.073424369
  0
VERTEX
  5
1724
  8
Layer_0
  10
-1022.5728
  20
-674.24146
  42
-0.03550668
  0
VERTEX
  5
1725
  8
Layer_0
  10
-1019.1387
  20
-672.36499
  0
VERTEX
  5
1726
  8
Layer_0
  10
-1019.1196
  20
-672.90405
  42
-0.0084082458
  0
VERTEX
  5
1727
  8
Layer_0
  10
-1019.0376
  20
-677.51733
  42
-0.068280715
  0
VERTEX
  5
1728
  8
Layer_0
  10
-1021.9888
  20
-678.03931
  42
-0.022324437
  0
VERTEX
  5
1729
  8
Layer_0
  10
-1022.9395
  20
-678.03442
  0
SEQEND
  0
POLYLINE
  5
172b
  8
Layer_0
  62
0
  66
1
  10
0
  20
0
  30
0
  0
VERTEX
  5
172b
  8
Layer_0
  10
-823.45459
  20
-677.28931
  0
VERTEX
  5
172c
  8
Layer_0
  10
-823.96533
  20
-676.93823
  42
-0.028238356
  0
VERTEX
  5
172d
  8
Layer_0
  10
-827.09033
  20
-674.40796
  0
VERTEX
  5
172e
  8
Layer_0
  10
-827.09033
  20
-674.28149
  42
-0.083760972
  0
VERTEX
  5
172f
  8
Layer_0
  10
-820.7583
  20
-674.03491
  42
-0.034588524
  0
VERTEX
  5
1730
  8
Layer_0
  10
-818.8833
  20
-674.45825
  0
VERTEX
  5
1731
  8
Layer_0
  10
-818.8833
  20
-674.58472
  42
-0.030758796
  0
VERTEX
  5
1732
  8
Layer_0
  10
-822.94873
  20
-677.61743
  0
VERTEX
  5
1733
  8
Layer_0
  10
-823.45459
  20
-677.28931
  0
SEQEND
  0
POLYLINE
  5
1735
  8
Layer_0
  62
0
  66
1
  10
0
  20
0
  30
0
  0
VERTEX
  5
1735
  8
Layer_0
  10
-1073.0923
  20
-679.04077
  42
-0.064862711
  0
VERTEX
  5
1736
  8
Layer_0
  10
-1068.7104
  20
-675.70435
  42
-0.10082709
  0
VERTEX
  5
1737
  8
Layer_0
  10
-1065.5684
  20
-674.68823
  42
-0.26963824
  0
VERTEX
  5
1738
  8
Layer_0
  10
-1060.709
  20
-676.8855
  42
-0.10223772
  0
VERTEX
  5
1739
  8
Layer_0
  10
-1060.2944
  20
-677.74048
  42
-0.27078164
  0
VERTEX
  5
173a
  8
Layer_0
  10
-1060.4004
  20
-678.07153
  42
-0.086765185
  0
VERTEX
  5
173b
  8
Layer_0
  10
-1061.4521
  20
-678.62329
  42
-0.0568663
  0
VERTEX
  5
173c
  8
Layer_0
  10
-1064.3984
  20
-679.23169
  42
-0.023307142
  0
VERTEX
  5
173d
  8
Layer_0
  10
-1071.7075
  20
-679.5813
  42
-0.0030697255
  0
VERTEX
  5
173e
  8
Layer_0
  10
-1073.6475
  20
-679.58813
  0
VERTEX
  5
173f
  8
Layer_0
  10
-1073.0923
  20
-679.04077
  0
SEQEND
  0
POLYLINE
  5
1741
  8
Layer_0
  62
0
  66
1
  10
0
  20
0
  30
0
  0
VERTEX
  5
1741
  8
Layer_0
  10
-713
  20
-679.57642
  0
VERTEX
  5
1742
  8
Layer_0
  10
-713.36914
  20
-679.54272
  42
-0.11101318
  0
VERTEX
  5
1743
  8
Layer_0
  10
-716.69385
  20
-678.28345
  42
-0.041505771
  0
VERTEX
  5
1744
  8
Layer_0
  10
-718.54053
  20
-676.88403
  42
-0.064798398
  0
VERTEX
  5
1745
  8
Layer_0
  10
-717.82227
  20
-675.77612
  42
-0.32815107
  0
VERTEX
  5
1746
  8
Layer_0
  10
-714.65479
  20
-674.90015
  42
-0.12511353
  0
VERTEX
  5
1747
  8
Layer_0
  10
-713.28076
  20
-675.97437
  42
-0.099247468
  0
VERTEX
  5
1748
  8
Layer_0
  10
-712.0957
  20
-678.34351
  42
-0.023640038
  0
VERTEX
  5
1749
  8
Layer_0
  10
-711.84766
  20
-679.36108
  42
-0.27551319
  0
VERTEX
  5
174a
  8
Layer_0
  10
-711.96777
  20
-679.49927
  42
-0.10625209
  0
VERTEX
  5
174b
  8
Layer_0
  10
-713
  20
-679.57642
  0
SEQEND
  0
POLYLINE
  5
174d
  8
Layer_0
  62
0
  66
1
  10
0
  20
0
  30
0
  0
VERTEX
  5
174d
  8
Layer_0
  10
-1184.939
  20
-681.46655
  42
-0.17730026
  0
VERTEX
  5
174e
  8
Layer_0
  10
-1187.8687
  20
-680.03687
  42
-0.17595814
  0
VERTEX
  5
174f
  8
Layer_0
  10
-1189.269
  20
-677.23755
  42
-0.21746327
  0
VERTEX
  5
1750
  8
Layer_0
  10
-1188.8667
  20
-675.948
  42
-0.05906925
  0
VERTEX
  5
1751
  8
Layer_0
  10
-1187.7676
  20
-674.91577
  42
-0.035426885
  0
VERTEX
  5
1752
  8
Layer_0
  10
-1184.312
  20
-678.4895
  42
-0.065700977
  0
VERTEX
  5
1753
  8
Layer_0
  10
-1183.27
  20
-680.08472
  42
-0.10271156
  0
VERTEX
  5
1754
  8
Layer_0
  10
-1183.0928
  20
-680.77563
  42
-0.22540442
  0
VERTEX
  5
1755
  8
Layer_0
  10
-1183.332
  20
-681.15259
  42
-0.14738827
  0
VERTEX
  5
1756
  8
Layer_0
  10
-1184.6338
  20
-681.48267
  0
VERTEX
  5
1757
  8
Layer_0
  10
-1184.939
  20
-681.46655
  0
SEQEND
  0
POLYLINE
  5
1759
  8
Layer_0
  62
0
  66
1
  10
0
  20
0
  30
0
  0
VERTEX
  5
1759
  8
Layer_0
  10
-845.10352
  20
-693.12915
  42
0.095115912
  0
VERTEX
  5
175a
  8
Layer_0
  10
-843.18066
  20
-690.34448
  42
0.04440933
  0
VERTEX
  5
175b
  8
Layer_0
  10
-846.79248
  20
-687.3894
  0
VERTEX
  5
175c
  8
Layer_0
  10
-849.11621
  20
-690.64771
  0
VERTEX
  5
175d
  8
Layer_0
  10
-848.11426
  20
-691.36255
  42
-0.02376272
  0
VERTEX
  5
175e
  8
Layer_0
  10
-845.45361
  20
-693.45093
  0
VERTEX
  5
175f
  8
Layer_0
  10
-845.10352
  20
-693.12915
  0
SEQEND
  0
POLYLINE
  5
1761
  8
Layer_0
  62
0
  66
1
  10
0
  20
0
  30
0
  0
VERTEX
  5
1761
  8
Layer_0
  10
-1003.9438
  20
-694.55151
  0
VERTEX
  5
1762
  8
Layer_0
  10
-1003.5962
  20
-694.25317
  42
0.060255954
  0
VERTEX
  5
1763
  8
Layer_0
  10
-1001.8325
  20
-692.26392
  42
0.052518961
  0
VERTEX
  5
1764
  8
Layer_0
  10
-1004.7114
  20
-689.13208
  0
VERTEX
  5
1765
  8
Layer_0
  10
-1007.2617
  20
-691.83472
  0
VERTEX
  5
1766
  8
Layer_0
  10
-1006.5088
  20
-692.57446
  42
-0.010758798
  0
VERTEX
  5
1767
  8
Layer_0
  10
-1004.3071
  20
-694.84009
  0
VERTEX
  5
1768
  8
Layer_0
  10
-1003.9438
  20
-694.55151
  0
SEQEND
  0
POLYLINE
  5
176a
  8
Layer_0
  62
0
  70
1
  66
1
  10
0
  20
0
  30
0
  0
VERTEX
  5
176a
  8
Layer_0
  10
-1009.272
  20
-694.77856
  0
VERTEX
  5
176b
  8
Layer_0
  10
-1008.9243
  20
-694.48022
  42
0.060326196
  0
VERTEX
  5
176c
  8
Layer_0
  10
-1007.1606
  20
-692.49146
  42
0.052607394
  0
VERTEX
  5
176d
  8
Layer_0
  10
-1010.0391
  20
-689.35962
  0
VERTEX
  5
176e
  8
Layer_0
  10
-1012.5894
  20
-692.06226
  0
VERTEX
  5
176f
  8
Layer_0
  10
-1011.8369
  20
-692.80151
  42
-0.011156073
  0
VERTEX
  5
1770
  8
Layer_0
  10
-1009.6353
  20
-695.06763
  0
SEQEND
  0
POLYLINE
  5
1772
  8
Layer_0
  62
0
  66
1
  10
0
  20
0
  30
0
  0
VERTEX
  5
1772
  8
Layer_0
  10
-946.62793
  20
-798.19043
  0
VERTEX
  5
1773
  8
Layer_0
  10
-946.2959
  20
-797.84961
  42
0.080708677
  0
VERTEX
  5
1774
  8
Layer_0
  10
-944.7041
  20
-795.40576
  42
0.044440172
  0
VERTEX
  5
1775
  8
Layer_0
  10
-948.31738
  20
-792.45068
  0
VERTEX
  5
1776
  8
Layer_0
  10
-950.64063
  20
-795.70898
  0
VERTEX
  5
1777
  8
Layer_0
  10
-949.63916
  20
-796.42383
  42
-0.023766976
  0
VERTEX
  5
1778
  8
Layer_0
  10
-946.97852
  20
-798.51221
  0
VERTEX
  5
1779
  8
Layer_0
  10
-946.62793
  20
-798.19043
  0
SEQEND
  0
POLYLINE
  5
177b
  8
Layer_0
  62
0
  66
1
  10
0
  20
0
  30
0
  0
VERTEX
  5
177b
  8
Layer_0
  10
-761.47607
  20
-819.89697
  42
0.10469597
  0
VERTEX
  5
177c
  8
Layer_0
  10
-757.25635
  20
-818.85596
  42
0.12305605
  0
VERTEX
  5
177d
  8
Layer_0
  10
-754.42627
  20
-816.40234
  42
0.078137772
  0
VERTEX
  5
177e
  8
Layer_0
  10
-753.32617
  20
-813.94189
  0
VERTEX
  5
177f
  8
Layer_0
  10
-753.22559
  20
-813.94189
  0
VERTEX
  5
1780
  8
Layer_0
  10
-753.11133
  20
-814.5874
  42
0.10269993
  0
VERTEX
  5
1781
  8
Layer_0
  10
-752.06836
  20
-817.17773
  42
0.18995121
  0
VERTEX
  5
1782
  8
Layer_0
  10
-749.26563
  20
-819.03857
  42
0.062659576
  0
VERTEX
  5
1783
  8
Layer_0
  10
-747.2168
  20
-819.21973
  0
VERTEX
  5
1784
  8
Layer_0
  10
-747.2168
  20
-819.18994
  0
VERTEX
  5
1785
  8
Layer_0
  10
-747.18408
  20
-819.19727
  42
0.032718994
  0
VERTEX
  5
1786
  8
Layer_0
  10
-744.03076
  20
-819.11475
  42
0.089098637
  0
VERTEX
  5
1787
  8
Layer_0
  10
-737.93262
  20
-817.59131
  42
0.058275254
  0
VERTEX
  5
1788
  8
Layer_0
  10
-734.13037
  20
-815.22021
  42
0.020124153
  0
VERTEX
  5
1789
  8
Layer_0
  10
-731.18213
  20
-812.71924
  0
VERTEX
  5
178a
  8
Layer_0
  10
-730.93213
  20
-812.52295
  42
-0.13867794
  0
VERTEX
  5
178b
  8
Layer_0
  10
-728.33252
  20
-811.48193
  42
-0.036177837
  0
VERTEX
  5
178c
  8
Layer_0
  10
-727.08936
  20
-811.41553
  0
VERTEX
  5
178d
  8
Layer_0
  10
-726.76807
  20
-810.9375
  42
0.027715762
  0
VERTEX
  5
178e
  8
Layer_0
  10
-724.99414
  20
-807.90771
  0
VERTEX
  5
178f
  8
Layer_0
  10
-725.04492
  20
-807.70605
  0
VERTEX
  5
1790
  8
Layer_0
  10
-726.91309
  20
-807.70605
  42
-0.095737643
  0
VERTEX
  5
1791
  8
Layer_0
  10
-733.14941
  20
-806.51855
  0
VERTEX
  5
1792
  8
Layer_0
  10
-733.69238
  20
-806.31543
  42
0.041856556
  0
VERTEX
  5
1793
  8
Layer_0
  10
-738.35205
  20
-804.95557
  42
0.098198126
  0
VERTEX
  5
1794
  8
Layer_0
  10
-741.58203
  20
-804.92334
  42
0.18237485
  0
VERTEX
  5
1795
  8
Layer_0
  10
-744.63965
  20
-806.85791
  42
0.10257585
  0
VERTEX
  5
1796
  8
Layer_0
  10
-745.65186
  20
-809.29395
  0
VERTEX
  5
1797
  8
Layer_0
  10
-744.00977
  20
-812.50342
  0
VERTEX
  5
1798
  8
Layer_0
  10
-743.50488
  20
-812.50342
  0
VERTEX
  5
1799
  8
Layer_0
  10
-742.34277
  20
-809.84961
  42
-0.12309873
  0
VERTEX
  5
179a
  8
Layer_0
  10
-740.91504
  20
-809.42334
  42
-0.070367295
  0
VERTEX
  5
179b
  8
Layer_0
  10
-737.53174
  20
-809.71387
  42
-0.031596137
  0
VERTEX
  5
179c
  8
Layer_0
  10
-733.83154
  20
-810.73438
  0
VERTEX
  5
179d
  8
Layer_0
  10
-733.83154
  20
-810.86084
  42
-0.12423006
  0
VERTEX
  5
179e
  8
Layer_0
  10
-742.9126
  20
-814.00781
  42
-0.027059589
  0
VERTEX
  5
179f
  8
Layer_0
  10
-746.96484
  20
-814.17139
  0
VERTEX
  5
17a0
  8
Layer_0
  10
-747.18408
  20
-814.19385
  0
VERTEX
  5
17a1
  8
Layer_0
  10
-747.2168
  20
-814.20117
  0
VERTEX
  5
17a2
  8
Layer_0
  10
-747.2168
  20
-814.17139
  0
VERTEX
  5
17a3
  8
Layer_0
  10
-747.57031
  20
-814.17139
  42
-0.15721111
  0
VERTEX
  5
17a4
  8
Layer_0
  10
-749.50537
  20
-813.61865
  42
-0.14860821
  0
VERTEX
  5
17a5
  8
Layer_0
  10
-750.69043
  20
-811.98828
  42
-0.079295187
  0
VERTEX
  5
17a6
  8
Layer_0
  10
-751.16943
  20
-809.34082
  42
-0.0012278118
  0
VERTEX
  5
17a7
  8
Layer_0
  10
-751.18652
  20
-804.16748
  0
VERTEX
  5
17a8
  8
Layer_0
  10
-751.19824
  20
-802.07813
  42
0.016066373
  0
VERTEX
  5
17a9
  8
Layer_0
  10
-751.45947
  20
-793.33496
  0
VERTEX
  5
17aa
  8
Layer_0
  10
-751.76221
  20
-793.18311
  42
0.021814543
  0
VERTEX
  5
17ab
  8
Layer_0
  10
-754.4873
  20
-795.6582
  0
VERTEX
  5
17ac
  8
Layer_0
  10
-754.37012
  20
-797.50781
  42
-0.014909884
  0
VERTEX
  5
17ad
  8
Layer_0
  10
-753.95703
  20
-808.05762
  42
-0.084493022
  0
VERTEX
  5
17ae
  8
Layer_0
  10
-754.41309
  20
-810.98877
  42
-0.10978974
  0
VERTEX
  5
17af
  8
Layer_0
  10
-756.02832
  20
-813.5376
  0
VERTEX
  5
17b0
  8
Layer_0
  10
-756.104
  20
-813.5127
  0
VERTEX
  5
17b1
  8
Layer_0
  10
-756.11865
  20
-812.98291
  42
0.10158655
  0
VERTEX
  5
17b2
  8
Layer_0
  10
-757.21338
  20
-808.6377
  42
0.036724233
  0
VERTEX
  5
17b3
  8
Layer_0
  10
-758.75684
  20
-805.83936
  42
0.0024388256
  0
VERTEX
  5
17b4
  8
Layer_0
  10
-761.53418
  20
-801.59277
  0
VERTEX
  5
17b5
  8
Layer_0
  10
-760.42285
  20
-799.59814
  0
VERTEX
  5
17b6
  8
Layer_0
  10
-760.90479
  20
-799.3291
  42
-0.040379287
  0
VERTEX
  5
17b7
  8
Layer_0
  10
-765.13574
  20
-796.56152
  42
-0.030052122
  0
VERTEX
  5
17b8
  8
Layer_0
  10
-766.13086
  20
-795.6582
  0
VERTEX
  5
17b9
  8
Layer_0
  10
-766.48438
  20
-795.6582
  42
0.055897288
  0
VERTEX
  5
17ba
  8
Layer_0
  10
-767.2373
  20
-798.17969
  42
0.16363208
  0
VERTEX
  5
17bb
  8
Layer_0
  10
-766.98633
  20
-800.03369
  42
0.059330959
  0
VERTEX
  5
17bc
  8
Layer_0
  10
-766.1875
  20
-801.31543
  42
0.0026333905
  0
VERTEX
  5
17bd
  8
Layer_0
  10
-763.83252
  20
-804.29492
  0
VERTEX
  5
17be
  8
Layer_0
  10
-763.23096
  20
-805.08887
  42
-0.024664124
  0
VERTEX
  5
17bf
  8
Layer_0
  10
-758.94678
  20
-811.2832
  42
-0.056605082
  0
VERTEX
  5
17c0
  8
Layer_0
  10
-757.51807
  20
-814.29541
  42
-0.04957719
  0
VERTEX
  5
17c1
  8
Layer_0
  10
-762.81592
  20
-817.21338
  42
-0.020151517
  0
VERTEX
  5
17c2
  8
Layer_0
  10
-766.71191
  20
-818.73975
  0
VERTEX
  5
17c3
  8
Layer_0
  10
-766.71191
  20
-819.21973
  42
0.071912909
  0
VERTEX
  5
17c4
  8
Layer_0
  10
-762.60693
  20
-819.88965
  42
0.01443128
  0
VERTEX
  5
17c5
  8
Layer_0
  10
-761.47607
  20
-819.89697
  0
SEQEND
  0
POLYLINE
  5
17c7
  8
Layer_0
  62
0
  66
1
  10
0
  20
0
  30
0
  0
VERTEX
  5
17c7
  8
Layer_0
  10
-724.95801
  20
-814.17822
  42
-0.025604941
  0
VERTEX
  5
17c8
  8
Layer_0
  10
-726.12793
  20
-814.12207
  42
-0.065363943
  0
VERTEX
  5
17c9
  8
Layer_0
  10
-727.79053
  20
-813.76758
  42
-0.24515968
  0
VERTEX
  5
17ca
  8
Layer_0
  10
-728.86963
  20
-812.47559
  0
VERTEX
  5
17cb
  8
Layer_0
  10
-728.93262
  20
-812.14893
  0
VERTEX
  5
17cc
  8
Layer_0
  10
-729.05859
  20
-812.02246
  0
VERTEX
  5
17cd
  8
Layer_0
  10
-730.44727
  20
-813.13477
  42
0.053361227
  0
VERTEX
  5
17ce
  8
Layer_0
  10
-730.40918
  20
-815.73242
  42
0.17811294
  0
VERTEX
  5
17cf
  8
Layer_0
  10
-729.01123
  20
-818.30908
  42
0.11374902
  0
VERTEX
  5
17d0
  8
Layer_0
  10
-727.18213
  20
-819.01904
  42
0.047364
  0
VERTEX
  5
17d1
  8
Layer_0
  10
-724.18652
  20
-819.21973
  42
0.087955879
  0
VERTEX
  5
17d2
  8
Layer_0
  10
-718.58984
  20
-818.44629
  42
0.074516858
  0
VERTEX
  5
17d3
  8
Layer_0
  10
-714.45801
  20
-816.19092
  42
0.078802576
  0
VERTEX
  5
17d4
  8
Layer_0
  10
-710.57031
  20
-818.43555
  42
0.092553206
  0
VERTEX
  5
17d5
  8
Layer_0
  10
-705.21582
  20
-819.21973
  0
VERTEX
  5
17d6
  8
Layer_0
  10
-705.21582
  20
-819.20459
  0
VERTEX
  5
17d7
  8
Layer_0
  10
-705.06689
  20
-819.21973
  42
0.095303215
  0
VERTEX
  5
17d8
  8
Layer_0
  10
-702.50879
  20
-818.85693
  42
0.18168834
  0
VERTEX
  5
17d9
  8
Layer_0
  10
-699.71777
  20
-816.32422
  42
0.12154865
  0
VERTEX
  5
17da
  8
Layer_0
  10
-697.89746
  20
-808.69092
  42
0.01258041
  0
VERTEX
  5
17db
  8
Layer_0
  10
-698.04883
  20
-801.89697
  0
VERTEX
  5
17dc
  8
Layer_0
  10
-695.80078
  20
-800.1792
  0
VERTEX
  5
17dd
  8
Layer_0
  10
-696.13232
  20
-799.62549
  42
-0.046804574
  0
VERTEX
  5
17de
  8
Layer_0
  10
-698.18018
  20
-795.50635
  42
-0.081978943
  0
VERTEX
  5
17df
  8
Layer_0
  10
-698.5791
  20
-793.43555
  0
VERTEX
  5
17e0
  8
Layer_0
  10
-698.87891
  20
-793.23389
  42
0.079404467
  0
VERTEX
  5
17e1
  8
Layer_0
  10
-701.01563
  20
-795.36523
  42
0.14882482
  0
VERTEX
  5
17e2
  8
Layer_0
  10
-701.52441
  20
-797.6626
  42
0.0029895286
  0
VERTEX
  5
17e3
  8
Layer_0
  10
-701.06396
  20
-802.7666
  0
VERTEX
  5
17e4
  8
Layer_0
  10
-701.01416
  20
-803.38818
  42
-0.027607562
  0
VERTEX
  5
17e5
  8
Layer_0
  10
-700.72266
  20
-811.91504
  42
-0.13355086
  0
VERTEX
  5
17e6
  8
Layer_0
  10
-700.98779
  20
-812.96338
  42
-0.10827564
  0
VERTEX
  5
17e7
  8
Layer_0
  10
-701.76904
  20
-813.60693
  42
-0.094771757
  0
VERTEX
  5
17e8
  8
Layer_0
  10
-703.57422
  20
-814.11279
  42
-0.024236171
  0
VERTEX
  5
17e9
  8
Layer_0
  10
-705.21582
  20
-814.17139
  42
-0.039094355
  0
VERTEX
  5
17ea
  8
Layer_0
  10
-708.54248
  20
-814.00098
  42
-0.084453563
  0
VERTEX
  5
17eb
  8
Layer_0
  10
-711.09961
  20
-813.18604
  0
VERTEX
  5
17ec
  8
Layer_0
  10
-711.09961
  20
-813.08496
  0
VERTEX
  5
17ed
  8
Layer_0
  10
-709.19629
  20
-811.37598
  42
0.0054214203
  0
VERTEX
  5
17ee
  8
Layer_0
  10
-707.23584
  20
-809.57227
  42
0.023981237
  0
VERTEX
  5
17ef
  8
Layer_0
  10
-706.40234
  20
-805.83594
  42
0.051681647
  0
VERTEX
  5
17f0
  8
Layer_0
  10
-709.7959
  20
-804.87061
  42
0.061375188
  0
VERTEX
  5
17f1
  8
Layer_0
  10
-715.60547
  20
-804.62451
  42
0.032947142
  0
VERTEX
  5
17f2
  8
Layer_0
  10
-719.79004
  20
-805.18457
  0
VERTEX
  5
17f3
  8
Layer_0
  10
-720.20752
  20
-805.25146
  42
-0.0089138246
  0
VERTEX
  5
17f4
  8
Layer_0
  10
-721.68066
  20
-805.45752
  0
VERTEX
  5
17f5
  8
Layer_0
  10
-723.12012
  20
-809.57227
  0
VERTEX
  5
17f6
  8
Layer_0
  10
-723.04443
  20
-809.64795
  0
VERTEX
  5
17f7
  8
Layer_0
  10
-722.41309
  20
-809.64795
  42
-0.20000641
  0
VERTEX
  5
17f8
  8
Layer_0
  10
-720.93262
  20
-810.29688
  0
VERTEX
  5
17f9
  8
Layer_0
  10
-719.95605
  20
-811.26318
  42
0.014230946
  0
VERTEX
  5
17fa
  8
Layer_0
  10
-717.66553
  20
-813.38818
  0
VERTEX
  5
17fb
  8
Layer_0
  10
-717.66553
  20
-813.48926
  42
-0.074279449
  0
VERTEX
  5
17fc
  8
Layer_0
  10
-720.55957
  20
-814.07568
  42
-0.023706384
  0
VERTEX
  5
17fd
  8
Layer_0
  10
-724.54004
  20
-814.17139
  0
VERTEX
  5
17fe
  8
Layer_0
  10
-724.95801
  20
-814.17822
  0
SEQEND
  0
POLYLINE
  5
1800
  8
Layer_0
  62
0
  66
1
  10
0
  20
0
  30
0
  0
VERTEX
  5
1800
  8
Layer_0
  10
-836.81006
  20
-814.16162
  42
-0.041620171
  0
VERTEX
  5
1801
  8
Layer_0
  10
-838.15967
  20
-814.00977
  42
-0.12433719
  0
VERTEX
  5
1802
  8
Layer_0
  10
-839.70557
  20
-813.34766
  42
-0.2346707
  0
VERTEX
  5
1803
  8
Layer_0
  10
-840.48193
  20
-811.54492
  42
-0.065962801
  0
VERTEX
  5
1804
  8
Layer_0
  10
-840.06689
  20
-809.23291
  42
-0.0095392185
  0
VERTEX
  5
1805
  8
Layer_0
  10
-839.7749
  20
-808.26172
  0
VERTEX
  5
1806
  8
Layer_0
  10
-839.95166
  20
-808.08447
  42
0.034427277
  0
VERTEX
  5
1807
  8
Layer_0
  10
-841.97217
  20
-809.32227
  42
0.0073447112
  0
VERTEX
  5
1808
  8
Layer_0
  10
-842.58447
  20
-811.22607
  0
VERTEX
  5
1809
  8
Layer_0
  10
-842.74414
  20
-811.6875
  42
-0.089258305
  0
VERTEX
  5
180a
  8
Layer_0
  10
-843.61133
  20
-813.1582
  42
-0.25044625
  0
VERTEX
  5
180b
  8
Layer_0
  10
-846.22412
  20
-814.14844
  42
-0.3301526
  0
VERTEX
  5
180c
  8
Layer_0
  10
-847.15234
  20
-813.13037
  42
-0.11668217
  0
VERTEX
  5
180d
  8
Layer_0
  10
-847.10693
  20
-811.96533
  42
-0.032912669
  0
VERTEX
  5
180e
  8
Layer_0
  10
-846.03809
  20
-809.14551
  0
VERTEX
  5
180f
  8
Layer_0
  10
-846.24023
  20
-808.89307
  42
0.037007125
  0
VERTEX
  5
1810
  8
Layer_0
  10
-848.28564
  20
-809.90332
  42
0.0091112861
  0
VERTEX
  5
1811
  8
Layer_0
  10
-849.26123
  20
-812.03418
  0
VERTEX
  5
1812
  8
Layer_0
  10
-849.49658
  20
-812.42871
  42
-0.096828932
  0
VERTEX
  5
1813
  8
Layer_0
  10
-850.55322
  20
-813.56445
  42
-0.21202713
  0
VERTEX
  5
1814
  8
Layer_0
  10
-853.04932
  20
-814.10156
  42
-0.31561635
  0
VERTEX
  5
1815
  8
Layer_0
  10
-853.79199
  20
-813.20605
  42
-0.13937778
  0
VERTEX
  5
1816
  8
Layer_0
  10
-853.57715
  20
-811.85449
  42
-0.052285691
  0
VERTEX
  5
1817
  8
Layer_0
  10
-852.27588
  20
-809.6001
  0
VERTEX
  5
1818
  8
Layer_0
  10
-852.55371
  20
-809.34766
  42
0.034095147
  0
VERTEX
  5
1819
  8
Layer_0
  10
-854.75098
  20
-810.35791
  0
VERTEX
  5
181a
  8
Layer_0
  10
-855.87451
  20
-811.92383
  42
-0.16512959
  0
VERTEX
  5
181b
  8
Layer_0
  10
-858.21631
  20
-813.71631
  42
-0.082342954
  0
VERTEX
  5
181c
  8
Layer_0
  10
-861.44287
  20
-814.17139
  0
VERTEX
  5
181d
  8
Layer_0
  10
-861.79639
  20
-814.17139
  0
VERTEX
  5
181e
  8
Layer_0
  10
-861.81592
  20
-814.17334
  0
VERTEX
  5
181f
  8
Layer_0
  10
-861.81592
  20
-814.17139
  42
-0.079831996
  0
VERTEX
  5
1820
  8
Layer_0
  10
-863.65576
  20
-813.99805
  42
-0.27649668
  0
VERTEX
  5
1821
  8
Layer_0
  10
-865.28418
  20
-812.38135
  42
-0.073173212
  0
VERTEX
  5
1822
  8
Layer_0
  10
-865.47803
  20
-810.78711
  42
-0.002106852
  0
VERTEX
  5
1823
  8
Layer_0
  10
-865.43115
  20
-805.95166
  0
VERTEX
  5
1824
  8
Layer_0
  10
-865.42725
  20
-804.72559
  42
0.021497721
  0
VERTEX
  5
1825
  8
Layer_0
  10
-865.74805
  20
-794.80225
  0
VERTEX
  5
1826
  8
Layer_0
  10
-865.88135
  20
-793.41064
  0
VERTEX
  5
1827
  8
Layer_0
  10
-866.23486
  20
-793.23389
  42
0.026660703
  0
VERTEX
  5
1828
  8
Layer_0
  10
-869.13721
  20
-796.03711
  0
VERTEX
  5
1829
  8
Layer_0
  10
-868.98193
  20
-797.62256
  42
-0.017789766
  0
VERTEX
  5
182a
  8
Layer_0
  10
-868.20898
  20
-813.00293
  0
VERTEX
  5
182b
  8
Layer_0
  10
-868.17871
  20
-813.43408
  42
0.099562402
  0
VERTEX
  5
182c
  8
Layer_0
  10
-867.36572
  20
-816.56982
  42
0.14210915
  0
VERTEX
  5
182d
  8
Layer_0
  10
-865.61914
  20
-818.40088
  42
0.12150243
  0
VERTEX
  5
182e
  8
Layer_0
  10
-862.88477
  20
-819.20654
  42
0.010307179
  0
VERTEX
  5
182f
  8
Layer_0
  10
-861.81592
  20
-819.21973
  0
VERTEX
  5
1830
  8
Layer_0
  10
-861.81592
  20
-819.21777
  42
0.1647742
  0
VERTEX
  5
1831
  8
Layer_0
  10
-856.77881
  20
-817.73975
  0
VERTEX
  5
1832
  8
Layer_0
  10
-856.19043
  20
-817.30127
  0
VERTEX
  5
1833
  8
Layer_0
  10
-856.09766
  20
-817.55371
  42
0.29825868
  0
VERTEX
  5
1834
  8
Layer_0
  10
-853.94971
  20
-819.19775
  42
0.18643232
  0
VERTEX
  5
1835
  8
Layer_0
  10
-850.80371
  20
-818.35107
  42
0.048097449
  0
VERTEX
  5
1836
  8
Layer_0
  10
-849.32129
  20
-817.07422
  0
VERTEX
  5
1837
  8
Layer_0
  10
-849.19482
  20
-817.07422
  0
VERTEX
  5
1838
  8
Layer_0
  10
-849.10352
  20
-817.33545
  42
0.216457
  0
VERTEX
  5
1839
  8
Layer_0
  10
-847.56543
  20
-819.01172
  42
0.18506181
  0
VERTEX
  5
183a
  8
Layer_0
  10
-844.75732
  20
-818.89746
  42
0.10909638
  0
VERTEX
  5
183b
  8
Layer_0
  10
-842.38037
  20
-817.18115
  0
VERTEX
  5
183c
  8
Layer_0
  10
-842.12354
  20
-816.89746
  0
VERTEX
  5
183d
  8
Layer_0
  10
-842.02246
  20
-816.89746
  0
VERTEX
  5
183e
  8
Layer_0
  10
-841.8457
  20
-817.2002
  42
0.16447768
  0
VERTEX
  5
183f
  8
Layer_0
  10
-839.89502
  20
-818.69287
  42
0.08878945
  0
VERTEX
  5
1840
  8
Layer_0
  10
-836.29004
  20
-819.21973
  42
0.071602674
  0
VERTEX
  5
1841
  8
Layer_0
  10
-833.18848
  20
-818.93018
  42
0.10803524
  0
VERTEX
  5
1842
  8
Layer_0
  10
-830.10889
  20
-817.35205
  0
VERTEX
  5
1843
  8
Layer_0
  10
-830.03271
  20
-817.35205
  0
VERTEX
  5
1844
  8
Layer_0
  10
-829.86475
  20
-818.0083
  42
0.086503519
  0
VERTEX
  5
1845
  8
Layer_0
  10
-828.66113
  20
-820.65674
  42
0.16242975
  0
VERTEX
  5
1846
  8
Layer_0
  10
-826.11816
  20
-822.58936
  42
0.22479466
  0
VERTEX
  5
1847
  8
Layer_0
  10
-822.18994
  20
-821.96582
  42
0.16629737
  0
VERTEX
  5
1848
  8
Layer_0
  10
-820.03027
  20
-818.68213
  42
0.11742788
  0
VERTEX
  5
1849
  8
Layer_0
  10
-819.85303
  20
-815.48438
  42
0.18354852
  0
VERTEX
  5
184a
  8
Layer_0
  10
-821.68213
  20
-812.04834
  42
0.20820762
  0
VERTEX
  5
184b
  8
Layer_0
  10
-825.2627
  20
-811.05225
  42
0.065179581
  0
VERTEX
  5
184c
  8
Layer_0
  10
-827.47754
  20
-811.62012
  42
-0.015611388
  0
VERTEX
  5
184d
  8
Layer_0
  10
-827.7124
  20
-805.39502
  42
-0.0017906752
  0
VERTEX
  5
184e
  8
Layer_0
  10
-827.75586
  20
-801.92188
  0
VERTEX
  5
184f
  8
Layer_0
  10
-825.45508
  20
-800.1792
  0
VERTEX
  5
1850
  8
Layer_0
  10
-825.78662
  20
-799.62549
  42
-0.037424143
  0
VERTEX
  5
1851
  8
Layer_0
  10
-827.69141
  20
-795.89502
  42
-0.092648468
  0
VERTEX
  5
1852
  8
Layer_0
  10
-828.2334
  20
-793.43555
  0
VERTEX
  5
1853
  8
Layer_0
  10
-828.5332
  20
-793.23389
  42
0.081224413
  0
VERTEX
  5
1854
  8
Layer_0
  10
-830.68018
  20
-795.36523
  42
0.13942187
  0
VERTEX
  5
1855
  8
Layer_0
  10
-831.19531
  20
-797.47705
  42
0.030872189
  0
VERTEX
  5
1856
  8
Layer_0
  10
-830.97266
  20
-799.78223
  0
VERTEX
  5
1857
  8
Layer_0
  10
-830.91846
  20
-800.27197
  42
-0.0097532145
  0
VERTEX
  5
1858
  8
Layer_0
  10
-830.8418
  20
-801.21484
  0
VERTEX
  5
1859
  8
Layer_0
  10
-830.7085
  20
-804.20361
  42
0.0030920223
  0
VERTEX
  5
185a
  8
Layer_0
  10
-830.26025
  20
-813.16113
  0
VERTEX
  5
185b
  8
Layer_0
  10
-830.81494
  20
-813.4209
  42
-0.078374209
  0
VERTEX
  5
185c
  8
Layer_0
  10
-834.104
  20
-814.12012
  42
-0.021961575
  0
VERTEX
  5
185d
  8
Layer_0
  10
-836.81006
  20
-814.16162
  0
SEQEND
  0
POLYLINE
  5
185f
  8
Layer_0
  62
0
  66
1
  10
0
  20
0
  30
0
  0
VERTEX
  5
185f
  8
Layer_0
  10
-1026.9966
  20
-813.70508
  42
0.098299726
  0
VERTEX
  5
1860
  8
Layer_0
  10
-1026.2637
  20
-810.25439
  42
0.39743817
  0
VERTEX
  5
1861
  8
Layer_0
  10
-1031.4854
  20
-804.61426
  42
0.13824644
  0
VERTEX
  5
1862
  8
Layer_0
  10
-1035.2119
  20
-805.5127
  42
0.065703322
  0
VERTEX
  5
1863
  8
Layer_0
  10
-1037.8921
  20
-807.48584
  42
0.052833216
  0
VERTEX
  5
1864
  8
Layer_0
  10
-1041.9082
  20
-812.20508
  0
VERTEX
  5
1865
  8
Layer_0
  10
-1042.5762
  20
-813.18604
  42
-0.27665506
  0
VERTEX
  5
1866
  8
Layer_0
  10
-1043.9331
  20
-810.91846
  42
-0.066586221
  0
VERTEX
  5
1867
  8
Layer_0
  10
-1043.5864
  20
-808.38525
  0
VERTEX
  5
1868
  8
Layer_0
  10
-1043.7637
  20
-808.25879
  42
0.014904606
  0
VERTEX
  5
1869
  8
Layer_0
  10
-1045.6577
  20
-809.64795
  0
VERTEX
  5
186a
  8
Layer_0
  10
-1046.2354
  20
-811.29395
  42
-0.082137561
  0
VERTEX
  5
186b
  8
Layer_0
  10
-1047.0054
  20
-812.83887
  42
-0.16207401
  0
VERTEX
  5
186c
  8
Layer_0
  10
-1048.8765
  20
-813.9585
  42
-0.065086824
  0
VERTEX
  5
186d
  8
Layer_0
  10
-1051.1558
  20
-814.17139
  42
-0.043026259
  0
VERTEX
  5
186e
  8
Layer_0
  10
-1054.2397
  20
-813.99023
  42
-0.018583729
  0
VERTEX
  5
186f
  8
Layer_0
  10
-1055.1191
  20
-813.81787
  42
0.053566194
  0
VERTEX
  5
1870
  8
Layer_0
  10
-1054.1563
  20
-811.23438
  42
0.11892802
  0
VERTEX
  5
1871
  8
Layer_0
  10
-1054.186
  20
-806.00732
  42
0.11410608
  0
VERTEX
  5
1872
  8
Layer_0
  10
-1055.8672
  20
-802.85596
  42
0.12438296
  0
VERTEX
  5
1873
  8
Layer_0
  10
-1057.1001
  20
-802.01416
  42
0.15929897
  0
VERTEX
  5
1874
  8
Layer_0
  10
-1059.0322
  20
-802.11914
  42
0.079098616
  0
VERTEX
  5
1875
  8
Layer_0
  10
-1060.71
  20
-803.07959
  42
0.11555538
  0
VERTEX
  5
1876
  8
Layer_0
  10
-1063.7852
  20
-806.8252
  42
0.12255551
  0
VERTEX
  5
1877
  8
Layer_0
  10
-1064.5806
  20
-811.04053
  42
0.057259684
  0
VERTEX
  5
1878
  8
Layer_0
  10
-1064.1353
  20
-814.17139
  42
-0.071960046
  0
VERTEX
  5
1879
  8
Layer_0
  10
-1074.2134
  20
-814.97217
  42
-0.076762257
  0
VERTEX
  5
187a
  8
Layer_0
  10
-1078.9414
  20
-813.96143
  42
-0.12176404
  0
VERTEX
  5
187b
  8
Layer_0
  10
-1081.9927
  20
-811.84814
  42
-0.1803512
  0
VERTEX
  5
187c
  8
Layer_0
  10
-1083.333
  20
-808.03418
  42
-0.098829387
  0
VERTEX
  5
187d
  8
Layer_0
  10
-1082.6763
  20
-805.00342
  0
VERTEX
  5
187e
  8
Layer_0
  10
-1084.2915
  20
-804.37207
  42
0.073946416
  0
VERTEX
  5
187f
  8
Layer_0
  10
-1085.728
  20
-809.42627
  42
0.082184177
  0
VERTEX
  5
1880
  8
Layer_0
  10
-1085.6226
  20
-813.16113
  42
0.20141388
  0
VERTEX
  5
1881
  8
Layer_0
  10
-1082.2397
  20
-818.18066
  42
0.093845697
  0
VERTEX
  5
1882
  8
Layer_0
  10
-1078.1821
  20
-819.84717
  42
0.06733256
  0
VERTEX
  5
1883
  8
Layer_0
  10
-1071.749
  20
-820.28516
  42
0.056558295
  0
VERTEX
  5
1884
  8
Layer_0
  10
-1062.0537
  20
-818.58154
  42
0.012543312
  0
VERTEX
  5
1885
  8
Layer_0
  10
-1059.3374
  20
-817.73096
  42
0.097680435
  0
VERTEX
  5
1886
  8
Layer_0
  10
-1052.752
  20
-819.19287
  42
0.017486014
  0
VERTEX
  5
1887
  8
Layer_0
  10
-1051.1558
  20
-819.21533
  42
0.12927467
  0
VERTEX
  5
1888
  8
Layer_0
  10
-1047.833
  20
-818.55078
  42
0.10577907
  0
VERTEX
  5
1889
  8
Layer_0
  10
-1045.582
  20
-816.67041
  0
VERTEX
  5
188a
  8
Layer_0
  10
-1045.4556
  20
-816.67041
  0
VERTEX
  5
188b
  8
Layer_0
  10
-1045.2256
  20
-817.01172
  42
0.15452722
  0
VERTEX
  5
188c
  8
Layer_0
  10
-1042.9111
  20
-818.66455
  42
0.084819949
  0
VERTEX
  5
188d
  8
Layer_0
  10
-1038.9648
  20
-819.21973
  42
0.055473385
  0
VERTEX
  5
188e
  8
Layer_0
  10
-1032.9282
  20
-818.51318
  42
0.048197829
  0
VERTEX
  5
188f
  8
Layer_0
  10
-1023.457
  20
-819.20801
  42
0.202583
  0
VERTEX
  5
1890
  8
Layer_0
  10
-1019.1128
  20
-817.10205
  42
0.024170097
  0
VERTEX
  5
1891
  8
Layer_0
  10
-1018.585
  20
-816.46875
  0
VERTEX
  5
1892
  8
Layer_0
  10
-1018.5093
  20
-816.46875
  0
VERTEX
  5
1893
  8
Layer_0
  10
-1018.2456
  20
-816.87061
  42
0.19519929
  0
VERTEX
  5
1894
  8
Layer_0
  10
-1015.2095
  20
-818.94678
  42
0.072009363
  0
VERTEX
  5
1895
  8
Layer_0
  10
-1012.3193
  20
-819.21973
  42
0.13411362
  0
VERTEX
  5
1896
  8
Layer_0
  10
-1009.0146
  20
-818.51611
  42
0.10918704
  0
VERTEX
  5
1897
  8
Layer_0
  10
-1006.688
  20
-816.46875
  0
VERTEX
  5
1898
  8
Layer_0
  10
-1006.6123
  20
-816.46875
  0
VERTEX
  5
1899
  8
Layer_0
  10
-1006.3486
  20
-816.87061
  42
0.19519409
  0
VERTEX
  5
189a
  8
Layer_0
  10
-1003.3125
  20
-818.94678
  42
0.072072165
  0
VERTEX
  5
189b
  8
Layer_0
  10
-1000.4321
  20
-819.21973
  42
0.093646868
  0
VERTEX
  5
189c
  8
Layer_0
  10
-996.97803
  20
-818.71191
  42
0.085895296
  0
VERTEX
  5
189d
  8
Layer_0
  10
-994.59717
  20
-817.35205
  0
VERTEX
  5
189e
  8
Layer_0
  10
-994.521
  20
-817.35205
  0
VERTEX
  5
189f
  8
Layer_0
  10
-994.35303
  20
-818.0083
  42
0.086502325
  0
VERTEX
  5
18a0
  8
Layer_0
  10
-993.14941
  20
-820.65674
  42
0.16245182
  0
VERTEX
  5
18a1
  8
Layer_0
  10
-990.60645
  20
-822.58936
  42
0.2247756
  0
VERTEX
  5
18a2
  8
Layer_0
  10
-986.67822
  20
-821.96582
  42
0.16629685
  0
VERTEX
  5
18a3
  8
Layer_0
  10
-984.51855
  20
-818.68213
  42
0.11740738
  0
VERTEX
  5
18a4
  8
Layer_0
  10
-984.34131
  20
-815.48438
  42
0.18354619
  0
VERTEX
  5
18a5
  8
Layer_0
  10
-986.17041
  20
-812.04834
  42
0.20820031
  0
VERTEX
  5
18a6
  8
Layer_0
  10
-989.75098
  20
-811.05225
  42
0.065183998
  0
VERTEX
  5
18a7
  8
Layer_0
  10
-991.96582
  20
-811.62012
  42
-0.015611945
  0
VERTEX
  5
18a8
  8
Layer_0
  10
-992.20068
  20
-805.39502
  42
-0.0018173346
  0
VERTEX
  5
18a9
  8
Layer_0
  10
-992.24414
  20
-801.92188
  0
VERTEX
  5
18aa
  8
Layer_0
  10
-989.94336
  20
-800.1792
  0
VERTEX
  5
18ab
  8
Layer_0
  10
-990.2749
  20
-799.62549
  42
-0.037423579
  0
VERTEX
  5
18ac
  8
Layer_0
  10
-992.17969
  20
-795.89502
  42
-0.092649194
  0
VERTEX
  5
18ad
  8
Layer_0
  10
-992.72168
  20
-793.43555
  0
VERTEX
  5
18ae
  8
Layer_0
  10
-993.02148
  20
-793.23389
  42
0.081226079
  0
VERTEX
  5
18af
  8
Layer_0
  10
-995.16846
  20
-795.36523
  42
0.13942455
  0
VERTEX
  5
18b0
  8
Layer_0
  10
-995.68359
  20
-797.47705
  42
0.030872679
  0
VERTEX
  5
18b1
  8
Layer_0
  10
-995.46094
  20
-799.78223
  0
VERTEX
  5
18b2
  8
Layer_0
  10
-995.40674
  20
-800.27197
  42
-0.0097583239
  0
VERTEX
  5
18b3
  8
Layer_0
  10
-995.33008
  20
-801.21484
  0
VERTEX
  5
18b4
  8
Layer_0
  10
-995.19678
  20
-804.20361
  42
0.0030194967
  0
VERTEX
  5
18b5
  8
Layer_0
  10
-994.74902
  20
-813.16113
  0
VERTEX
  5
18b6
  8
Layer_0
  10
-995.30322
  20
-813.4209
  42
-0.078365104
  0
VERTEX
  5
18b7
  8
Layer_0
  10
-998.59229
  20
-814.12012
  42
-0.016255577
  0
VERTEX
  5
18b8
  8
Layer_0
  10
-1000.502
  20
-814.17139
  42
-0.15132591
  0
VERTEX
  5
18b9
  8
Layer_0
  10
-1003.5063
  20
-813.43896
  42
-0.14187243
  0
VERTEX
  5
18ba
  8
Layer_0
  10
-1004.4849
  20
-812.3374
  42
-0.15347092
  0
VERTEX
  5
18bb
  8
Layer_0
  10
-1004.6177
  20
-809.88428
  42
-0.016421708
  0
VERTEX
  5
18bc
  8
Layer_0
  10
-1004.2642
  20
-808.51416
  0
VERTEX
  5
18bd
  8
Layer_0
  10
-1004.4409
  20
-808.3623
  42
0.021109504
  0
VERTEX
  5
18be
  8
Layer_0
  10
-1006.4609
  20
-809.67578
  42
0.010872546
  0
VERTEX
  5
18bf
  8
Layer_0
  10
-1007.1836
  20
-811.60791
  0
VERTEX
  5
18c0
  8
Layer_0
  10
-1007.2832
  20
-811.8584
  42
-0.18865265
  0
VERTEX
  5
18c1
  8
Layer_0
  10
-1009.1816
  20
-813.66016
  42
-0.1087146
  0
VERTEX
  5
18c2
  8
Layer_0
  10
-1011.9658
  20
-814.17139
  0
VERTEX
  5
18c3
  8
Layer_0
  10
-1012.3193
  20
-814.17139
  0
VERTEX
  5
18c4
  8
Layer_0
  10
-1012.3989
  20
-814.17969
  0
VERTEX
  5
18c5
  8
Layer_0
  10
-1012.3989
  20
-814.17139
  0
VERTEX
  5
18c6
  8
Layer_0
  10
-1012.7017
  20
-814.17139
  42
-0.14081261
  0
VERTEX
  5
18c7
  8
Layer_0
  10
-1015.4033
  20
-813.43896
  42
-0.14186726
  0
VERTEX
  5
18c8
  8
Layer_0
  10
-1016.3818
  20
-812.3374
  42
-0.1534615
  0
VERTEX
  5
18c9
  8
Layer_0
  10
-1016.5146
  20
-809.88428
  42
-0.016427647
  0
VERTEX
  5
18ca
  8
Layer_0
  10
-1016.1611
  20
-808.51416
  0
VERTEX
  5
18cb
  8
Layer_0
  10
-1016.3379
  20
-808.3623
  42
0.02110595
  0
VERTEX
  5
18cc
  8
Layer_0
  10
-1018.3579
  20
-809.67578
  42
0.010873043
  0
VERTEX
  5
18cd
  8
Layer_0
  10
-1019.0806
  20
-811.60791
  0
VERTEX
  5
18ce
  8
Layer_0
  10
-1019.1802
  20
-811.8584
  42
-0.18863842
  0
VERTEX
  5
18cf
  8
Layer_0
  10
-1021.0786
  20
-813.66016
  42
-0.10875774
  0
VERTEX
  5
18d0
  8
Layer_0
  10
-1023.8628
  20
-814.17139
  0
VERTEX
  5
18d1
  8
Layer_0
  10
-1027.1973
  20
-814.17139
  0
VERTEX
  5
18d2
  8
Layer_0
  10
-1026.9966
  20
-813.70508
  0
SEQEND
  0
POLYLINE
  5
18d4
  8
Layer_0
  62
0
  66
1
  10
0
  20
0
  30
0
  0
VERTEX
  5
18d4
  8
Layer_0
  10
-1058.1436
  20
-799.45068
  0
VERTEX
  5
18d5
  8
Layer_0
  10
-1057.8027
  20
-799.104
  42
0.083132937
  0
VERTEX
  5
18d6
  8
Layer_0
  10
-1056.1787
  20
-796.59277
  42
0.044724056
  0
VERTEX
  5
18d7
  8
Layer_0
  10
-1059.8682
  20
-793.5874
  0
VERTEX
  5
18d8
  8
Layer_0
  10
-1062.2432
  20
-796.92139
  0
VERTEX
  5
18d9
  8
Layer_0
  10
-1061.2217
  20
-797.64404
  42
-0.020265415
  0
VERTEX
  5
18da
  8
Layer_0
  10
-1058.5034
  20
-799.77539
  0
VERTEX
  5
18db
  8
Layer_0
  10
-1058.1436
  20
-799.45068
  0
SEQEND
  0
POLYLINE
  5
18dd
  8
Layer_0
  62
0
  66
1
  10
0
  20
0
  30
0
  0
VERTEX
  5
18dd
  8
Layer_0
  10
-916.46826
  20
-799.03174
  42
0.07048418
  0
VERTEX
  5
18de
  8
Layer_0
  10
-914.35498
  20
-796.74463
  42
0.05264003
  0
VERTEX
  5
18df
  8
Layer_0
  10
-917.23535
  20
-793.61279
  0
VERTEX
  5
18e0
  8
Layer_0
  10
-919.78711
  20
-796.31494
  0
VERTEX
  5
18e1
  8
Layer_0
  10
-919.03369
  20
-797.05469
  42
-0.011059118
  0
VERTEX
  5
18e2
  8
Layer_0
  10
-916.83105
  20
-799.3208
  0
VERTEX
  5
18e3
  8
Layer_0
  10
-916.46826
  20
-799.03174
  0
SEQEND
  0
POLYLINE
  5
18e5
  8
Layer_0
  62
0
  66
1
  10
0
  20
0
  30
0
  0
VERTEX
  5
18e5
  8
Layer_0
  10
-691.05664
  20
-819.17383
  42
0.04339446
  0
VERTEX
  5
18e6
  8
Layer_0
  10
-689.49707
  20
-816.7876
  42
0.073361313
  0
VERTEX
  5
18e7
  8
Layer_0
  10
-689.04785
  20
-814.85791
  42
0.027951255
  0
VERTEX
  5
18e8
  8
Layer_0
  10
-688.81494
  20
-809.49609
  42
0.019453697
  0
VERTEX
  5
18e9
  8
Layer_0
  10
-689.22754
  20
-796.06738
  0
VERTEX
  5
18ea
  8
Layer_0
  10
-689.39502
  20
-794.03857
  0
VERTEX
  5
18eb
  8
Layer_0
  10
-689.82422
  20
-793.81152
  42
0.025747548
  0
VERTEX
  5
18ec
  8
Layer_0
  10
-692.75195
  20
-797.01904
  0
VERTEX
  5
18ed
  8
Layer_0
  10
-692.5415
  20
-799.08789
  42
-0.028653209
  0
VERTEX
  5
18ee
  8
Layer_0
  10
-691.93115
  20
-815.95752
  42
-0.027183224
  0
VERTEX
  5
18ef
  8
Layer_0
  10
-692.22119
  20
-819.52295
  0
VERTEX
  5
18f0
  8
Layer_0
  10
-691.66602
  20
-819.92676
  0
VERTEX
  5
18f1
  8
Layer_0
  10
-691.05664
  20
-819.17383
  0
SEQEND
  0
POLYLINE
  5
18f3
  8
Layer_0
  62
0
  66
1
  10
0
  20
0
  30
0
  0
VERTEX
  5
18f3
  8
Layer_0
  10
-978.65234
  20
-819.17383
  0
VERTEX
  5
18f4
  8
Layer_0
  10
-978.10449
  20
-818.43066
  42
0.031641423
  0
VERTEX
  5
18f5
  8
Layer_0
  10
-977.09326
  20
-816.7876
  42
0.073843202
  0
VERTEX
  5
18f6
  8
Layer_0
  10
-976.64404
  20
-814.85791
  42
0.027893853
  0
VERTEX
  5
18f7
  8
Layer_0
  10
-976.41064
  20
-809.49609
  42
0.019440138
  0
VERTEX
  5
18f8
  8
Layer_0
  10
-976.82324
  20
-796.06738
  0
VERTEX
  5
18f9
  8
Layer_0
  10
-976.99121
  20
-794.03857
  0
VERTEX
  5
18fa
  8
Layer_0
  10
-977.41992
  20
-793.81152
  42
0.025927604
  0
VERTEX
  5
18fb
  8
Layer_0
  10
-980.34766
  20
-797.01904
  0
VERTEX
  5
18fc
  8
Layer_0
  10
-980.13721
  20
-799.08789
  42
-0.028590716
  0
VERTEX
  5
18fd
  8
Layer_0
  10
-979.52686
  20
-815.95752
  42
-0.02705247
  0
VERTEX
  5
18fe
  8
Layer_0
  10
-979.81738
  20
-819.52295
  0
VERTEX
  5
18ff
  8
Layer_0
  10
-979.26172
  20
-819.92676
  0
VERTEX
  5
1900
  8
Layer_0
  10
-978.65234
  20
-819.17383
  0
SEQEND
  0
POLYLINE
  5
1902
  8
Layer_0
  62
0
  66
1
  10
0
  20
0
  30
0
  0
VERTEX
  5
1902
  8
Layer_0
  10
-814.16406
  20
-819.17383
  42
0.043311303
  0
VERTEX
  5
1903
  8
Layer_0
  10
-812.60498
  20
-816.7876
  42
0.073598738
  0
VERTEX
  5
1904
  8
Layer_0
  10
-812.15527
  20
-814.85791
  42
0.027784751
  0
VERTEX
  5
1905
  8
Layer_0
  10
-811.92236
  20
-809.49609
  42
0.019440161
  0
VERTEX
  5
1906
  8
Layer_0
  10
-812.33496
  20
-796.06738
  0
VERTEX
  5
1907
  8
Layer_0
  10
-812.50293
  20
-794.03857
  0
VERTEX
  5
1908
  8
Layer_0
  10
-812.93164
  20
-793.81152
  42
0.025928869
  0
VERTEX
  5
1909
  8
Layer_0
  10
-815.85938
  20
-797.01904
  0
VERTEX
  5
190a
  8
Layer_0
  10
-815.64893
  20
-799.08789
  42
-0.028589357
  0
VERTEX
  5
190b
  8
Layer_0
  10
-815.03857
  20
-815.95752
  42
-0.027051492
  0
VERTEX
  5
190c
  8
Layer_0
  10
-815.3291
  20
-819.52295
  0
VERTEX
  5
190d
  8
Layer_0
  10
-814.77344
  20
-819.92676
  0
VERTEX
  5
190e
  8
Layer_0
  10
-814.16406
  20
-819.17383
  0
SEQEND
  0
POLYLINE
  5
1910
  8
Layer_0
  62
0
  66
1
  10
0
  20
0
  30
0
  0
VERTEX
  5
1910
  8
Layer_0
  10
-921.7998
  20
-799.25928
  42
0.070453621
  0
VERTEX
  5
1911
  8
Layer_0
  10
-919.68604
  20
-796.97168
  42
0.052560998
  0
VERTEX
  5
1912
  8
Layer_0
  10
-922.56641
  20
-793.83984
  0
VERTEX
  5
1913
  8
Layer_0
  10
-925.11426
  20
-796.54248
  0
VERTEX
  5
1914
  8
Layer_0
  10
-924.3623
  20
-797.28174
  42
-0.010870168
  0
VERTEX
  5
1915
  8
Layer_0
  10
-922.16211
  20
-799.54785
  0
VERTEX
  5
1916
  8
Layer_0
  10
-921.7998
  20
-799.25928
  0
SEQEND
  0
POLYLINE
  5
1918
  8
Layer_0
  62
0
  66
1
  10
0
  20
0
  30
0
  0
VERTEX
  5
1918
  8
Layer_0
  10
-1107.4814
  20
-819.63721
  42
0.025379812
  0
VERTEX
  5
1919
  8
Layer_0
  10
-1106.5332
  20
-819.5415
  42
0.11448923
  0
VERTEX
  5
191a
  8
Layer_0
  10
-1102.3628
  20
-817.91748
  42
0.10294002
  0
VERTEX
  5
191b
  8
Layer_0
  10
-1100.312
  20
-815.7417
  42
0.18817253
  0
VERTEX
  5
191c
  8
Layer_0
  10
-1099.7056
  20
-811.18408
  42
0.14393985
  0
VERTEX
  5
191d
  8
Layer_0
  10
-1101.5063
  20
-808.31738
  42
0.063969842
  0
VERTEX
  5
191e
  8
Layer_0
  10
-1104.5171
  20
-806.31689
  0
VERTEX
  5
191f
  8
Layer_0
  10
-1104.2568
  20
-806.14746
  42
0.03692719
  0
VERTEX
  5
1920
  8
Layer_0
  10
-1101.7915
  20
-804.29541
  42
0.25864166
  0
VERTEX
  5
1921
  8
Layer_0
  10
-1100.5947
  20
-800.94971
  42
0.22567786
  0
VERTEX
  5
1922
  8
Layer_0
  10
-1102.9375
  20
-797.10498
  42
0.11243611
  0
VERTEX
  5
1923
  8
Layer_0
  10
-1105.9443
  20
-795.97852
  42
0.13507613
  0
VERTEX
  5
1924
  8
Layer_0
  10
-1111.0068
  20
-796.53613
  42
0.16484028
  0
VERTEX
  5
1925
  8
Layer_0
  10
-1114.3633
  20
-799.40625
  42
0.30876753
  0
VERTEX
  5
1926
  8
Layer_0
  10
-1113.8945
  20
-805.74805
  42
0.10383883
  0
VERTEX
  5
1927
  8
Layer_0
  10
-1111.0361
  20
-808.00879
  0
VERTEX
  5
1928
  8
Layer_0
  10
-1111.4932
  20
-808.2583
  42
0.043770681
  0
VERTEX
  5
1929
  8
Layer_0
  10
-1114.4946
  20
-810.20605
  42
0.10817208
  0
VERTEX
  5
192a
  8
Layer_0
  10
-1115.7568
  20
-811.82471
  42
0.13766406
  0
VERTEX
  5
192b
  8
Layer_0
  10
-1115.9712
  20
-814.45801
  42
0.22198269
  0
VERTEX
  5
192c
  8
Layer_0
  10
-1113.3213
  20
-818.3291
  42
0.10753734
  0
VERTEX
  5
192d
  8
Layer_0
  10
-1109.7451
  20
-819.52686
  42
0.042274111
  0
VERTEX
  5
192e
  8
Layer_0
  10
-1107.4814
  20
-819.63721
  0
SEQEND
  0
POLYLINE
  5
1930
  8
Layer_0
  62
0
  66
1
  10
0
  20
0
  30
0
  0
VERTEX
  5
1930
  8
Layer_0
  10
-778.46436
  20
-802.5083
  42
0.022464843
  0
VERTEX
  5
1931
  8
Layer_0
  10
-776.63184
  20
-800.12891
  42
0.021670718
  0
VERTEX
  5
1932
  8
Layer_0
  10
-780.19287
  20
-796.87061
  0
VERTEX
  5
1933
  8
Layer_0
  10
-782.79443
  20
-800.02783
  0
VERTEX
  5
1934
  8
Layer_0
  10
-781.88135
  20
-800.78564
  42
-0.018163779
  0
VERTEX
  5
1935
  8
Layer_0
  10
-779.13232
  20
-803.28613
  0
VERTEX
  5
1936
  8
Layer_0
  10
-778.46436
  20
-802.5083
  0
SEQEND
  0
POLYLINE
  5
1938
  8
Layer_0
  62
0
  66
1
  10
0
  20
0
  30
0
  0
VERTEX
  5
1938
  8
Layer_0
  10
-784.57666
  20
-802.83691
  42
0.022709608
  0
VERTEX
  5
1939
  8
Layer_0
  10
-782.74365
  20
-800.45703
  42
0.021675747
  0
VERTEX
  5
193a
  8
Layer_0
  10
-786.30518
  20
-797.19922
  0
VERTEX
  5
193b
  8
Layer_0
  10
-788.90674
  20
-800.35596
  0
VERTEX
  5
193c
  8
Layer_0
  10
-787.99316
  20
-801.11377
  42
-0.017961599
  0
VERTEX
  5
193d
  8
Layer_0
  10
-785.24414
  20
-803.61426
  0
VERTEX
  5
193e
  8
Layer_0
  10
-784.57666
  20
-802.83691
  0
SEQEND
  0
POLYLINE
  5
1940
  8
Layer_0
  62
0
  66
1
  10
0
  20
0
  30
0
  0
VERTEX
  5
1940
  8
Layer_0
  10
-1106.4961
  20
-805.37158
  42
-0.069770706
  0
VERTEX
  5
1941
  8
Layer_0
  10
-1109.4731
  20
-803.55029
  42
-0.19700385
  0
VERTEX
  5
1942
  8
Layer_0
  10
-1110.7817
  20
-801.03223
  42
-0.23854345
  0
VERTEX
  5
1943
  8
Layer_0
  10
-1109.6675
  20
-797.94238
  42
-0.28506252
  0
VERTEX
  5
1944
  8
Layer_0
  10
-1106.8105
  20
-797.56299
  42
-0.19578216
  0
VERTEX
  5
1945
  8
Layer_0
  10
-1104.9912
  20
-799.4248
  42
-0.12081318
  0
VERTEX
  5
1946
  8
Layer_0
  10
-1104.6064
  20
-802.5
  42
-0.16184419
  0
VERTEX
  5
1947
  8
Layer_0
  10
-1105.7114
  20
-805.36719
  42
-0.038521252
  0
VERTEX
  5
1948
  8
Layer_0
  10
-1105.9575
  20
-805.60938
  0
VERTEX
  5
1949
  8
Layer_0
  10
-1106.4961
  20
-805.37158
  0
SEQEND
  0
POLYLINE
  5
194b
  8
Layer_0
  62
0
  66
1
  10
0
  20
0
  30
0
  0
VERTEX
  5
194b
  8
Layer_0
  10
-890.35596
  20
-819.2085
  42
0.068652212
  0
VERTEX
  5
194c
  8
Layer_0
  10
-886.21045
  20
-818.73975
  42
0.020821206
  0
VERTEX
  5
194d
  8
Layer_0
  10
-882.56445
  20
-817.67383
  0
VERTEX
  5
194e
  8
Layer_0
  10
-881.87207
  20
-817.47021
  42
-0.0080322986
  0
VERTEX
  5
194f
  8
Layer_0
  10
-878.87695
  20
-816.68604
  0
VERTEX
  5
1950
  8
Layer_0
  10
-877.36621
  20
-816.27051
  42
0.03827428
  0
VERTEX
  5
1951
  8
Layer_0
  10
-874.64014
  20
-815.28223
  42
0.02090451
  0
VERTEX
  5
1952
  8
Layer_0
  10
-872.61963
  20
-810.73535
  0
VERTEX
  5
1953
  8
Layer_0
  10
-872.97314
  20
-810.35645
  0
VERTEX
  5
1954
  8
Layer_0
  10
-873.6333
  20
-810.58936
  42
-0.033015357
  0
VERTEX
  5
1955
  8
Layer_0
  10
-878.69385
  20
-812.0708
  42
-0.075718309
  0
VERTEX
  5
1956
  8
Layer_0
  10
-880.46777
  20
-812.23047
  42
-0.11369735
  0
VERTEX
  5
1957
  8
Layer_0
  10
-882.39063
  20
-811.44092
  42
-0.14152884
  0
VERTEX
  5
1958
  8
Layer_0
  10
-884.86182
  20
-808.58643
  42
-0.085241816
  0
VERTEX
  5
1959
  8
Layer_0
  10
-884.99561
  20
-808.03174
  42
-0.19635884
  0
VERTEX
  5
195a
  8
Layer_0
  10
-884.62793
  20
-807.6123
  42
-0.11093413
  0
VERTEX
  5
195b
  8
Layer_0
  10
-881.6167
  20
-806.55957
  42
-0.049327815
  0
VERTEX
  5
195c
  8
Layer_0
  10
-879.6709
  20
-806.46094
  42
-0.12306438
  0
VERTEX
  5
195d
  8
Layer_0
  10
-876.80713
  20
-807.55273
  0
VERTEX
  5
195e
  8
Layer_0
  10
-876.30713
  20
-807.90527
  0
VERTEX
  5
195f
  8
Layer_0
  10
-875.49854
  20
-806.99561
  42
0.088817135
  0
VERTEX
  5
1960
  8
Layer_0
  10
-877.65967
  20
-803.95508
  42
0.29613572
  0
VERTEX
  5
1961
  8
Layer_0
  10
-883.3418
  20
-802.8291
  42
0.1252219
  0
VERTEX
  5
1962
  8
Layer_0
  10
-886.22705
  20
-805.04346
  42
0.10857666
  0
VERTEX
  5
1963
  8
Layer_0
  10
-888.00879
  20
-808.51367
  42
0.20139455
  0
VERTEX
  5
1964
  8
Layer_0
  10
-887.50781
  20
-812.53857
  42
0.072815042
  0
VERTEX
  5
1965
  8
Layer_0
  10
-886.4082
  20
-813.86816
  0
VERTEX
  5
1966
  8
Layer_0
  10
-886.4082
  20
-813.94434
  42
-0.043530349
  0
VERTEX
  5
1967
  8
Layer_0
  10
-888.97119
  20
-814.16455
  42
-0.0037163222
  0
VERTEX
  5
1968
  8
Layer_0
  10
-890.24561
  20
-814.17139
  0
VERTEX
  5
1969
  8
Layer_0
  10
-890.35596
  20
-814.18262
  0
VERTEX
  5
196a
  8
Layer_0
  10
-890.35596
  20
-814.17139
  0
VERTEX
  5
196b
  8
Layer_0
  10
-890.70947
  20
-814.17139
  42
-0.27183301
  0
VERTEX
  5
196c
  8
Layer_0
  10
-893.6626
  20
-812.57227
  42
-0.096534417
  0
VERTEX
  5
196d
  8
Layer_0
  10
-894.57373
  20
-809.979
  0
VERTEX
  5
196e
  8
Layer_0
  10
-894.73584
  20
-809.08594
  42
0.022
  0
VERTEX
  5
196f
  8
Layer_0
  10
-896.74609
  20
-799.85107
  0
VERTEX
  5
1970
  8
Layer_0
  10
-897.17529
  20
-799.72461
  42
0.035107251
  0
VERTEX
  5
1971
  8
Layer_0
  10
-899.49902
  20
-803.18506
  0
VERTEX
  5
1972
  8
Layer_0
  10
-899.18994
  20
-804.0752
  42
-0.035450726
  0
VERTEX
  5
1973
  8
Layer_0
  10
-897.43945
  20
-810.6543
  42
-0.038144803
  0
VERTEX
  5
1974
  8
Layer_0
  10
-897.32666
  20
-811.62061
  42
-0.21427829
  0
VERTEX
  5
1975
  8
Layer_0
  10
-897.77197
  20
-812.59619
  42
-0.086253375
  0
VERTEX
  5
1976
  8
Layer_0
  10
-898.91797
  20
-813.2876
  42
-0.10435631
  0
VERTEX
  5
1977
  8
Layer_0
  10
-902.63086
  20
-814.17139
  42
-0.13931262
  0
VERTEX
  5
1978
  8
Layer_0
  10
-904.55273
  20
-813.70215
  42
-0.18921376
  0
VERTEX
  5
1979
  8
Layer_0
  10
-905.6875
  20
-812.06152
  42
-0.053230605
  0
VERTEX
  5
197a
  8
Layer_0
  10
-905.83838
  20
-811.03955
  0
VERTEX
  5
197b
  8
Layer_0
  10
-907.47705
  20
-811.19141
  42
0.038314601
  0
VERTEX
  5
197c
  8
Layer_0
  10
-907.43848
  20
-814.82324
  42
0.10174762
  0
VERTEX
  5
197d
  8
Layer_0
  10
-906.7002
  20
-817.32324
  42
0.22452669
  0
VERTEX
  5
197e
  8
Layer_0
  10
-904.01904
  20
-819.15088
  42
0.17715992
  0
VERTEX
  5
197f
  8
Layer_0
  10
-898.19287
  20
-817.83887
  42
0.038658482
  0
VERTEX
  5
1980
  8
Layer_0
  10
-897.42627
  20
-817.25342
  42
0.10256126
  0
VERTEX
  5
1981
  8
Layer_0
  10
-896.53955
  20
-815.84473
  42
0.02449212
  0
VERTEX
  5
1982
  8
Layer_0
  10
-896.24072
  20
-814.97949
  0
VERTEX
  5
1983
  8
Layer_0
  10
-896.16504
  20
-814.97949
  0
VERTEX
  5
1984
  8
Layer_0
  10
-895.97559
  20
-815.55322
  42
0.10336228
  0
VERTEX
  5
1985
  8
Layer_0
  10
-894.70361
  20
-817.74805
  42
0.17383805
  0
VERTEX
  5
1986
  8
Layer_0
  10
-891.64063
  20
-819.17725
  42
0.041931137
  0
VERTEX
  5
1987
  8
Layer_0
  10
-890.35596
  20
-819.2085
  0
SEQEND
  0
POLYLINE
  5
1989
  8
Layer_0
  62
0
  66
1
  10
0
  20
0
  30
0
  0
VERTEX
  5
1989
  8
Layer_0
  10
-1005.7319
  20
-805.76758
  0
VERTEX
  5
198a
  8
Layer_0
  10
-1005.4004
  20
-805.42627
  42
0.08100885
  0
VERTEX
  5
198b
  8
Layer_0
  10
-1003.8096
  20
-802.98291
  42
0.044485631
  0
VERTEX
  5
198c
  8
Layer_0
  10
-1007.4204
  20
-800.02783
  0
VERTEX
  5
198d
  8
Layer_0
  10
-1009.7437
  20
-803.28613
  0
VERTEX
  5
198e
  8
Layer_0
  10
-1008.7417
  20
-804.00098
  42
-0.023740354
  0
VERTEX
  5
198f
  8
Layer_0
  10
-1006.082
  20
-806.08936
  0
VERTEX
  5
1990
  8
Layer_0
  10
-1005.7319
  20
-805.76758
  0
SEQEND
  0
POLYLINE
  5
1992
  8
Layer_0
  62
0
  66
1
  10
0
  20
0
  30
0
  0
VERTEX
  5
1992
  8
Layer_0
  10
-951.58887
  20
-828.18164
  42
0.10563276
  0
VERTEX
  5
1993
  8
Layer_0
  10
-945.42041
  20
-826.40137
  42
0.0866838
  0
VERTEX
  5
1994
  8
Layer_0
  10
-940.91602
  20
-822.96094
  42
0.1364446
  0
VERTEX
  5
1995
  8
Layer_0
  10
-939.48535
  20
-817.30811
  42
0.23272354
  0
VERTEX
  5
1996
  8
Layer_0
  10
-940.71289
  20
-815.2749
  42
0.053163177
  0
VERTEX
  5
1997
  8
Layer_0
  10
-941.72314
  20
-814.72705
  0
VERTEX
  5
1998
  8
Layer_0
  10
-941.54932
  20
-814.40869
  42
0.12169671
  0
VERTEX
  5
1999
  8
Layer_0
  10
-940.89258
  20
-811.69336
  42
0.078017634
  0
VERTEX
  5
199a
  8
Layer_0
  10
-941.95264
  20
-805.1167
  42
0.059948987
  0
VERTEX
  5
199b
  8
Layer_0
  10
-943.04736
  20
-802.71289
  42
0.09391656
  0
VERTEX
  5
199c
  8
Layer_0
  10
-944.53516
  20
-801.03125
  42
0.23619562
  0
VERTEX
  5
199d
  8
Layer_0
  10
-947.44922
  20
-800.56006
  42
0.13885094
  0
VERTEX
  5
199e
  8
Layer_0
  10
-949.91211
  20
-802.17969
  42
0.18307437
  0
VERTEX
  5
199f
  8
Layer_0
  10
-951.85107
  20
-806.97266
  42
0.12718625
  0
VERTEX
  5
19a0
  8
Layer_0
  10
-951.20215
  20
-809.68896
  42
0.13388414
  0
VERTEX
  5
19a1
  8
Layer_0
  10
-949.8457
  20
-811.02344
  42
0.10495739
  0
VERTEX
  5
19a2
  8
Layer_0
  10
-947.3999
  20
-811.81104
  42
0.091979856
  0
VERTEX
  5
19a3
  8
Layer_0
  10
-943.33984
  20
-811.5166
  0
VERTEX
  5
19a4
  8
Layer_0
  10
-943.20703
  20
-811.76221
  42
-0.16083223
  0
VERTEX
  5
19a5
  8
Layer_0
  10
-943.06543
  20
-812.70264
  42
-0.19084167
  0
VERTEX
  5
19a6
  8
Layer_0
  10
-943.68555
  20
-813.32227
  42
-0.06683047
  0
VERTEX
  5
19a7
  8
Layer_0
  10
-945.58105
  20
-813.9209
  42
-0.028784653
  0
VERTEX
  5
19a8
  8
Layer_0
  10
-949.35352
  20
-814.42432
  0
VERTEX
  5
19a9
  8
Layer_0
  10
-949.82813
  20
-815.26172
  42
0.016789407
  0
VERTEX
  5
19aa
  8
Layer_0
  10
-951.09473
  20
-817.83105
  0
VERTEX
  5
19ab
  8
Layer_0
  10
-950.89258
  20
-818.20947
  0
VERTEX
  5
19ac
  8
Layer_0
  10
-949.89941
  20
-818.22363
  42
-0.034918742
  0
VERTEX
  5
19ad
  8
Layer_0
  10
-944.09424
  20
-818.65967
  42
-0.052131081
  0
VERTEX
  5
19ae
  8
Layer_0
  10
-942.07813
  20
-819.10742
  42
-0.20414849
  0
VERTEX
  5
19af
  8
Layer_0
  10
-941.8999
  20
-819.24561
  42
-0.12000364
  0
VERTEX
  5
19b0
  8
Layer_0
  10
-942.49463
  20
-819.81934
  42
-0.066327055
  0
VERTEX
  5
19b1
  8
Layer_0
  10
-946.49219
  20
-821.91699
  42
-0.10196016
  0
VERTEX
  5
19b2
  8
Layer_0
  10
-952.25391
  20
-823.00098
  42
-0.11595201
  0
VERTEX
  5
19b3
  8
Layer_0
  10
-955.85938
  20
-822.08984
  42
-0.21332646
  0
VERTEX
  5
19b4
  8
Layer_0
  10
-958.84521
  20
-818.09473
  42
-0.11052911
  0
VERTEX
  5
19b5
  8
Layer_0
  10
-958.89746
  20
-813.45654
  42
-0.031612423
  0
VERTEX
  5
19b6
  8
Layer_0
  10
-958.26904
  20
-811.08789
  0
VERTEX
  5
19b7
  8
Layer_0
  10
-959.80908
  20
-810.50732
  42
0.06350943
  0
VERTEX
  5
19b8
  8
Layer_0
  10
-961.30225
  20
-816.3501
  42
0.04804757
  0
VERTEX
  5
19b9
  8
Layer_0
  10
-961.37695
  20
-819.65869
  42
0.1017222
  0
VERTEX
  5
19ba
  8
Layer_0
  10
-960.06006
  20
-824.08447
  42
0.17204355
  0
VERTEX
  5
19bb
  8
Layer_0
  10
-956.02051
  20
-827.59375
  42
0.10268851
  0
VERTEX
  5
19bc
  8
Layer_0
  10
-951.58887
  20
-828.18164
  0
SEQEND
  0
POLYLINE
  5
19be
  8
Layer_0
  62
0
  66
1
  10
0
  20
0
  30
0
  0
VERTEX
  5
19be
  8
Layer_0
  10
-1015.3687
  20
-805.92676
  0
VERTEX
  5
19bf
  8
Layer_0
  10
-1015.021
  20
-805.62842
  42
0.060323766
  0
VERTEX
  5
19c0
  8
Layer_0
  10
-1013.2573
  20
-803.63965
  42
0.052621517
  0
VERTEX
  5
19c1
  8
Layer_0
  10
-1016.1357
  20
-800.50781
  0
VERTEX
  5
19c2
  8
Layer_0
  10
-1018.686
  20
-803.20996
  0
VERTEX
  5
19c3
  8
Layer_0
  10
-1017.9336
  20
-803.94971
  42
-0.011158
  0
VERTEX
  5
19c4
  8
Layer_0
  10
-1015.7319
  20
-806.21582
  0
VERTEX
  5
19c5
  8
Layer_0
  10
-1015.3687
  20
-805.92676
  0
SEQEND
  0
POLYLINE
  5
19c7
  8
Layer_0
  62
0
  66
1
  10
0
  20
0
  30
0
  0
VERTEX
  5
19c7
  8
Layer_0
  10
-1020.6968
  20
-806.1543
  0
VERTEX
  5
19c8
  8
Layer_0
  10
-1020.3486
  20
-805.85596
  42
0.059979537
  0
VERTEX
  5
19c9
  8
Layer_0
  10
-1018.585
  20
-803.8667
  42
0.052489899
  0
VERTEX
  5
19ca
  8
Layer_0
  10
-1021.4639
  20
-800.73486
  0
VERTEX
  5
19cb
  8
Layer_0
  10
-1024.0142
  20
-803.4375
  0
VERTEX
  5
19cc
  8
Layer_0
  10
-1023.2612
  20
-804.17725
  42
-0.010761938
  0
VERTEX
  5
19cd
  8
Layer_0
  10
-1021.0596
  20
-806.44287
  0
VERTEX
  5
19ce
  8
Layer_0
  10
-1020.6968
  20
-806.1543
  0
SEQEND
  0
POLYLINE
  5
19d0
  8
Layer_0
  62
0
  66
1
  10
0
  20
0
  30
0
  0
VERTEX
  5
19d0
  8
Layer_0
  10
-918.75293
  20
-819.58447
  42
0.22047898
  0
VERTEX
  5
19d1
  8
Layer_0
  10
-913.16895
  20
-816.54443
  42
0.1710519
  0
VERTEX
  5
19d2
  8
Layer_0
  10
-912.18164
  20
-809.00146
  42
0.1332181
  0
VERTEX
  5
19d3
  8
Layer_0
  10
-914.02637
  20
-805.83154
  42
0.032623134
  0
VERTEX
  5
19d4
  8
Layer_0
  10
-916.70996
  20
-803.54736
  0
VERTEX
  5
19d5
  8
Layer_0
  10
-918.80518
  20
-801.9834
  0
VERTEX
  5
19d6
  8
Layer_0
  10
-920.16602
  20
-800.91162
  0
VERTEX
  5
19d7
  8
Layer_0
  10
-920.69678
  20
-801.26514
  0
VERTEX
  5
19d8
  8
Layer_0
  10
-921.07568
  20
-804.22021
  0
VERTEX
  5
19d9
  8
Layer_0
  10
-921.50244
  20
-804.73633
  42
0.065327006
  0
VERTEX
  5
19da
  8
Layer_0
  10
-924.12842
  20
-808.95166
  42
0.11691045
  0
VERTEX
  5
19db
  8
Layer_0
  10
-924.92139
  20
-814.02783
  42
0.11940397
  0
VERTEX
  5
19dc
  8
Layer_0
  10
-923.80762
  20
-817.3335
  42
0.22742354
  0
VERTEX
  5
19dd
  8
Layer_0
  10
-920.0752
  20
-819.54102
  42
0.047801297
  0
VERTEX
  5
19de
  8
Layer_0
  10
-918.75293
  20
-819.58447
  0
SEQEND
  0
POLYLINE
  5
19e0
  8
Layer_0
  62
0
  66
1
  10
0
  20
0
  30
0
  0
VERTEX
  5
19e0
  8
Layer_0
  10
-782.9541
  20
-820.28125
  42
0.07338326
  0
VERTEX
  5
19e1
  8
Layer_0
  10
-773.40625
  20
-818.50537
  42
0.03957406
  0
VERTEX
  5
19e2
  8
Layer_0
  10
-770.44385
  20
-817.20117
  42
0.078449343
  0
VERTEX
  5
19e3
  8
Layer_0
  10
-769.11719
  20
-814.69873
  42
0.08250336
  0
VERTEX
  5
19e4
  8
Layer_0
  10
-768.34766
  20
-810.96387
  42
0.07255298
  0
VERTEX
  5
19e5
  8
Layer_0
  10
-768.90381
  20
-808.41943
  42
0.050822135
  0
VERTEX
  5
19e6
  8
Layer_0
  10
-771.0249
  20
-803.89209
  0
VERTEX
  5
19e7
  8
Layer_0
  10
-771.30273
  20
-803.91748
  42
0.028964677
  0
VERTEX
  5
19e8
  8
Layer_0
  10
-773.75244
  20
-807.85742
  0
VERTEX
  5
19e9
  8
Layer_0
  10
-773.32227
  20
-808.64502
  42
-0.036907353
  0
VERTEX
  5
19ea
  8
Layer_0
  10
-771.25195
  20
-813.06006
  42
-0.023643465
  0
VERTEX
  5
19eb
  8
Layer_0
  10
-771.72754
  20
-813.26709
  42
-0.037043029
  0
VERTEX
  5
19ec
  8
Layer_0
  10
-774.98535
  20
-814.14648
  42
-0.048694824
  0
VERTEX
  5
19ed
  8
Layer_0
  10
-782.9458
  20
-815.05566
  42
-0.046406072
  0
VERTEX
  5
19ee
  8
Layer_0
  10
-787.3667
  20
-814.67236
  42
-0.086074107
  0
VERTEX
  5
19ef
  8
Layer_0
  10
-791.12451
  20
-813.3125
  42
-0.12550197
  0
VERTEX
  5
19f0
  8
Layer_0
  10
-793.34863
  20
-811.19971
  42
-0.18407743
  0
VERTEX
  5
19f1
  8
Layer_0
  10
-794.12061
  20
-807.01904
  42
-0.03637687
  0
VERTEX
  5
19f2
  8
Layer_0
  10
-793.62939
  20
-805.05371
  0
VERTEX
  5
19f3
  8
Layer_0
  10
-795.16895
  20
-804.52344
  42
0.094913418
  0
VERTEX
  5
19f4
  8
Layer_0
  10
-796.66162
  20
-810.4082
  42
0.087520555
  0
VERTEX
  5
19f5
  8
Layer_0
  10
-796.29395
  20
-813.99951
  42
0.19176167
  0
VERTEX
  5
19f6
  8
Layer_0
  10
-792.67822
  20
-818.44043
  42
0.094379284
  0
VERTEX
  5
19f7
  8
Layer_0
  10
-787.7002
  20
-820.0708
  42
0.044199058
  0
VERTEX
  5
19f8
  8
Layer_0
  10
-782.9541
  20
-820.28125
  0
SEQEND
  0
POLYLINE
  5
19fa
  8
Layer_0
  62
0
  66
1
  10
0
  20
0
  30
0
  0
VERTEX
  5
19fa
  8
Layer_0
  10
-944.12256
  20
-807.94873
  42
-0.053237039
  0
VERTEX
  5
19fb
  8
Layer_0
  10
-947.49072
  20
-807.56445
  42
-0.14043299
  0
VERTEX
  5
19fc
  8
Layer_0
  10
-949.54248
  20
-806.44434
  42
-0.39862485
  0
VERTEX
  5
19fd
  8
Layer_0
  10
-949.57129
  20
-805.06396
  42
-0.20875371
  0
VERTEX
  5
19fe
  8
Layer_0
  10
-947.7627
  20
-804.18262
  42
-0.24263283
  0
VERTEX
  5
19ff
  8
Layer_0
  10
-945.24121
  20
-805.24756
  42
-0.092740494
  0
VERTEX
  5
1a00
  8
Layer_0
  10
-943.69336
  20
-807.9585
  0
VERTEX
  5
1a01
  8
Layer_0
  10
-944.12256
  20
-807.94873
  0
SEQEND
  0
POLYLINE
  5
1a03
  8
Layer_0
  62
0
  66
1
  10
0
  20
0
  30
0
  0
VERTEX
  5
1a03
  8
Layer_0
  10
-1150.1646
  20
-819.20898
  0
VERTEX
  5
1a04
  8
Layer_0
  10
-1149.7529
  20
-819.18164
  42
0.17724013
  0
VERTEX
  5
1a05
  8
Layer_0
  10
-1145.3633
  20
-817.22559
  0
VERTEX
  5
1a06
  8
Layer_0
  10
-1145.2876
  20
-817.22559
  0
VERTEX
  5
1a07
  8
Layer_0
  10
-1145.2222
  20
-817.4873
  42
0.28736383
  0
VERTEX
  5
1a08
  8
Layer_0
  10
-1143.5122
  20
-819.11426
  42
0.175253
  0
VERTEX
  5
1a09
  8
Layer_0
  10
-1140.8467
  20
-818.79736
  42
0.094993904
  0
VERTEX
  5
1a0a
  8
Layer_0
  10
-1138.4189
  20
-816.99854
  0
VERTEX
  5
1a0b
  8
Layer_0
  10
-1138.3682
  20
-816.99854
  0
VERTEX
  5
1a0c
  8
Layer_0
  10
-1138.1597
  20
-817.26709
  42
0.12346328
  0
VERTEX
  5
1a0d
  8
Layer_0
  10
-1136.2139
  20
-818.85693
  42
0.29643888
  0
VERTEX
  5
1a0e
  8
Layer_0
  10
-1132.6777
  20
-818.29492
  42
0.12651097
  0
VERTEX
  5
1a0f
  8
Layer_0
  10
-1130.311
  20
-815.021
  42
0.072125156
  0
VERTEX
  5
1a10
  8
Layer_0
  10
-1129.6885
  20
-812.73535
  42
0.040697274
  0
VERTEX
  5
1a11
  8
Layer_0
  10
-1129.7891
  20
-809.48926
  42
0.017100996
  0
VERTEX
  5
1a12
  8
Layer_0
  10
-1130.2368
  20
-806.44287
  0
VERTEX
  5
1a13
  8
Layer_0
  10
-1130.5903
  20
-806.2915
  42
0.016929998
  0
VERTEX
  5
1a14
  8
Layer_0
  10
-1133.3682
  20
-809.24658
  0
VERTEX
  5
1a15
  8
Layer_0
  10
-1133.2227
  20
-809.75049
  42
-0.026110811
  0
VERTEX
  5
1a16
  8
Layer_0
  10
-1132.4336
  20
-813.61572
  42
-0.20789016
  0
VERTEX
  5
1a17
  8
Layer_0
  10
-1133.0723
  20
-814.03027
  42
-0.2689691
  0
VERTEX
  5
1a18
  8
Layer_0
  10
-1135.54
  20
-813.26221
  42
-0.19971168
  0
VERTEX
  5
1a19
  8
Layer_0
  10
-1136.272
  20
-811.26709
  42
-0.081196007
  0
VERTEX
  5
1a1a
  8
Layer_0
  10
-1135.8682
  20
-808.84229
  0
VERTEX
  5
1a1b
  8
Layer_0
  10
-1136.0952
  20
-808.66553
  42
0.034222081
  0
VERTEX
  5
1a1c
  8
Layer_0
  10
-1137.9893
  20
-809.85254
  0
VERTEX
  5
1a1d
  8
Layer_0
  10
-1138.1196
  20
-810.4375
  42
-0.038931709
  0
VERTEX
  5
1a1e
  8
Layer_0
  10
-1138.6978
  20
-812.30322
  42
-0.15987216
  0
VERTEX
  5
1a1f
  8
Layer_0
  10
-1140.1108
  20
-813.69189
  42
-0.11294865
  0
VERTEX
  5
1a20
  8
Layer_0
  10
-1141.8281
  20
-814.17139
  42
-0.38078494
  0
VERTEX
  5
1a21
  8
Layer_0
  10
-1142.96
  20
-813.25
  42
-0.13317201
  0
VERTEX
  5
1a22
  8
Layer_0
  10
-1142.8208
  20
-812.14551
  42
-0.054253484
  0
VERTEX
  5
1a23
  8
Layer_0
  10
-1141.7681
  20
-810.11182
  0
VERTEX
  5
1a24
  8
Layer_0
  10
-1141.4238
  20
-809.57471
  0
VERTEX
  5
1a25
  8
Layer_0
  10
-1141.6006
  20
-809.29688
  42
0.036433837
  0
VERTEX
  5
1a26
  8
Layer_0
  10
-1143.8735
  20
-810.25684
  42
0.0018898218
  0
VERTEX
  5
1a27
  8
Layer_0
  10
-1144.811
  20
-811.57959
  0
VERTEX
  5
1a28
  8
Layer_0
  10
-1145.063
  20
-811.92285
  42
-0.089190478
  0
VERTEX
  5
1a29
  8
Layer_0
  10
-1146.4189
  20
-813.26221
  42
-0.11008055
  0
VERTEX
  5
1a2a
  8
Layer_0
  10
-1148.9966
  20
-814.08301
  42
-0.047743741
  0
VERTEX
  5
1a2b
  8
Layer_0
  10
-1151.7495
  20
-814.12891
  42
-0.16529171
  0
VERTEX
  5
1a2c
  8
Layer_0
  10
-1153.5415
  20
-813.30957
  42
-0.059932906
  0
VERTEX
  5
1a2d
  8
Layer_0
  10
-1155.0845
  20
-811.56836
  0
VERTEX
  5
1a2e
  8
Layer_0
  10
-1155.563
  20
-810.95508
  42
0.036129564
  0
VERTEX
  5
1a2f
  8
Layer_0
  10
-1161.6206
  20
-804.24561
  0
VERTEX
  5
1a30
  8
Layer_0
  10
-1162.0254
  20
-804.24268
  0
VERTEX
  5
1a31
  8
Layer_0
  10
-1162.1821
  20
-804.45703
  42
-0.043438437
  0
VERTEX
  5
1a32
  8
Layer_0
  10
-1164.2803
  20
-806.6748
  42
-0.0027960902
  0
VERTEX
  5
1a33
  8
Layer_0
  10
-1167.2925
  20
-809.44482
  0
VERTEX
  5
1a34
  8
Layer_0
  10
-1167.8652
  20
-809.9917
  42
0.047763229
  0
VERTEX
  5
1a35
  8
Layer_0
  10
-1169.2139
  20
-811.4458
  42
0.12546808
  0
VERTEX
  5
1a36
  8
Layer_0
  10
-1170.6968
  20
-815.1416
  42
0.10473805
  0
VERTEX
  5
1a37
  8
Layer_0
  10
-1170.3286
  20
-821.21777
  42
0.02551978
  0
VERTEX
  5
1a38
  8
Layer_0
  10
-1168.5708
  20
-826.53174
  0
VERTEX
  5
1a39
  8
Layer_0
  10
-1167.6445
  20
-828.98242
  42
-0.010784232
  0
VERTEX
  5
1a3a
  8
Layer_0
  10
-1166.3374
  20
-832.64014
  42
-0.027885396
  0
VERTEX
  5
1a3b
  8
Layer_0
  10
-1165.4082
  20
-836.1416
  0
VERTEX
  5
1a3c
  8
Layer_0
  10
-1164.7773
  20
-836.1416
  42
0.04888451
  0
VERTEX
  5
1a3d
  8
Layer_0
  10
-1164.0845
  20
-832.06836
  42
0.080989408
  0
VERTEX
  5
1a3e
  8
Layer_0
  10
-1164.3325
  20
-830.00195
  42
0.014688089
  0
VERTEX
  5
1a3f
  8
Layer_0
  10
-1166.0918
  20
-824.21436
  0
VERTEX
  5
1a40
  8
Layer_0
  10
-1166.4746
  20
-823.02148
  42
-0.021100326
  0
VERTEX
  5
1a41
  8
Layer_0
  10
-1167.8516
  20
-818.19385
  42
-0.062417428
  0
VERTEX
  5
1a42
  8
Layer_0
  10
-1168.105
  20
-816.1499
  42
-0.16656812
  0
VERTEX
  5
1a43
  8
Layer_0
  10
-1167.3896
  20
-814.46143
  42
-0.031197695
  0
VERTEX
  5
1a44
  8
Layer_0
  10
-1166.2915
  20
-813.25928
  0
VERTEX
  5
1a45
  8
Layer_0
  10
-1166.2153
  20
-813.25928
  0
VERTEX
  5
1a46
  8
Layer_0
  10
-1166.1606
  20
-813.81689
  42
0.17823481
  0
VERTEX
  5
1a47
  8
Layer_0
  10
-1163.2944
  20
-819.57715
  42
0.12165751
  0
VERTEX
  5
1a48
  8
Layer_0
  10
-1160.7026
  20
-821.0542
  42
0.1453683
  0
VERTEX
  5
1a49
  8
Layer_0
  10
-1158.4795
  20
-821.05029
  42
0.21603415
  0
VERTEX
  5
1a4a
  8
Layer_0
  10
-1155.8696
  20
-818.5835
  42
0.052336968
  0
VERTEX
  5
1a4b
  8
Layer_0
  10
-1155.5073
  20
-817.40381
  0
VERTEX
  5
1a4c
  8
Layer_0
  10
-1155.3813
  20
-817.40381
  0
VERTEX
  5
1a4d
  8
Layer_0
  10
-1155.2197
  20
-817.61572
  42
0.17977121
  0
VERTEX
  5
1a4e
  8
Layer_0
  10
-1152.5483
  20
-819.09912
  42
0.054505112
  0
VERTEX
  5
1a4f
  8
Layer_0
  10
-1150.1646
  20
-819.20898
  0
SEQEND
  0
POLYLINE
  5
1a51
  8
Layer_0
  62
0
  66
1
  10
0
  20
0
  30
0
  0
VERTEX
  5
1a51
  8
Layer_0
  10
-1059.812
  20
-812.92773
  42
-0.12003021
  0
VERTEX
  5
1a52
  8
Layer_0
  10
-1062.1572
  20
-811.37793
  42
-0.12594306
  0
VERTEX
  5
1a53
  8
Layer_0
  10
-1062.8496
  20
-810.00244
  42
-0.161783
  0
VERTEX
  5
1a54
  8
Layer_0
  10
-1060.334
  20
-807.08887
  42
-0.14645899
  0
VERTEX
  5
1a55
  8
Layer_0
  10
-1058.6211
  20
-806.68506
  42
-0.1612469
  0
VERTEX
  5
1a56
  8
Layer_0
  10
-1057.3066
  20
-807.33447
  42
-0.18454546
  0
VERTEX
  5
1a57
  8
Layer_0
  10
-1055.8501
  20
-810.28027
  42
-0.16059463
  0
VERTEX
  5
1a58
  8
Layer_0
  10
-1056.2383
  20
-811.1582
  42
-0.11592748
  0
VERTEX
  5
1a59
  8
Layer_0
  10
-1058.3022
  20
-812.62695
  42
-0.028073672
  0
VERTEX
  5
1a5a
  8
Layer_0
  10
-1059.4639
  20
-813.06006
  0
VERTEX
  5
1a5b
  8
Layer_0
  10
-1059.812
  20
-812.92773
  0
SEQEND
  0
POLYLINE
  5
1a5d
  8
Layer_0
  62
0
  66
1
  10
0
  20
0
  30
0
  0
VERTEX
  5
1a5d
  8
Layer_0
  10
-919.19824
  20
-814.45215
  42
-0.12715
  0
VERTEX
  5
1a5e
  8
Layer_0
  10
-921.26855
  20
-813.78906
  42
-0.15359327
  0
VERTEX
  5
1a5f
  8
Layer_0
  10
-922.43164
  20
-812.40576
  42
-0.21849977
  0
VERTEX
  5
1a60
  8
Layer_0
  10
-922.30566
  20
-810.4375
  42
-0.07722105
  0
VERTEX
  5
1a61
  8
Layer_0
  10
-920.86475
  20
-808.44482
  42
-0.023905487
  0
VERTEX
  5
1a62
  8
Layer_0
  10
-919.43359
  20
-807.07422
  42
-0.05651033
  0
VERTEX
  5
1a63
  8
Layer_0
  10
-915.99658
  20
-809.45947
  42
-0.099394199
  0
VERTEX
  5
1a64
  8
Layer_0
  10
-914.47705
  20
-811.40723
  42
-0.078861003
  0
VERTEX
  5
1a65
  8
Layer_0
  10
-914.20313
  20
-812.35303
  42
-0.15503448
  0
VERTEX
  5
1a66
  8
Layer_0
  10
-916.1582
  20
-813.91602
  42
-0.12096216
  0
VERTEX
  5
1a67
  8
Layer_0
  10
-919.19824
  20
-814.45215
  0
SEQEND
  0
POLYLINE
  5
1a69
  8
Layer_0
  62
0
  66
1
  10
0
  20
0
  30
0
  0
VERTEX
  5
1a69
  8
Layer_0
  10
-714.45898
  20
-811.87256
  0
VERTEX
  5
1a6a
  8
Layer_0
  10
-714.96973
  20
-811.52148
  42
-0.028235341
  0
VERTEX
  5
1a6b
  8
Layer_0
  10
-718.09473
  20
-808.99121
  0
VERTEX
  5
1a6c
  8
Layer_0
  10
-718.09473
  20
-808.86475
  42
-0.083756992
  0
VERTEX
  5
1a6d
  8
Layer_0
  10
-711.7627
  20
-808.61816
  42
-0.034581712
  0
VERTEX
  5
1a6e
  8
Layer_0
  10
-709.8877
  20
-809.0415
  0
VERTEX
  5
1a6f
  8
Layer_0
  10
-709.8877
  20
-809.16797
  42
-0.030766454
  0
VERTEX
  5
1a70
  8
Layer_0
  10
-713.95313
  20
-812.20068
  0
VERTEX
  5
1a71
  8
Layer_0
  10
-714.45898
  20
-811.87256
  0
SEQEND
  0
POLYLINE
  5
1a73
  8
Layer_0
  62
0
  66
1
  10
0
  20
0
  30
0
  0
VERTEX
  5
1a73
  8
Layer_0
  10
-1107.5747
  20
-818.1875
  42
-0.24688853
  0
VERTEX
  5
1a74
  8
Layer_0
  10
-1110.6372
  20
-816.47168
  42
-0.13090414
  0
VERTEX
  5
1a75
  8
Layer_0
  10
-1111.5439
  20
-813.85938
  42
-0.20027261
  0
VERTEX
  5
1a76
  8
Layer_0
  10
-1110.377
  20
-809.42627
  42
-0.063790175
  0
VERTEX
  5
1a77
  8
Layer_0
  10
-1109.6465
  20
-808.69092
  42
-0.026960828
  0
VERTEX
  5
1a78
  8
Layer_0
  10
-1106.2207
  20
-810.61182
  42
-0.11212926
  0
VERTEX
  5
1a79
  8
Layer_0
  10
-1104.5703
  20
-812.25928
  42
-0.14686679
  0
VERTEX
  5
1a7a
  8
Layer_0
  10
-1104.1001
  20
-814.62402
  42
-0.14102883
  0
VERTEX
  5
1a7b
  8
Layer_0
  10
-1104.8013
  20
-816.81885
  42
-0.22394539
  0
VERTEX
  5
1a7c
  8
Layer_0
  10
-1107.1641
  20
-818.16553
  42
-0.028356945
  0
VERTEX
  5
1a7d
  8
Layer_0
  10
-1107.5747
  20
-818.1875
  0
SEQEND
  0
POLYLINE
  5
1a7f
  8
Layer_0
  62
0
  66
1
  10
0
  20
0
  30
0
  0
VERTEX
  5
1a7f
  8
Layer_0
  10
-1037.5864
  20
-814.16699
  42
-0.066139216
  0
VERTEX
  5
1a80
  8
Layer_0
  10
-1040.4546
  20
-813.81787
  0
VERTEX
  5
1a81
  8
Layer_0
  10
-1039.9907
  20
-813.25781
  42
-0.068955995
  0
VERTEX
  5
1a82
  8
Layer_0
  10
-1036.7422
  20
-810.27002
  42
-0.10539945
  0
VERTEX
  5
1a83
  8
Layer_0
  10
-1033.9575
  20
-809.09961
  42
-0.16421861
  0
VERTEX
  5
1a84
  8
Layer_0
  10
-1031.0068
  20
-809.49219
  42
-0.12153075
  0
VERTEX
  5
1a85
  8
Layer_0
  10
-1029.4165
  20
-810.91406
  42
-0.13237527
  0
VERTEX
  5
1a86
  8
Layer_0
  10
-1028.9629
  20
-812.04883
  42
-0.21324467
  0
VERTEX
  5
1a87
  8
Layer_0
  10
-1029.4409
  20
-812.62158
  42
-0.073782955
  0
VERTEX
  5
1a88
  8
Layer_0
  10
-1031.8472
  20
-813.53418
  42
-0.066689994
  0
VERTEX
  5
1a89
  8
Layer_0
  10
-1037.5864
  20
-814.16699
  0
SEQEND
  0
POLYLINE
  5
1a8b
  8
Layer_0
  62
0
  66
1
  10
0
  20
0
  30
0
  0
VERTEX
  5
1a8b
  8
Layer_0
  10
-1159.2222
  20
-816.0498
  42
-0.19125671
  0
VERTEX
  5
1a8c
  8
Layer_0
  10
-1162.3574
  20
-814.40234
  42
-0.16189132
  0
VERTEX
  5
1a8d
  8
Layer_0
  10
-1163.5522
  20
-811.8208
  42
-0.21725495
  0
VERTEX
  5
1a8e
  8
Layer_0
  10
-1163.1494
  20
-810.53125
  42
-0.059091472
  0
VERTEX
  5
1a8f
  8
Layer_0
  10
-1162.0503
  20
-809.49902
  42
-0.035298761
  0
VERTEX
  5
1a90
  8
Layer_0
  10
-1158.5947
  20
-813.07275
  42
-0.06529466
  0
VERTEX
  5
1a91
  8
Layer_0
  10
-1157.5527
  20
-814.66797
  42
-0.10101532
  0
VERTEX
  5
1a92
  8
Layer_0
  10
-1157.3755
  20
-815.35889
  42
-0.22788031
  0
VERTEX
  5
1a93
  8
Layer_0
  10
-1157.6152
  20
-815.73584
  42
-0.1473761
  0
VERTEX
  5
1a94
  8
Layer_0
  10
-1158.917
  20
-816.06592
  0
VERTEX
  5
1a95
  8
Layer_0
  10
-1159.2222
  20
-816.0498
  0
SEQEND
  0
POLYLINE
  5
1a97
  8
Layer_0
  62
0
  66
1
  10
0
  20
0
  30
0
  0
VERTEX
  5
1a97
  8
Layer_0
  10
-987.979
  20
-818.79883
  42
-0.1863449
  0
VERTEX
  5
1a98
  8
Layer_0
  10
-990.65479
  20
-817.37012
  42
-0.10550469
  0
VERTEX
  5
1a99
  8
Layer_0
  10
-991.76367
  20
-815.40625
  0
VERTEX
  5
1a9a
  8
Layer_0
  10
-991.36621
  20
-815.28027
  42
-0.13195631
  0
VERTEX
  5
1a9b
  8
Layer_0
  10
-989.15918
  20
-815.18262
  42
-0.2714751
  0
VERTEX
  5
1a9c
  8
Layer_0
  10
-986.73438
  20
-817.59814
  42
-0.035141908
  0
VERTEX
  5
1a9d
  8
Layer_0
  10
-986.55566
  20
-818.41455
  42
-0.13964122
  0
VERTEX
  5
1a9e
  8
Layer_0
  10
-987.05176
  20
-818.73047
  42
-0.10566297
  0
VERTEX
  5
1a9f
  8
Layer_0
  10
-987.979
  20
-818.79883
  0
SEQEND
  0
POLYLINE
  5
1aa1
  8
Layer_0
  62
0
  66
1
  10
0
  20
0
  30
0
  0
VERTEX
  5
1aa1
  8
Layer_0
  10
-823.49072
  20
-818.79883
  0
VERTEX
  5
1aa2
  8
Layer_0
  10
-823.81982
  20
-818.75049
  42
-0.19950313
  0
VERTEX
  5
1aa3
  8
Layer_0
  10
-826.61377
  20
-816.79248
  42
-0.067382658
  0
VERTEX
  5
1aa4
  8
Layer_0
  10
-827.27539
  20
-815.40625
  0
VERTEX
  5
1aa5
  8
Layer_0
  10
-826.87793
  20
-815.28027
  42
-0.13195795
  0
VERTEX
  5
1aa6
  8
Layer_0
  10
-824.6709
  20
-815.18262
  42
-0.27147784
  0
VERTEX
  5
1aa7
  8
Layer_0
  10
-822.24609
  20
-817.59814
  42
-0.035155602
  0
VERTEX
  5
1aa8
  8
Layer_0
  10
-822.06738
  20
-818.41455
  42
-0.13985645
  0
VERTEX
  5
1aa9
  8
Layer_0
  10
-822.56348
  20
-818.73047
  42
-0.10563101
  0
VERTEX
  5
1aaa
  8
Layer_0
  10
-823.49072
  20
-818.79883
  0
SEQEND
  0
POLYLINE
  5
1aac
  8
Layer_0
  62
0
  66
1
  10
0
  20
0
  30
0
  0
VERTEX
  5
1aac
  8
Layer_0
  10
-736.10791
  20
-827.7124
  42
0.095123627
  0
VERTEX
  5
1aad
  8
Layer_0
  10
-734.18506
  20
-824.92773
  42
0.044506829
  0
VERTEX
  5
1aae
  8
Layer_0
  10
-737.79688
  20
-821.97266
  0
VERTEX
  5
1aaf
  8
Layer_0
  10
-740.12061
  20
-825.23096
  0
VERTEX
  5
1ab0
  8
Layer_0
  10
-739.11865
  20
-825.9458
  42
-0.023808368
  0
VERTEX
  5
1ab1
  8
Layer_0
  10
-736.45801
  20
-828.03418
  0
VERTEX
  5
1ab2
  8
Layer_0
  10
-736.10791
  20
-827.7124
  0
SEQEND
  0
POLYLINE
  5
1ab4
  8
Layer_0
  62
0
  66
1
  10
0
  20
0
  30
0
  0
VERTEX
  5
1ab4
  8
Layer_0
  10
-947.81885
  20
-835.46875
  42
0.044356432
  0
VERTEX
  5
1ab5
  8
Layer_0
  10
-945.71484
  20
-832.73193
  42
0.046060542
  0
VERTEX
  5
1ab6
  8
Layer_0
  10
-949.20215
  20
-829.5752
  0
VERTEX
  5
1ab7
  8
Layer_0
  10
-951.67432
  20
-832.68164
  0
VERTEX
  5
1ab8
  8
Layer_0
  10
-950.7749
  20
-833.40137
  42
-0.017553254
  0
VERTEX
  5
1ab9
  8
Layer_0
  10
-948.11523
  20
-835.78809
  0
VERTEX
  5
1aba
  8
Layer_0
  10
-947.81885
  20
-835.46875
  0
SEQEND
  0
POLYLINE
  5
1abc
  8
Layer_0
  62
0
  70
1
  66
1
  10
0
  20
0
  30
0
  0
VERTEX
  5
1abc
  8
Layer_0
  10
-953.77832
  20
-835.87305
  42
0.044230936
  0
VERTEX
  5
1abd
  8
Layer_0
  10
-951.67432
  20
-833.13623
  42
0.046062932
  0
VERTEX
  5
1abe
  8
Layer_0
  10
-955.16113
  20
-829.979
  0
VERTEX
  5
1abf
  8
Layer_0
  10
-957.63721
  20
-833.08594
  0
VERTEX
  5
1ac0
  8
Layer_0
  10
-956.73584
  20
-833.80566
  42
-0.017724451
  0
VERTEX
  5
1ac1
  8
Layer_0
  10
-954.07471
  20
-836.19238
  0
SEQEND
  0
POLYLINE
  5
1ac3
  8
Layer_0
  62
0
  66
1
  10
0
  20
0
  30
0
  0
VERTEX
  5
1ac3
  8
Layer_0
  10
-791.00769
  20
-942.46753
  42
0.14317759
  0
VERTEX
  5
1ac4
  8
Layer_0
  10
-783.3949
  20
-939.7356
  42
0.062678849
  0
VERTEX
  5
1ac5
  8
Layer_0
  10
-780.39343
  20
-936.96899
  42
0.088515663
  0
VERTEX
  5
1ac6
  8
Layer_0
  10
-779.30261
  20
-932.92212
  42
0.082616716
  0
VERTEX
  5
1ac7
  8
Layer_0
  10
-779.42126
  20
-931.05493
  42
0.17157619
  0
VERTEX
  5
1ac8
  8
Layer_0
  10
-780.59558
  20
-929.36743
  0
VERTEX
  5
1ac9
  8
Layer_0
  10
-780.21082
  20
-929.10327
  42
0.1266959
  0
VERTEX
  5
1aca
  8
Layer_0
  10
-778.41492
  20
-926.73901
  0
VERTEX
  5
1acb
  8
Layer_0
  10
-778.19617
  20
-926.21021
  0
VERTEX
  5
1acc
  8
Layer_0
  10
-778.0448
  20
-926.20776
  0
VERTEX
  5
1acd
  8
Layer_0
  10
-777.99792
  20
-926.677
  42
0.081649488
  0
VERTEX
  5
1ace
  8
Layer_0
  10
-777.13171
  20
-930.09595
  42
0.20600609
  0
VERTEX
  5
1acf
  8
Layer_0
  10
-774.2821
  20
-932.71021
  42
0.093322897
  0
VERTEX
  5
1ad0
  8
Layer_0
  10
-772.01111
  20
-933.05151
  0
VERTEX
  5
1ad1
  8
Layer_0
  10
-771.65759
  20
-933.05151
  0
VERTEX
  5
1ad2
  8
Layer_0
  10
-771.65759
  20
-933.04663
  0
VERTEX
  5
1ad3
  8
Layer_0
  10
-771.60876
  20
-933.05151
  42
0.05897891
  0
VERTEX
  5
1ad4
  8
Layer_0
  10
-767.67322
  20
-932.69702
  42
0.066133452
  0
VERTEX
  5
1ad5
  8
Layer_0
  10
-765.83435
  20
-932.03638
  42
0.1082131
  0
VERTEX
  5
1ad6
  8
Layer_0
  10
-764.2865
  20
-930.58569
  42
0.085637441
  0
VERTEX
  5
1ad7
  8
Layer_0
  10
-763.19958
  20
-928.42896
  42
0.10338219
  0
VERTEX
  5
1ad8
  8
Layer_0
  10
-762.68347
  20
-924.3855
  42
0.068667732
  0
VERTEX
  5
1ad9
  8
Layer_0
  10
-763.62195
  20
-921.15698
  42
0.027235706
  0
VERTEX
  5
1ada
  8
Layer_0
  10
-765.19421
  20
-917.97632
  0
VERTEX
  5
1adb
  8
Layer_0
  10
-765.44617
  20
-917.92603
  42
0.030924904
  0
VERTEX
  5
1adc
  8
Layer_0
  10
-768.02234
  20
-921.86597
  0
VERTEX
  5
1add
  8
Layer_0
  10
-767.43591
  20
-922.89819
  42
-0.030750917
  0
VERTEX
  5
1ade
  8
Layer_0
  10
-765.76794
  20
-926.24243
  42
-0.073042389
  0
VERTEX
  5
1adf
  8
Layer_0
  10
-765.54724
  20
-927.01831
  42
-0.21775319
  0
VERTEX
  5
1ae0
  8
Layer_0
  10
-765.86267
  20
-927.28638
  42
-0.055716143
  0
VERTEX
  5
1ae1
  8
Layer_0
  10
-767.2113
  20
-927.66235
  42
-0.055659024
  0
VERTEX
  5
1ae2
  8
Layer_0
  10
-772.17273
  20
-927.98218
  42
-0.10083215
  0
VERTEX
  5
1ae3
  8
Layer_0
  10
-773.85583
  20
-927.54517
  42
-0.16310586
  0
VERTEX
  5
1ae4
  8
Layer_0
  10
-775.12341
  20
-926.21753
  42
-0.1018395
  0
VERTEX
  5
1ae5
  8
Layer_0
  10
-775.61365
  20
-924.11841
  0
VERTEX
  5
1ae6
  8
Layer_0
  10
-775.62292
  20
-923.60864
  0
VERTEX
  5
1ae7
  8
Layer_0
  10
-775.62244
  20
-919.41333
  42
0.016468255
  0
VERTEX
  5
1ae8
  8
Layer_0
  10
-775.9364
  20
-908.93433
  0
VERTEX
  5
1ae9
  8
Layer_0
  10
-776.07703
  20
-907.09058
  0
VERTEX
  5
1aea
  8
Layer_0
  10
-776.40515
  20
-906.86353
  42
0.037108469
  0
VERTEX
  5
1aeb
  8
Layer_0
  10
-779.18103
  20
-909.66675
  0
VERTEX
  5
1aec
  8
Layer_0
  10
-779.03601
  20
-911.22192
  42
-0.024504169
  0
VERTEX
  5
1aed
  8
Layer_0
  10
-778.52771
  20
-922.01636
  42
-0.074488522
  0
VERTEX
  5
1aee
  8
Layer_0
  10
-778.75037
  20
-923.62085
  42
-0.12787405
  0
VERTEX
  5
1aef
  8
Layer_0
  10
-779.51306
  20
-924.71362
  42
-0.11157065
  0
VERTEX
  5
1af0
  8
Layer_0
  10
-783.98035
  20
-927.24243
  42
-0.041030674
  0
VERTEX
  5
1af1
  8
Layer_0
  10
-788.47693
  20
-928.2561
  0
VERTEX
  5
1af2
  8
Layer_0
  10
-790.14441
  20
-931.96851
  0
VERTEX
  5
1af3
  8
Layer_0
  10
-789.91687
  20
-932.34448
  0
VERTEX
  5
1af4
  8
Layer_0
  10
-789.16736
  20
-932.35767
  42
-0.040366424
  0
VERTEX
  5
1af5
  8
Layer_0
  10
-784.21033
  20
-932.81567
  42
-0.086804684
  0
VERTEX
  5
1af6
  8
Layer_0
  10
-781.90857
  20
-933.61108
  0
VERTEX
  5
1af7
  8
Layer_0
  10
-781.65662
  20
-933.78394
  0
VERTEX
  5
1af8
  8
Layer_0
  10
-782.38416
  20
-934.3269
  42
-0.12801581
  0
VERTEX
  5
1af9
  8
Layer_0
  10
-790.48279
  20
-937.29565
  42
-0.11970243
  0
VERTEX
  5
1afa
  8
Layer_0
  10
-794.36804
  20
-936.71899
  42
-0.24027958
  0
VERTEX
  5
1afb
  8
Layer_0
  10
-797.90857
  20
-932.47046
  42
-0.11635406
  0
VERTEX
  5
1afc
  8
Layer_0
  10
-797.94666
  20
-927.80786
  42
-0.026595071
  0
VERTEX
  5
1afd
  8
Layer_0
  10
-797.29285
  20
-925.427
  0
VERTEX
  5
1afe
  8
Layer_0
  10
-798.70691
  20
-924.82104
  42
0.10931481
  0
VERTEX
  5
1aff
  8
Layer_0
  10
-800.35339
  20
-933.7356
  42
0.11515686
  0
VERTEX
  5
1b00
  8
Layer_0
  10
-799.08289
  20
-938.38306
  42
0.2427322
  0
VERTEX
  5
1b01
  8
Layer_0
  10
-793.15076
  20
-942.40796
  42
0.052462191
  0
VERTEX
  5
1b02
  8
Layer_0
  10
-791.00769
  20
-942.46753
  0
SEQEND
  0
POLYLINE
  5
1b04
  8
Layer_0
  62
0
  66
1
  10
0
  20
0
  30
0
  0
VERTEX
  5
1b04
  8
Layer_0
  10
-833.39978
  20
-934.82397
  42
0.082013977
  0
VERTEX
  5
1b05
  8
Layer_0
  10
-830.48181
  20
-934.2439
  42
0.17497442
  0
VERTEX
  5
1b06
  8
Layer_0
  10
-826.94812
  20
-930.95581
  42
0.086501016
  0
VERTEX
  5
1b07
  8
Layer_0
  10
-825.14246
  20
-925.54468
  42
0.042073335
  0
VERTEX
  5
1b08
  8
Layer_0
  10
-824.7533
  20
-920.45093
  0
VERTEX
  5
1b09
  8
Layer_0
  10
-824.7533
  20
-915.65259
  0
VERTEX
  5
1b0a
  8
Layer_0
  10
-822.45496
  20
-913.96069
  0
VERTEX
  5
1b0b
  8
Layer_0
  10
-822.76062
  20
-913.45093
  42
-0.032843507
  0
VERTEX
  5
1b0c
  8
Layer_0
  10
-824.80847
  20
-909.54761
  42
-0.086161327
  0
VERTEX
  5
1b0d
  8
Layer_0
  10
-825.25867
  20
-907.84839
  42
-0.098498412
  0
VERTEX
  5
1b0e
  8
Layer_0
  10
-825.15759
  20
-907.26733
  0
VERTEX
  5
1b0f
  8
Layer_0
  10
-825.58386
  20
-906.9895
  42
0.080136433
  0
VERTEX
  5
1b10
  8
Layer_0
  10
-827.4657
  20
-908.84839
  42
0.15710439
  0
VERTEX
  5
1b11
  8
Layer_0
  10
-828.13562
  20
-911.0813
  42
0.023253194
  0
VERTEX
  5
1b12
  8
Layer_0
  10
-827.9198
  20
-913.72388
  0
VERTEX
  5
1b13
  8
Layer_0
  10
-827.85876
  20
-914.3103
  42
-0.024960932
  0
VERTEX
  5
1b14
  8
Layer_0
  10
-827.45544
  20
-923.56323
  42
-0.0552796
  0
VERTEX
  5
1b15
  8
Layer_0
  10
-827.61023
  20
-926.24731
  42
-0.23666363
  0
VERTEX
  5
1b16
  8
Layer_0
  10
-829.55212
  20
-928.9353
  42
0.12324987
  0
VERTEX
  5
1b17
  8
Layer_0
  10
-830.83582
  20
-923.53882
  42
0.03714234
  0
VERTEX
  5
1b18
  8
Layer_0
  10
-832.92761
  20
-920.07104
  42
0.0021136939
  0
VERTEX
  5
1b19
  8
Layer_0
  10
-835.45886
  20
-916.30933
  0
VERTEX
  5
1b1a
  8
Layer_0
  10
-834.24695
  20
-914.44067
  0
VERTEX
  5
1b1b
  8
Layer_0
  10
-834.724
  20
-914.05054
  42
-0.030218995
  0
VERTEX
  5
1b1c
  8
Layer_0
  10
-838.44714
  20
-910.67505
  42
-0.045436253
  0
VERTEX
  5
1b1d
  8
Layer_0
  10
-839.47498
  20
-909.38892
  0
VERTEX
  5
1b1e
  8
Layer_0
  10
-839.8031
  20
-909.36401
  42
0.079209437
  0
VERTEX
  5
1b1f
  8
Layer_0
  10
-841.00378
  20
-912.177
  42
0.16981018
  0
VERTEX
  5
1b20
  8
Layer_0
  10
-840.71179
  20
-914.49243
  42
0.046394635
  0
VERTEX
  5
1b21
  8
Layer_0
  10
-838.91687
  20
-917.3772
  0
VERTEX
  5
1b22
  8
Layer_0
  10
-837.79773
  20
-918.88696
  42
-0.014301805
  0
VERTEX
  5
1b23
  8
Layer_0
  10
-832.65808
  20
-926.16968
  42
-0.039941718
  0
VERTEX
  5
1b24
  8
Layer_0
  10
-831.12195
  20
-928.87329
  42
-0.053194087
  0
VERTEX
  5
1b25
  8
Layer_0
  10
-830.91296
  20
-929.51636
  42
-0.038701087
  0
VERTEX
  5
1b26
  8
Layer_0
  10
-836.49695
  20
-931.41626
  42
-0.011605056
  0
VERTEX
  5
1b27
  8
Layer_0
  10
-841.62195
  20
-932.67261
  0
VERTEX
  5
1b28
  8
Layer_0
  10
-841.62195
  20
-933.30396
  42
0.069549417
  0
VERTEX
  5
1b29
  8
Layer_0
  10
-835.84314
  20
-934.75659
  42
0.039967439
  0
VERTEX
  5
1b2a
  8
Layer_0
  10
-833.39978
  20
-934.82397
  0
SEQEND
  0
POLYLINE
  5
1b2c
  8
Layer_0
  62
0
  66
1
  10
0
  20
0
  30
0
  0
VERTEX
  5
1b2c
  8
Layer_0
  10
-862.66589
  20
-933.04956
  42
0.10316308
  0
VERTEX
  5
1b2d
  8
Layer_0
  10
-859.28162
  20
-932.50903
  42
0.09632494
  0
VERTEX
  5
1b2e
  8
Layer_0
  10
-857.0658
  20
-931.05737
  0
VERTEX
  5
1b2f
  8
Layer_0
  10
-856.99011
  20
-931.05737
  0
VERTEX
  5
1b30
  8
Layer_0
  10
-856.92419
  20
-931.31909
  42
0.28766967
  0
VERTEX
  5
1b31
  8
Layer_0
  10
-855.21423
  20
-932.94604
  42
0.17522134
  0
VERTEX
  5
1b32
  8
Layer_0
  10
-852.54871
  20
-932.62915
  42
0.09492864
  0
VERTEX
  5
1b33
  8
Layer_0
  10
-850.12097
  20
-930.83032
  0
VERTEX
  5
1b34
  8
Layer_0
  10
-850.07068
  20
-930.83032
  0
VERTEX
  5
1b35
  8
Layer_0
  10
-849.86169
  20
-931.09888
  42
0.12373402
  0
VERTEX
  5
1b36
  8
Layer_0
  10
-847.91589
  20
-932.68872
  42
0.29637384
  0
VERTEX
  5
1b37
  8
Layer_0
  10
-844.37976
  20
-932.12671
  42
0.12646795
  0
VERTEX
  5
1b38
  8
Layer_0
  10
-842.01355
  20
-928.85278
  42
0.096853921
  0
VERTEX
  5
1b39
  8
Layer_0
  10
-841.35828
  20
-926.03345
  42
0.047008714
  0
VERTEX
  5
1b3a
  8
Layer_0
  10
-841.93884
  20
-920.27466
  0
VERTEX
  5
1b3b
  8
Layer_0
  10
-842.29236
  20
-920.12329
  42
0.01711965
  0
VERTEX
  5
1b3c
  8
Layer_0
  10
-845.07019
  20
-923.07837
  0
VERTEX
  5
1b3d
  8
Layer_0
  10
-844.92517
  20
-923.58228
  42
-0.026296396
  0
VERTEX
  5
1b3e
  8
Layer_0
  10
-844.13611
  20
-927.44751
  42
-0.20763075
  0
VERTEX
  5
1b3f
  8
Layer_0
  10
-844.77429
  20
-927.86206
  42
-0.29662964
  0
VERTEX
  5
1b40
  8
Layer_0
  10
-847.42517
  20
-926.87964
  42
-0.16763523
  0
VERTEX
  5
1b41
  8
Layer_0
  10
-847.97449
  20
-925.09888
  42
-0.081137234
  0
VERTEX
  5
1b42
  8
Layer_0
  10
-847.57068
  20
-922.67407
  0
VERTEX
  5
1b43
  8
Layer_0
  10
-847.79773
  20
-922.49731
  42
0.034184536
  0
VERTEX
  5
1b44
  8
Layer_0
  10
-849.69177
  20
-923.68433
  0
VERTEX
  5
1b45
  8
Layer_0
  10
-849.82214
  20
-924.26929
  42
-0.03947671
  0
VERTEX
  5
1b46
  8
Layer_0
  10
-850.40027
  20
-926.13501
  42
-0.15973181
  0
VERTEX
  5
1b47
  8
Layer_0
  10
-851.81287
  20
-927.52368
  42
-0.11283636
  0
VERTEX
  5
1b48
  8
Layer_0
  10
-853.53015
  20
-928.00317
  42
-0.38083611
  0
VERTEX
  5
1b49
  8
Layer_0
  10
-854.66248
  20
-927.08179
  42
-0.13881253
  0
VERTEX
  5
1b4a
  8
Layer_0
  10
-854.45105
  20
-925.7854
  42
-0.0482549
  0
VERTEX
  5
1b4b
  8
Layer_0
  10
-853.12634
  20
-923.40649
  0
VERTEX
  5
1b4c
  8
Layer_0
  10
-853.3031
  20
-923.12866
  42
0.036386425
  0
VERTEX
  5
1b4d
  8
Layer_0
  10
-855.57556
  20
-924.08862
  42
0.0021054786
  0
VERTEX
  5
1b4e
  8
Layer_0
  10
-856.51355
  20
-925.41138
  0
VERTEX
  5
1b4f
  8
Layer_0
  10
-856.76501
  20
-925.75464
  42
-0.089150726
  0
VERTEX
  5
1b50
  8
Layer_0
  10
-858.12146
  20
-927.09399
  42
-0.11008647
  0
VERTEX
  5
1b51
  8
Layer_0
  10
-860.6991
  20
-927.91479
  42
-0.028657489
  0
VERTEX
  5
1b52
  8
Layer_0
  10
-863.01941
  20
-928.00317
  42
-0.10274859
  0
VERTEX
  5
1b53
  8
Layer_0
  10
-864.80603
  20
-927.72437
  42
-0.24258721
  0
VERTEX
  5
1b54
  8
Layer_0
  10
-866.13416
  20
-926.21313
  42
-0.073262546
  0
VERTEX
  5
1b55
  8
Layer_0
  10
-866.328
  20
-924.6189
  42
-0.0021069757
  0
VERTEX
  5
1b56
  8
Layer_0
  10
-866.28113
  20
-919.78345
  0
VERTEX
  5
1b57
  8
Layer_0
  10
-866.27771
  20
-918.55737
  42
0.021455384
  0
VERTEX
  5
1b58
  8
Layer_0
  10
-866.59802
  20
-908.63403
  0
VERTEX
  5
1b59
  8
Layer_0
  10
-866.73181
  20
-907.24243
  0
VERTEX
  5
1b5a
  8
Layer_0
  10
-867.08484
  20
-907.06567
  42
0.026662196
  0
VERTEX
  5
1b5b
  8
Layer_0
  10
-869.98718
  20
-909.8689
  0
VERTEX
  5
1b5c
  8
Layer_0
  10
-869.8324
  20
-911.45435
  42
-0.017858482
  0
VERTEX
  5
1b5d
  8
Layer_0
  10
-869.05945
  20
-926.83472
  0
VERTEX
  5
1b5e
  8
Layer_0
  10
-869.02869
  20
-927.26587
  42
0.099750292
  0
VERTEX
  5
1b5f
  8
Layer_0
  10
-868.2157
  20
-930.40161
  42
0.14210789
  0
VERTEX
  5
1b60
  8
Layer_0
  10
-866.46912
  20
-932.23267
  42
0.12150049
  0
VERTEX
  5
1b61
  8
Layer_0
  10
-863.73474
  20
-933.03833
  42
0.010306114
  0
VERTEX
  5
1b62
  8
Layer_0
  10
-862.66589
  20
-933.05151
  0
VERTEX
  5
1b63
  8
Layer_0
  10
-862.66589
  20
-933.04956
  0
SEQEND
  0
POLYLINE
  5
1b65
  8
Layer_0
  62
0
  66
1
  10
0
  20
0
  30
0
  0
VERTEX
  5
1b65
  8
Layer_0
  10
-1017.6024
  20
-942.2395
  42
0.042560719
  0
VERTEX
  5
1b66
  8
Layer_0
  10
-1016.6522
  20
-942.05688
  42
0.11735152
  0
VERTEX
  5
1b67
  8
Layer_0
  10
-1014.0502
  20
-940.55249
  42
0.09267503
  0
VERTEX
  5
1b68
  8
Layer_0
  10
-1011.3436
  20
-936.94751
  42
0.062214794
  0
VERTEX
  5
1b69
  8
Layer_0
  10
-1009.91
  20
-933.05151
  0
VERTEX
  5
1b6a
  8
Layer_0
  10
-1008.0155
  20
-933.05151
  0
VERTEX
  5
1b6b
  8
Layer_0
  10
-1008.0155
  20
-933.04956
  42
0.13378403
  0
VERTEX
  5
1b6c
  8
Layer_0
  10
-1004.6918
  20
-932.3479
  42
0.10925345
  0
VERTEX
  5
1b6d
  8
Layer_0
  10
-1002.3656
  20
-930.30054
  0
VERTEX
  5
1b6e
  8
Layer_0
  10
-1002.2899
  20
-930.30054
  0
VERTEX
  5
1b6f
  8
Layer_0
  10
-1002.0262
  20
-930.70239
  42
0.15529115
  0
VERTEX
  5
1b70
  8
Layer_0
  10
-999.75867
  20
-932.53735
  42
0.10230578
  0
VERTEX
  5
1b71
  8
Layer_0
  10
-996.17908
  20
-933.04321
  42
0.097661345
  0
VERTEX
  5
1b72
  8
Layer_0
  10
-993.54089
  20
-932.68872
  42
0.18155094
  0
VERTEX
  5
1b73
  8
Layer_0
  10
-990.74988
  20
-930.15601
  42
0.12149892
  0
VERTEX
  5
1b74
  8
Layer_0
  10
-988.92957
  20
-922.52271
  42
0.012553513
  0
VERTEX
  5
1b75
  8
Layer_0
  10
-989.08093
  20
-915.72876
  0
VERTEX
  5
1b76
  8
Layer_0
  10
-986.83337
  20
-914.01099
  0
VERTEX
  5
1b77
  8
Layer_0
  10
-987.16443
  20
-913.45728
  42
-0.046845431
  0
VERTEX
  5
1b78
  8
Layer_0
  10
-989.21228
  20
-909.33813
  42
-0.082117506
  0
VERTEX
  5
1b79
  8
Layer_0
  10
-989.61169
  20
-907.26733
  0
VERTEX
  5
1b7a
  8
Layer_0
  10
-989.9115
  20
-907.06567
  42
0.079361585
  0
VERTEX
  5
1b7b
  8
Layer_0
  10
-992.04822
  20
-909.19702
  42
0.14860393
  0
VERTEX
  5
1b7c
  8
Layer_0
  10
-992.55652
  20
-911.49438
  42
0.0028915327
  0
VERTEX
  5
1b7d
  8
Layer_0
  10
-992.09656
  20
-916.59839
  0
VERTEX
  5
1b7e
  8
Layer_0
  10
-992.04626
  20
-917.21997
  42
-0.027572335
  0
VERTEX
  5
1b7f
  8
Layer_0
  10
-991.75525
  20
-925.74683
  42
-0.13333128
  0
VERTEX
  5
1b80
  8
Layer_0
  10
-992.0199
  20
-926.79517
  42
-0.10823236
  0
VERTEX
  5
1b81
  8
Layer_0
  10
-992.80115
  20
-927.43872
  42
-0.094799937
  0
VERTEX
  5
1b82
  8
Layer_0
  10
-994.60632
  20
-927.94458
  42
-0.02318325
  0
VERTEX
  5
1b83
  8
Layer_0
  10
-996.17908
  20
-928.00317
  42
-0.15132032
  0
VERTEX
  5
1b84
  8
Layer_0
  10
-999.18396
  20
-927.27075
  42
-0.14170956
  0
VERTEX
  5
1b85
  8
Layer_0
  10
-1000.1625
  20
-926.16919
  42
-0.15346628
  0
VERTEX
  5
1b86
  8
Layer_0
  10
-1000.2953
  20
-923.71606
  42
-0.016429207
  0
VERTEX
  5
1b87
  8
Layer_0
  10
-999.94177
  20
-922.34595
  0
VERTEX
  5
1b88
  8
Layer_0
  10
-1000.1185
  20
-922.19409
  42
0.020937437
  0
VERTEX
  5
1b89
  8
Layer_0
  10
-1002.1385
  20
-923.50757
  42
0.010427779
  0
VERTEX
  5
1b8a
  8
Layer_0
  10
-1002.8612
  20
-925.4397
  0
VERTEX
  5
1b8b
  8
Layer_0
  10
-1002.9608
  20
-925.69019
  42
-0.18885497
  0
VERTEX
  5
1b8c
  8
Layer_0
  10
-1004.8593
  20
-927.49194
  42
-0.10874578
  0
VERTEX
  5
1b8d
  8
Layer_0
  10
-1007.6429
  20
-928.00317
  0
VERTEX
  5
1b8e
  8
Layer_0
  10
-1007.9965
  20
-928.00317
  0
VERTEX
  5
1b8f
  8
Layer_0
  10
-1008.0155
  20
-928.00513
  0
VERTEX
  5
1b90
  8
Layer_0
  10
-1008.0155
  20
-928.00317
  0
VERTEX
  5
1b91
  8
Layer_0
  10
-1009.7328
  20
-928.00317
  0
VERTEX
  5
1b92
  8
Layer_0
  10
-1009.931
  20
-927.03931
  42
0.056195353
  0
VERTEX
  5
1b93
  8
Layer_0
  10
-1011.2225
  20
-923.06958
  42
0.071389668
  0
VERTEX
  5
1b94
  8
Layer_0
  10
-1012.4286
  20
-921.1438
  42
0.22307845
  0
VERTEX
  5
1b95
  8
Layer_0
  10
-1015.3905
  20
-919.69409
  42
0.1710554
  0
VERTEX
  5
1b96
  8
Layer_0
  10
-1018.2523
  20
-920.78247
  42
0.15024408
  0
VERTEX
  5
1b97
  8
Layer_0
  10
-1021.0814
  20
-924.96558
  42
0.1537145
  0
VERTEX
  5
1b98
  8
Layer_0
  10
-1020.9017
  20
-929.53052
  42
0.19485664
  0
VERTEX
  5
1b99
  8
Layer_0
  10
-1018.5804
  20
-932.03735
  42
0.1017078
  0
VERTEX
  5
1b9a
  8
Layer_0
  10
-1014.6415
  20
-933.01831
  42
0.019551957
  0
VERTEX
  5
1b9b
  8
Layer_0
  10
-1012.6122
  20
-933.05151
  42
-0.085098622
  0
VERTEX
  5
1b9c
  8
Layer_0
  10
-1014.1327
  20
-935.02808
  42
-0.084325889
  0
VERTEX
  5
1b9d
  8
Layer_0
  10
-1018.6415
  20
-938.12427
  42
-0.15188151
  0
VERTEX
  5
1b9e
  8
Layer_0
  10
-1023.0814
  20
-938.72241
  42
-0.054034461
  0
VERTEX
  5
1b9f
  8
Layer_0
  10
-1024.9344
  20
-938.1311
  0
VERTEX
  5
1ba0
  8
Layer_0
  10
-1025.5155
  20
-939.46948
  42
0.076180603
  0
VERTEX
  5
1ba1
  8
Layer_0
  10
-1020.7338
  20
-941.86401
  42
0.093933143
  0
VERTEX
  5
1ba2
  8
Layer_0
  10
-1017.6024
  20
-942.2395
  0
SEQEND
  0
POLYLINE
  5
1ba4
  8
Layer_0
  62
0
  66
1
  10
0
  20
0
  30
0
  0
VERTEX
  5
1ba4
  8
Layer_0
  10
-706.80115
  20
-936.58569
  42
0.20551891
  0
VERTEX
  5
1ba5
  8
Layer_0
  10
-703.77039
  20
-935.03784
  42
0.12480292
  0
VERTEX
  5
1ba6
  8
Layer_0
  10
-702.34021
  20
-932.18726
  42
0.17016483
  0
VERTEX
  5
1ba7
  8
Layer_0
  10
-702.83435
  20
-927.46411
  42
0.32664865
  0
VERTEX
  5
1ba8
  8
Layer_0
  10
-707.66052
  20
-924.88403
  42
0.065158188
  0
VERTEX
  5
1ba9
  8
Layer_0
  10
-709.87537
  20
-925.4519
  42
-0.015611001
  0
VERTEX
  5
1baa
  8
Layer_0
  10
-710.11023
  20
-919.22681
  42
-0.0015610576
  0
VERTEX
  5
1bab
  8
Layer_0
  10
-710.15369
  20
-915.75366
  0
VERTEX
  5
1bac
  8
Layer_0
  10
-707.85291
  20
-914.01099
  0
VERTEX
  5
1bad
  8
Layer_0
  10
-708.18445
  20
-913.45728
  42
-0.046773783
  0
VERTEX
  5
1bae
  8
Layer_0
  10
-710.2323
  20
-909.33813
  42
-0.081935252
  0
VERTEX
  5
1baf
  8
Layer_0
  10
-710.63123
  20
-907.26733
  0
VERTEX
  5
1bb0
  8
Layer_0
  10
-710.93103
  20
-907.06567
  42
0.081206577
  0
VERTEX
  5
1bb1
  8
Layer_0
  10
-713.078
  20
-909.19702
  42
0.13934408
  0
VERTEX
  5
1bb2
  8
Layer_0
  10
-713.59314
  20
-911.30884
  42
0.0308745
  0
VERTEX
  5
1bb3
  8
Layer_0
  10
-713.37048
  20
-913.61401
  0
VERTEX
  5
1bb4
  8
Layer_0
  10
-713.31628
  20
-914.10376
  42
-0.0097587213
  0
VERTEX
  5
1bb5
  8
Layer_0
  10
-713.23962
  20
-915.04663
  0
VERTEX
  5
1bb6
  8
Layer_0
  10
-713.10632
  20
-918.0354
  42
0.0030904807
  0
VERTEX
  5
1bb7
  8
Layer_0
  10
-712.65808
  20
-926.99292
  0
VERTEX
  5
1bb8
  8
Layer_0
  10
-713.21277
  20
-927.25269
  42
-0.078366469
  0
VERTEX
  5
1bb9
  8
Layer_0
  10
-716.50183
  20
-927.9519
  42
-0.01666141
  0
VERTEX
  5
1bba
  8
Layer_0
  10
-718.35046
  20
-928.00415
  0
VERTEX
  5
1bbb
  8
Layer_0
  10
-718.35046
  20
-928.00317
  42
-0.079861832
  0
VERTEX
  5
1bbc
  8
Layer_0
  10
-720.1908
  20
-927.82983
  42
-0.27643267
  0
VERTEX
  5
1bbd
  8
Layer_0
  10
-721.81921
  20
-926.21313
  42
-0.073464028
  0
VERTEX
  5
1bbe
  8
Layer_0
  10
-722.01257
  20
-924.6189
  42
-0.0022484894
  0
VERTEX
  5
1bbf
  8
Layer_0
  10
-721.96619
  20
-919.78345
  0
VERTEX
  5
1bc0
  8
Layer_0
  10
-721.96228
  20
-918.55737
  42
0.021447967
  0
VERTEX
  5
1bc1
  8
Layer_0
  10
-722.28259
  20
-908.63403
  0
VERTEX
  5
1bc2
  8
Layer_0
  10
-722.41638
  20
-907.24243
  0
VERTEX
  5
1bc3
  8
Layer_0
  10
-722.76941
  20
-907.06567
  42
0.02668424
  0
VERTEX
  5
1bc4
  8
Layer_0
  10
-725.67175
  20
-909.8689
  0
VERTEX
  5
1bc5
  8
Layer_0
  10
-725.51697
  20
-911.45435
  42
-0.01785698
  0
VERTEX
  5
1bc6
  8
Layer_0
  10
-724.74402
  20
-926.83472
  0
VERTEX
  5
1bc7
  8
Layer_0
  10
-724.71326
  20
-927.26587
  42
0.099649955
  0
VERTEX
  5
1bc8
  8
Layer_0
  10
-723.90076
  20
-930.40161
  42
0.14204525
  0
VERTEX
  5
1bc9
  8
Layer_0
  10
-722.15417
  20
-932.23267
  42
0.12146219
  0
VERTEX
  5
1bca
  8
Layer_0
  10
-719.4198
  20
-933.03833
  42
0.010301768
  0
VERTEX
  5
1bcb
  8
Layer_0
  10
-718.35046
  20
-933.05151
  0
VERTEX
  5
1bcc
  8
Layer_0
  10
-718.35046
  20
-933.05054
  0
VERTEX
  5
1bcd
  8
Layer_0
  10
-718.34167
  20
-933.05151
  42
0.093674484
  0
VERTEX
  5
1bce
  8
Layer_0
  10
-714.88757
  20
-932.5437
  42
0.085893456
  0
VERTEX
  5
1bcf
  8
Layer_0
  10
-712.50671
  20
-931.18384
  0
VERTEX
  5
1bd0
  8
Layer_0
  10
-712.43054
  20
-931.18384
  0
VERTEX
  5
1bd1
  8
Layer_0
  10
-712.26257
  20
-931.84009
  42
0.086698593
  0
VERTEX
  5
1bd2
  8
Layer_0
  10
-711.05847
  20
-934.48853
  42
0.16254062
  0
VERTEX
  5
1bd3
  8
Layer_0
  10
-708.51599
  20
-936.42114
  42
0.10444682
  0
VERTEX
  5
1bd4
  8
Layer_0
  10
-706.80115
  20
-936.58569
  0
SEQEND
  0
POLYLINE
  5
1bd6
  8
Layer_0
  62
0
  66
1
  10
0
  20
0
  30
0
  0
VERTEX
  5
1bd6
  8
Layer_0
  10
-982.08875
  20
-933.00562
  0
VERTEX
  5
1bd7
  8
Layer_0
  10
-981.54089
  20
-932.26245
  42
0.031644549
  0
VERTEX
  5
1bd8
  8
Layer_0
  10
-980.52966
  20
-930.61938
  42
0.073610397
  0
VERTEX
  5
1bd9
  8
Layer_0
  10
-980.07996
  20
-928.6897
  42
0.027781525
  0
VERTEX
  5
1bda
  8
Layer_0
  10
-979.84705
  20
-923.32788
  42
0.019440143
  0
VERTEX
  5
1bdb
  8
Layer_0
  10
-980.25964
  20
-909.89917
  0
VERTEX
  5
1bdc
  8
Layer_0
  10
-980.42761
  20
-907.87036
  0
VERTEX
  5
1bdd
  8
Layer_0
  10
-980.85632
  20
-907.64331
  42
0.025928192
  0
VERTEX
  5
1bde
  8
Layer_0
  10
-983.78406
  20
-910.85083
  0
VERTEX
  5
1bdf
  8
Layer_0
  10
-983.57361
  20
-912.91968
  42
-0.028590702
  0
VERTEX
  5
1be0
  8
Layer_0
  10
-982.96326
  20
-929.78931
  42
-0.027051998
  0
VERTEX
  5
1be1
  8
Layer_0
  10
-983.25378
  20
-933.35474
  0
VERTEX
  5
1be2
  8
Layer_0
  10
-982.69812
  20
-933.75854
  0
VERTEX
  5
1be3
  8
Layer_0
  10
-982.08875
  20
-933.00562
  0
SEQEND
  0
POLYLINE
  5
1be5
  8
Layer_0
  62
0
  66
1
  10
0
  20
0
  30
0
  0
VERTEX
  5
1be5
  8
Layer_0
  10
-817.60046
  20
-933.00562
  42
0.043576567
  0
VERTEX
  5
1be6
  8
Layer_0
  10
-816.04138
  20
-930.61938
  42
0.073660928
  0
VERTEX
  5
1be7
  8
Layer_0
  10
-815.59167
  20
-928.6897
  42
0.027781466
  0
VERTEX
  5
1be8
  8
Layer_0
  10
-815.35876
  20
-923.32788
  42
0.019440145
  0
VERTEX
  5
1be9
  8
Layer_0
  10
-815.77136
  20
-909.89917
  0
VERTEX
  5
1bea
  8
Layer_0
  10
-815.93933
  20
-907.87036
  0
VERTEX
  5
1beb
  8
Layer_0
  10
-816.36804
  20
-907.64331
  42
0.025904449
  0
VERTEX
  5
1bec
  8
Layer_0
  10
-819.29578
  20
-910.85083
  0
VERTEX
  5
1bed
  8
Layer_0
  10
-819.08533
  20
-912.91968
  42
-0.028594746
  0
VERTEX
  5
1bee
  8
Layer_0
  10
-818.47498
  20
-929.78931
  42
-0.027293894
  0
VERTEX
  5
1bef
  8
Layer_0
  10
-818.7655
  20
-933.35474
  0
VERTEX
  5
1bf0
  8
Layer_0
  10
-818.20984
  20
-933.75854
  0
VERTEX
  5
1bf1
  8
Layer_0
  10
-817.60046
  20
-933.00562
  0
SEQEND
  0
POLYLINE
  5
1bf3
  8
Layer_0
  62
0
  66
1
  10
0
  20
0
  30
0
  0
VERTEX
  5
1bf3
  8
Layer_0
  10
-1123.5072
  20
-933.45776
  42
0.20125903
  0
VERTEX
  5
1bf4
  8
Layer_0
  10
-1117.6405
  20
-930.65454
  42
0.28531112
  0
VERTEX
  5
1bf5
  8
Layer_0
  10
-1116.2289
  20
-921.95142
  42
0.21889156
  0
VERTEX
  5
1bf6
  8
Layer_0
  10
-1120.1674
  20
-918.62524
  42
0.080901057
  0
VERTEX
  5
1bf7
  8
Layer_0
  10
-1123.0262
  20
-918.26929
  42
0.067206503
  0
VERTEX
  5
1bf8
  8
Layer_0
  10
-1124.642
  20
-918.81323
  0
VERTEX
  5
1bf9
  8
Layer_0
  10
-1124.9784
  20
-918.96069
  0
VERTEX
  5
1bfa
  8
Layer_0
  10
-1126.9496
  20
-919.8938
  42
-0.095529919
  0
VERTEX
  5
1bfb
  8
Layer_0
  10
-1125.2582
  20
-916.02905
  42
-0.11040777
  0
VERTEX
  5
1bfc
  8
Layer_0
  10
-1121.4657
  20
-912.59888
  42
-0.068335621
  0
VERTEX
  5
1bfd
  8
Layer_0
  10
-1118.0677
  20
-911.2395
  42
-0.012569194
  0
VERTEX
  5
1bfe
  8
Layer_0
  10
-1116.6693
  20
-910.87915
  0
VERTEX
  5
1bff
  8
Layer_0
  10
-1116.9218
  20
-909.46509
  42
0.03386914
  0
VERTEX
  5
1c00
  8
Layer_0
  10
-1122.6288
  20
-910.677
  42
0.15004013
  0
VERTEX
  5
1c01
  8
Layer_0
  10
-1129.9242
  20
-915.81665
  42
0.15386501
  0
VERTEX
  5
1c02
  8
Layer_0
  10
-1132.558
  20
-923.35962
  42
0.099814585
  0
VERTEX
  5
1c03
  8
Layer_0
  10
-1131.9261
  20
-928.0354
  42
0.15582034
  0
VERTEX
  5
1c04
  8
Layer_0
  10
-1128.8759
  20
-932.05884
  42
0.16955686
  0
VERTEX
  5
1c05
  8
Layer_0
  10
-1123.5072
  20
-933.45776
  0
SEQEND
  0
POLYLINE
  5
1c07
  8
Layer_0
  62
0
  66
1
  10
0
  20
0
  30
0
  0
VERTEX
  5
1c07
  8
Layer_0
  10
-1108.2084
  20
-933.47388
  0
VERTEX
  5
1c08
  8
Layer_0
  10
-1107.9408
  20
-933.45093
  42
0.12451201
  0
VERTEX
  5
1c09
  8
Layer_0
  10
-1101.0775
  20
-930.573
  42
0.096293205
  0
VERTEX
  5
1c0a
  8
Layer_0
  10
-1098.7401
  20
-927.92505
  42
0.18720615
  0
VERTEX
  5
1c0b
  8
Layer_0
  10
-1098.1722
  20
-923.38794
  42
0.21511572
  0
VERTEX
  5
1c0c
  8
Layer_0
  10
-1101.1146
  20
-919.86938
  42
0.072252663
  0
VERTEX
  5
1c0d
  8
Layer_0
  10
-1103.5262
  20
-919.11108
  0
VERTEX
  5
1c0e
  8
Layer_0
  10
-1103.5262
  20
-919.01001
  0
VERTEX
  5
1c0f
  8
Layer_0
  10
-1103.0892
  20
-918.73755
  42
0.03230705
  0
VERTEX
  5
1c10
  8
Layer_0
  10
-1101.056
  20
-917.33813
  42
0.1161752
  0
VERTEX
  5
1c11
  8
Layer_0
  10
-1099.9335
  20
-916.02612
  42
0.11471488
  0
VERTEX
  5
1c12
  8
Layer_0
  10
-1099.6146
  20
-914.6145
  42
0.16547266
  0
VERTEX
  5
1c13
  8
Layer_0
  10
-1100.5179
  20
-911.81079
  42
0.13385775
  0
VERTEX
  5
1c14
  8
Layer_0
  10
-1102.578
  20
-910.25464
  42
0.14754928
  0
VERTEX
  5
1c15
  8
Layer_0
  10
-1107.4623
  20
-909.89526
  42
0.14550847
  0
VERTEX
  5
1c16
  8
Layer_0
  10
-1111.0531
  20
-912.01343
  0
VERTEX
  5
1c17
  8
Layer_0
  10
-1112.8969
  20
-914.46313
  0
VERTEX
  5
1c18
  8
Layer_0
  10
-1111.9369
  20
-915.39771
  0
VERTEX
  5
1c19
  8
Layer_0
  10
-1111.6986
  20
-915.07251
  42
-0.094130911
  0
VERTEX
  5
1c1a
  8
Layer_0
  10
-1109.6498
  20
-913.14624
  42
-0.2056134
  0
VERTEX
  5
1c1b
  8
Layer_0
  10
-1106.2118
  20
-912.75562
  42
-0.22669587
  0
VERTEX
  5
1c1c
  8
Layer_0
  10
-1104.475
  20
-914.38013
  42
-0.14563424
  0
VERTEX
  5
1c1d
  8
Layer_0
  10
-1104.3192
  20
-916.72583
  42
-0.16677549
  0
VERTEX
  5
1c1e
  8
Layer_0
  10
-1105.7142
  20
-918.78589
  42
-0.081363855
  0
VERTEX
  5
1c1f
  8
Layer_0
  10
-1108.9418
  20
-920.50903
  0
VERTEX
  5
1c20
  8
Layer_0
  10
-1109.5126
  20
-920.70239
  0
VERTEX
  5
1c21
  8
Layer_0
  10
-1109.285
  20
-921.94019
  0
VERTEX
  5
1c22
  8
Layer_0
  10
-1108.827
  20
-921.85815
  42
-0.069558699
  0
VERTEX
  5
1c23
  8
Layer_0
  10
-1106.7631
  20
-921.71362
  42
-0.1316335
  0
VERTEX
  5
1c24
  8
Layer_0
  10
-1104.5311
  20
-922.57642
  42
-0.20978383
  0
VERTEX
  5
1c25
  8
Layer_0
  10
-1102.8749
  20
-925.55933
  42
-0.1029001
  0
VERTEX
  5
1c26
  8
Layer_0
  10
-1103.2225
  20
-929.13013
  42
-0.19974431
  0
VERTEX
  5
1c27
  8
Layer_0
  10
-1104.8759
  20
-931.11011
  42
-0.11991573
  0
VERTEX
  5
1c28
  8
Layer_0
  10
-1106.1786
  20
-931.38794
  42
-0.12574789
  0
VERTEX
  5
1c29
  8
Layer_0
  10
-1108.7128
  20
-930.68579
  42
-0.05773621
  0
VERTEX
  5
1c2a
  8
Layer_0
  10
-1110.8285
  20
-929.16382
  0
VERTEX
  5
1c2b
  8
Layer_0
  10
-1111.0531
  20
-928.96265
  42
0.37109809
  0
VERTEX
  5
1c2c
  8
Layer_0
  10
-1112.4672
  20
-929.03833
  42
0.12611907
  0
VERTEX
  5
1c2d
  8
Layer_0
  10
-1113.451
  20
-930.26392
  42
0.26293803
  0
VERTEX
  5
1c2e
  8
Layer_0
  10
-1113.2274
  20
-931.71606
  42
0.14357865
  0
VERTEX
  5
1c2f
  8
Layer_0
  10
-1111.2689
  20
-933.01099
  42
0.094691577
  0
VERTEX
  5
1c30
  8
Layer_0
  10
-1108.2084
  20
-933.47388
  0
SEQEND
  0
POLYLINE
  5
1c32
  8
Layer_0
  62
0
  66
1
  10
0
  20
0
  30
0
  0
VERTEX
  5
1c32
  8
Layer_0
  10
-1086.4276
  20
-933.45728
  0
VERTEX
  5
1c33
  8
Layer_0
  10
-1085.8754
  20
-933.40063
  42
0.17047723
  0
VERTEX
  5
1c34
  8
Layer_0
  10
-1081.9481
  20
-931.4729
  42
0.096418048
  0
VERTEX
  5
1c35
  8
Layer_0
  10
-1080.0599
  20
-928.64282
  42
0.069961201
  0
VERTEX
  5
1c36
  8
Layer_0
  10
-1078.9476
  20
-924.66724
  42
0.10160978
  0
VERTEX
  5
1c37
  8
Layer_0
  10
-1079.3715
  20
-916.44946
  42
0.081219429
  0
VERTEX
  5
1c38
  8
Layer_0
  10
-1081.0121
  20
-912.79468
  42
0.15155843
  0
VERTEX
  5
1c39
  8
Layer_0
  10
-1084.3295
  20
-910.13794
  42
0.18699836
  0
VERTEX
  5
1c3a
  8
Layer_0
  10
-1090.0785
  20
-910.32544
  42
0.15761679
  0
VERTEX
  5
1c3b
  8
Layer_0
  10
-1093.4867
  20
-913.63452
  42
0.075048444
  0
VERTEX
  5
1c3c
  8
Layer_0
  10
-1094.8866
  20
-917.47925
  42
0.11611781
  0
VERTEX
  5
1c3d
  8
Layer_0
  10
-1094.6576
  20
-926.72095
  42
0.08165055
  0
VERTEX
  5
1c3e
  8
Layer_0
  10
-1093.0057
  20
-930.37231
  42
0.15134887
  0
VERTEX
  5
1c3f
  8
Layer_0
  10
-1089.6561
  20
-933.03345
  42
0.10244668
  0
VERTEX
  5
1c40
  8
Layer_0
  10
-1086.4276
  20
-933.45728
  0
SEQEND
  0
POLYLINE
  5
1c42
  8
Layer_0
  62
0
  66
1
  10
0
  20
0
  30
0
  0
VERTEX
  5
1c42
  8
Layer_0
  10
-1067.806
  20
-933.45728
  0
VERTEX
  5
1c43
  8
Layer_0
  10
-1067.2543
  20
-933.40063
  42
0.17047791
  0
VERTEX
  5
1c44
  8
Layer_0
  10
-1063.3265
  20
-931.4729
  42
0.096372713
  0
VERTEX
  5
1c45
  8
Layer_0
  10
-1061.4384
  20
-928.64282
  42
0.069768754
  0
VERTEX
  5
1c46
  8
Layer_0
  10
-1060.326
  20
-924.66724
  42
0.10155684
  0
VERTEX
  5
1c47
  8
Layer_0
  10
-1060.7504
  20
-916.44946
  42
0.081294634
  0
VERTEX
  5
1c48
  8
Layer_0
  10
-1062.3905
  20
-912.79468
  42
0.15156573
  0
VERTEX
  5
1c49
  8
Layer_0
  10
-1065.7084
  20
-910.13794
  42
0.18702066
  0
VERTEX
  5
1c4a
  8
Layer_0
  10
-1071.4569
  20
-910.32544
  42
0.1575447
  0
VERTEX
  5
1c4b
  8
Layer_0
  10
-1074.8656
  20
-913.63452
  42
0.074997161
  0
VERTEX
  5
1c4c
  8
Layer_0
  10
-1076.265
  20
-917.47925
  42
0.11615473
  0
VERTEX
  5
1c4d
  8
Layer_0
  10
-1076.036
  20
-926.72095
  42
0.08160301
  0
VERTEX
  5
1c4e
  8
Layer_0
  10
-1074.3846
  20
-930.37231
  42
0.15135112
  0
VERTEX
  5
1c4f
  8
Layer_0
  10
-1071.035
  20
-933.03345
  42
0.10240437
  0
VERTEX
  5
1c50
  8
Layer_0
  10
-1067.806
  20
-933.45728
  0
SEQEND
  0
POLYLINE
  5
1c52
  8
Layer_0
  62
0
  66
1
  10
0
  20
0
  30
0
  0
VERTEX
  5
1c52
  8
Layer_0
  10
-737.86707
  20
-916.30054
  42
0.052913346
  0
VERTEX
  5
1c53
  8
Layer_0
  10
-735.70251
  20
-913.15259
  42
0.055100946
  0
VERTEX
  5
1c54
  8
Layer_0
  10
-739.82068
  20
-909.89429
  0
VERTEX
  5
1c55
  8
Layer_0
  10
-742.37195
  20
-913.53101
  0
VERTEX
  5
1c56
  8
Layer_0
  10
-741.31677
  20
-914.28442
  42
-0.023390616
  0
VERTEX
  5
1c57
  8
Layer_0
  10
-738.25427
  20
-916.73901
  0
VERTEX
  5
1c58
  8
Layer_0
  10
-737.86707
  20
-916.30054
  0
SEQEND
  0
POLYLINE
  5
1c5a
  8
Layer_0
  62
0
  66
1
  10
0
  20
0
  30
0
  0
VERTEX
  5
1c5a
  8
Layer_0
  10
-1087.2518
  20
-931.90503
  42
-0.19131711
  0
VERTEX
  5
1c5b
  8
Layer_0
  10
-1088.5043
  20
-930.99878
  42
-0.072491437
  0
VERTEX
  5
1c5c
  8
Layer_0
  10
-1089.3661
  20
-929.00415
  42
-0.040018474
  0
VERTEX
  5
1c5d
  8
Layer_0
  10
-1089.8988
  20
-926.33374
  42
-0.0646716
  0
VERTEX
  5
1c5e
  8
Layer_0
  10
-1089.788
  20
-915.51733
  42
-0.080035171
  0
VERTEX
  5
1c5f
  8
Layer_0
  10
-1088.8295
  20
-912.43823
  42
-0.13430275
  0
VERTEX
  5
1c60
  8
Layer_0
  10
-1087.9364
  20
-911.47437
  42
-0.31748981
  0
VERTEX
  5
1c61
  8
Layer_0
  10
-1085.9481
  20
-911.63013
  42
-0.12535095
  0
VERTEX
  5
1c62
  8
Layer_0
  10
-1084.9481
  20
-913.11841
  42
-0.06485395
  0
VERTEX
  5
1c63
  8
Layer_0
  10
-1084.1122
  20
-916.53247
  42
-0.064658032
  0
VERTEX
  5
1c64
  8
Layer_0
  10
-1084.2279
  20
-927.58325
  42
-0.079407272
  0
VERTEX
  5
1c65
  8
Layer_0
  10
-1085.1971
  20
-930.71606
  42
-0.13418748
  0
VERTEX
  5
1c66
  8
Layer_0
  10
-1086.0936
  20
-931.69507
  42
-0.18806738
  0
VERTEX
  5
1c67
  8
Layer_0
  10
-1087.2518
  20
-931.90503
  0
SEQEND
  0
POLYLINE
  5
1c69
  8
Layer_0
  62
0
  66
1
  10
0
  20
0
  30
0
  0
VERTEX
  5
1c69
  8
Layer_0
  10
-1068.6302
  20
-931.90503
  42
-0.19119922
  0
VERTEX
  5
1c6a
  8
Layer_0
  10
-1069.8832
  20
-930.99878
  42
-0.072423501
  0
VERTEX
  5
1c6b
  8
Layer_0
  10
-1070.7445
  20
-929.00415
  42
-0.040107948
  0
VERTEX
  5
1c6c
  8
Layer_0
  10
-1071.2772
  20
-926.33374
  42
-0.064689298
  0
VERTEX
  5
1c6d
  8
Layer_0
  10
-1071.1664
  20
-915.51733
  42
-0.080145931
  0
VERTEX
  5
1c6e
  8
Layer_0
  10
-1070.2079
  20
-912.43823
  42
-0.13417814
  0
VERTEX
  5
1c6f
  8
Layer_0
  10
-1069.3153
  20
-911.47437
  42
-0.31747128
  0
VERTEX
  5
1c70
  8
Layer_0
  10
-1067.327
  20
-911.63013
  42
-0.12535674
  0
VERTEX
  5
1c71
  8
Layer_0
  10
-1066.327
  20
-913.11841
  42
-0.064796708
  0
VERTEX
  5
1c72
  8
Layer_0
  10
-1065.4906
  20
-916.53247
  42
-0.064634482
  0
VERTEX
  5
1c73
  8
Layer_0
  10
-1065.6063
  20
-927.58325
  42
-0.079356132
  0
VERTEX
  5
1c74
  8
Layer_0
  10
-1066.5756
  20
-930.71606
  42
-0.13389526
  0
VERTEX
  5
1c75
  8
Layer_0
  10
-1067.4725
  20
-931.69507
  42
-0.18798025
  0
VERTEX
  5
1c76
  8
Layer_0
  10
-1068.6302
  20
-931.90503
  0
SEQEND
  0
POLYLINE
  5
1c78
  8
Layer_0
  62
0
  66
1
  10
0
  20
0
  30
0
  0
VERTEX
  5
1c78
  8
Layer_0
  10
-954.59851
  20
-919.3313
  0
VERTEX
  5
1c79
  8
Layer_0
  10
-954.23181
  20
-918.8894
  42
0.044741066
  0
VERTEX
  5
1c7a
  8
Layer_0
  10
-952.43396
  20
-916.18335
  42
0.0551022
  0
VERTEX
  5
1c7b
  8
Layer_0
  10
-956.55212
  20
-912.92505
  0
VERTEX
  5
1c7c
  8
Layer_0
  10
-959.10339
  20
-916.56226
  0
VERTEX
  5
1c7d
  8
Layer_0
  10
-958.04822
  20
-917.31519
  42
-0.023392866
  0
VERTEX
  5
1c7e
  8
Layer_0
  10
-954.98572
  20
-919.76978
  0
VERTEX
  5
1c7f
  8
Layer_0
  10
-954.59851
  20
-919.3313
  0
SEQEND
  0
POLYLINE
  5
1c81
  8
Layer_0
  62
0
  66
1
  10
0
  20
0
  30
0
  0
VERTEX
  5
1c81
  8
Layer_0
  10
-1001.4091
  20
-919.59937
  0
VERTEX
  5
1c82
  8
Layer_0
  10
-1001.078
  20
-919.25806
  42
0.081007396
  0
VERTEX
  5
1c83
  8
Layer_0
  10
-999.48718
  20
-916.8147
  42
0.044581318
  0
VERTEX
  5
1c84
  8
Layer_0
  10
-1003.098
  20
-913.85962
  0
VERTEX
  5
1c85
  8
Layer_0
  10
-1005.4213
  20
-917.11792
  0
VERTEX
  5
1c86
  8
Layer_0
  10
-1004.4193
  20
-917.83276
  42
-0.023888183
  0
VERTEX
  5
1c87
  8
Layer_0
  10
-1001.7596
  20
-919.92114
  0
VERTEX
  5
1c88
  8
Layer_0
  10
-1001.4091
  20
-919.59937
  0
SEQEND
  0
POLYLINE
  5
1c8a
  8
Layer_0
  62
0
  66
1
  10
0
  20
0
  30
0
  0
VERTEX
  5
1c8a
  8
Layer_0
  10
-1034.7631
  20
-945.3894
  42
0.072173937
  0
VERTEX
  5
1c8b
  8
Layer_0
  10
-1032.5219
  20
-945.04858
  42
0.045445207
  0
VERTEX
  5
1c8c
  8
Layer_0
  10
-1028.0536
  20
-941.91821
  42
0.0092403593
  0
VERTEX
  5
1c8d
  8
Layer_0
  10
-1026.4852
  20
-940.5813
  0
VERTEX
  5
1c8e
  8
Layer_0
  10
-1026.8641
  20
-940.00024
  0
VERTEX
  5
1c8f
  8
Layer_0
  10
-1027.5414
  20
-940.11499
  42
-0.076381749
  0
VERTEX
  5
1c90
  8
Layer_0
  10
-1036.7177
  20
-940.14233
  42
-0.080738256
  0
VERTEX
  5
1c91
  8
Layer_0
  10
-1041.1405
  20
-938.69312
  42
-0.11105622
  0
VERTEX
  5
1c92
  8
Layer_0
  10
-1043.4305
  20
-936.78882
  42
-0.18440605
  0
VERTEX
  5
1c93
  8
Layer_0
  10
-1044.2006
  20
-934.27026
  42
-0.13419687
  0
VERTEX
  5
1c94
  8
Layer_0
  10
-1043.4125
  20
-932.47925
  42
-0.076093136
  0
VERTEX
  5
1c95
  8
Layer_0
  10
-1041.0492
  20
-930.32544
  42
-0.050687272
  0
VERTEX
  5
1c96
  8
Layer_0
  10
-1036.0077
  20
-927.62183
  42
-0.018637308
  0
VERTEX
  5
1c97
  8
Layer_0
  10
-1031.9154
  20
-926.0564
  0
VERTEX
  5
1c98
  8
Layer_0
  10
-1031.5399
  20
-924.92603
  42
0.014495853
  0
VERTEX
  5
1c99
  8
Layer_0
  10
-1030.6024
  20
-921.45923
  0
VERTEX
  5
1c9a
  8
Layer_0
  10
-1030.8549
  20
-921.25708
  42
0.011293797
  0
VERTEX
  5
1c9b
  8
Layer_0
  10
-1037.7699
  20
-924.0813
  0
VERTEX
  5
1c9c
  8
Layer_0
  10
-1038.1146
  20
-924.21265
  42
-0.059770668
  0
VERTEX
  5
1c9d
  8
Layer_0
  10
-1039.0126
  20
-924.46509
  42
-0.11464317
  0
VERTEX
  5
1c9e
  8
Layer_0
  10
-1040.474
  20
-923.96851
  42
-0.10901672
  0
VERTEX
  5
1c9f
  8
Layer_0
  10
-1043.1356
  20
-921.61304
  42
-0.13504674
  0
VERTEX
  5
1ca0
  8
Layer_0
  10
-1043.4579
  20
-920.67603
  42
-0.16038819
  0
VERTEX
  5
1ca1
  8
Layer_0
  10
-1043.1542
  20
-920.21948
  42
-0.086191994
  0
VERTEX
  5
1ca2
  8
Layer_0
  10
-1041.3802
  20
-919.11743
  42
-0.14051371
  0
VERTEX
  5
1ca3
  8
Layer_0
  10
-1037.5204
  20
-918.48267
  42
-0.10791932
  0
VERTEX
  5
1ca4
  8
Layer_0
  10
-1034.8705
  20
-919.43823
  0
VERTEX
  5
1ca5
  8
Layer_0
  10
-1034.1381
  20
-918.60474
  42
0.084792095
  0
VERTEX
  5
1ca6
  8
Layer_0
  10
-1036.3241
  20
-915.97681
  42
0.17875598
  0
VERTEX
  5
1ca7
  8
Layer_0
  10
-1039.6439
  20
-914.71851
  42
0.1676713
  0
VERTEX
  5
1ca8
  8
Layer_0
  10
-1043.0624
  20
-915.98999
  42
0.11709251
  0
VERTEX
  5
1ca9
  8
Layer_0
  10
-1045.3773
  20
-918.92944
  42
0.098451142
  0
VERTEX
  5
1caa
  8
Layer_0
  10
-1046.3436
  20
-922.19312
  42
0.21079482
  0
VERTEX
  5
1cab
  8
Layer_0
  10
-1044.9784
  20
-926.11841
  42
0.062613654
  0
VERTEX
  5
1cac
  8
Layer_0
  10
-1043.1298
  20
-927.77417
  0
VERTEX
  5
1cad
  8
Layer_0
  10
-1043.58
  20
-928.31714
  42
0.083085752
  0
VERTEX
  5
1cae
  8
Layer_0
  10
-1046.0609
  20
-932.56519
  42
0.1769022
  0
VERTEX
  5
1caf
  8
Layer_0
  10
-1046.1083
  20
-939.69019
  42
0.15903331
  0
VERTEX
  5
1cb0
  8
Layer_0
  10
-1042.9574
  20
-943.53101
  42
0.089110628
  0
VERTEX
  5
1cb1
  8
Layer_0
  10
-1039.2435
  20
-945.02124
  42
0.064091903
  0
VERTEX
  5
1cb2
  8
Layer_0
  10
-1034.7631
  20
-945.3894
  0
SEQEND
  0
POLYLINE
  5
1cb4
  8
Layer_0
  62
0
  66
1
  10
0
  20
0
  30
0
  0
VERTEX
  5
1cb4
  8
Layer_0
  10
-739.76941
  20
-939.93677
  42
0.19841149
  0
VERTEX
  5
1cb5
  8
Layer_0
  10
-731.63318
  20
-935.98511
  42
0.021519857
  0
VERTEX
  5
1cb6
  8
Layer_0
  10
-731.08142
  20
-935.2771
  42
0.067875723
  0
VERTEX
  5
1cb7
  8
Layer_0
  10
-729.65173
  20
-930.51782
  42
0.055238324
  0
VERTEX
  5
1cb8
  8
Layer_0
  10
-729.64783
  20
-926.87671
  42
0.080146366
  0
VERTEX
  5
1cb9
  8
Layer_0
  10
-731.88953
  20
-918.5896
  0
VERTEX
  5
1cba
  8
Layer_0
  10
-732.19128
  20
-917.92603
  0
VERTEX
  5
1cbb
  8
Layer_0
  10
-732.49451
  20
-917.87524
  42
0.025594393
  0
VERTEX
  5
1cbc
  8
Layer_0
  10
-735.17224
  20
-922.16919
  0
VERTEX
  5
1cbd
  8
Layer_0
  10
-734.80798
  20
-922.87866
  42
-0.040822801
  0
VERTEX
  5
1cbe
  8
Layer_0
  10
-732.79724
  20
-927.62671
  42
-0.076224536
  0
VERTEX
  5
1cbf
  8
Layer_0
  10
-732.26697
  20
-930.50366
  42
-0.20003101
  0
VERTEX
  5
1cc0
  8
Layer_0
  10
-732.77234
  20
-931.79175
  42
-0.09843346
  0
VERTEX
  5
1cc1
  8
Layer_0
  10
-735.84167
  20
-933.75269
  42
-0.10658688
  0
VERTEX
  5
1cc2
  8
Layer_0
  10
-740.08386
  20
-934.58911
  42
-0.13862603
  0
VERTEX
  5
1cc3
  8
Layer_0
  10
-743.60339
  20
-933.43726
  42
-0.20191428
  0
VERTEX
  5
1cc4
  8
Layer_0
  10
-745.64392
  20
-930.01831
  42
-0.12284372
  0
VERTEX
  5
1cc5
  8
Layer_0
  10
-745.42566
  20
-926.67114
  42
-0.041692605
  0
VERTEX
  5
1cc6
  8
Layer_0
  10
-744.46863
  20
-924.1897
  0
VERTEX
  5
1cc7
  8
Layer_0
  10
-745.85828
  20
-923.48218
  42
0.081055578
  0
VERTEX
  5
1cc8
  8
Layer_0
  10
-747.93591
  20
-929.15063
  42
0.1175364
  0
VERTEX
  5
1cc9
  8
Layer_0
  10
-747.71912
  20
-934.58862
  42
0.23079356
  0
VERTEX
  5
1cca
  8
Layer_0
  10
-743.47791
  20
-939.33667
  42
0.10202747
  0
VERTEX
  5
1ccb
  8
Layer_0
  10
-739.76941
  20
-939.93677
  0
SEQEND
  0
POLYLINE
  5
1ccd
  8
Layer_0
  62
0
  66
1
  10
0
  20
0
  30
0
  0
VERTEX
  5
1ccd
  8
Layer_0
  10
-942.14246
  20
-933.03687
  42
0.27231827
  0
VERTEX
  5
1cce
  8
Layer_0
  10
-938.65076
  20
-930.73804
  42
0.03159203
  0
VERTEX
  5
1ccf
  8
Layer_0
  10
-938.35242
  20
-930.07104
  0
VERTEX
  5
1cd0
  8
Layer_0
  10
-938.27673
  20
-930.07104
  0
VERTEX
  5
1cd1
  8
Layer_0
  10
-937.8446
  20
-930.39868
  42
0.092583116
  0
VERTEX
  5
1cd2
  8
Layer_0
  10
-933.54626
  20
-932.54761
  42
0.084179956
  0
VERTEX
  5
1cd3
  8
Layer_0
  10
-931.3031
  20
-932.80591
  42
0.18693219
  0
VERTEX
  5
1cd4
  8
Layer_0
  10
-929.13269
  20
-931.7771
  42
0.10165909
  0
VERTEX
  5
1cd5
  8
Layer_0
  10
-927.80701
  20
-929.70142
  42
0.073248091
  0
VERTEX
  5
1cd6
  8
Layer_0
  10
-927.34216
  20
-928.02856
  42
0.11288396
  0
VERTEX
  5
1cd7
  8
Layer_0
  10
-928.93005
  20
-921.6311
  42
0.11777754
  0
VERTEX
  5
1cd8
  8
Layer_0
  10
-930.88513
  20
-919.38989
  42
0.25146081
  0
VERTEX
  5
1cd9
  8
Layer_0
  10
-934.65759
  20
-919.15063
  42
0.193519
  0
VERTEX
  5
1cda
  8
Layer_0
  10
-938.00281
  20
-922.85278
  42
0.0036990466
  0
VERTEX
  5
1cdb
  8
Layer_0
  10
-938.93689
  20
-925.47241
  0
VERTEX
  5
1cdc
  8
Layer_0
  10
-939.05115
  20
-925.76929
  42
-0.23563305
  0
VERTEX
  5
1cdd
  8
Layer_0
  10
-941.33533
  20
-927.82642
  42
-0.07681892
  0
VERTEX
  5
1cde
  8
Layer_0
  10
-942.46863
  20
-928.00317
  42
-0.1041296
  0
VERTEX
  5
1cdf
  8
Layer_0
  10
-945.34167
  20
-927.57642
  42
-0.15285151
  0
VERTEX
  5
1ce0
  8
Layer_0
  10
-946.60242
  20
-926.66479
  42
-0.028277164
  0
VERTEX
  5
1ce1
  8
Layer_0
  10
-948.19519
  20
-923.24487
  0
VERTEX
  5
1ce2
  8
Layer_0
  10
-948.53894
  20
-922.48804
  42
0.0089301825
  0
VERTEX
  5
1ce3
  8
Layer_0
  10
-949.30164
  20
-920.9314
  0
VERTEX
  5
1ce4
  8
Layer_0
  10
-949.63025
  20
-920.93042
  42
0.028717342
  0
VERTEX
  5
1ce5
  8
Layer_0
  10
-952.03015
  20
-924.64282
  0
VERTEX
  5
1ce6
  8
Layer_0
  10
-951.67615
  20
-925.25464
  42
-0.046072602
  0
VERTEX
  5
1ce7
  8
Layer_0
  10
-949.4364
  20
-930.00464
  42
-0.0584074
  0
VERTEX
  5
1ce8
  8
Layer_0
  10
-948.87195
  20
-932.39526
  42
-0.11523119
  0
VERTEX
  5
1ce9
  8
Layer_0
  10
-949.81531
  20
-933.71118
  42
-0.1766308
  0
VERTEX
  5
1cea
  8
Layer_0
  10
-956.6532
  20
-936.4895
  42
-0.10435029
  0
VERTEX
  5
1ceb
  8
Layer_0
  10
-959.58093
  20
-935.95288
  42
-0.12399555
  0
VERTEX
  5
1cec
  8
Layer_0
  10
-961.51257
  20
-934.52515
  42
-0.13740186
  0
VERTEX
  5
1ced
  8
Layer_0
  10
-962.56677
  20
-931.82251
  42
-0.1167455
  0
VERTEX
  5
1cee
  8
Layer_0
  10
-962.20154
  20
-928.16821
  42
-0.035320397
  0
VERTEX
  5
1cef
  8
Layer_0
  10
-961.47839
  20
-926.4104
  0
VERTEX
  5
1cf0
  8
Layer_0
  10
-962.84216
  20
-925.72827
  42
0.068026126
  0
VERTEX
  5
1cf1
  8
Layer_0
  10
-964.5614
  20
-930.2439
  42
0.13908583
  0
VERTEX
  5
1cf2
  8
Layer_0
  10
-964.16199
  20
-937.06714
  42
0.27422628
  0
VERTEX
  5
1cf3
  8
Layer_0
  10
-958.81873
  20
-941.40308
  42
0.14379248
  0
VERTEX
  5
1cf4
  8
Layer_0
  10
-952.29236
  20
-940.52808
  42
0.10671606
  0
VERTEX
  5
1cf5
  8
Layer_0
  10
-948.39294
  20
-937.54956
  42
0.10225716
  0
VERTEX
  5
1cf6
  8
Layer_0
  10
-946.77917
  20
-932.14233
  0
VERTEX
  5
1cf7
  8
Layer_0
  10
-946.703
  20
-932.14233
  0
VERTEX
  5
1cf8
  8
Layer_0
  10
-946.36658
  20
-932.35571
  42
0.099514316
  0
VERTEX
  5
1cf9
  8
Layer_0
  10
-944.20496
  20
-932.99487
  42
0.034550486
  0
VERTEX
  5
1cfa
  8
Layer_0
  10
-942.14246
  20
-933.03687
  0
SEQEND
  0
POLYLINE
  5
1cfc
  8
Layer_0
  62
0
  66
1
  10
0
  20
0
  30
0
  0
VERTEX
  5
1cfc
  8
Layer_0
  10
-696.1283
  20
-940.8103
  42
0.14313557
  0
VERTEX
  5
1cfd
  8
Layer_0
  10
-693.44373
  20
-939.71069
  42
0.086255284
  0
VERTEX
  5
1cfe
  8
Layer_0
  10
-691.10828
  20
-937.06079
  42
0.10463361
  0
VERTEX
  5
1cff
  8
Layer_0
  10
-689.39734
  20
-932.52271
  42
0.040724643
  0
VERTEX
  5
1d00
  8
Layer_0
  10
-689.18542
  20
-929.6853
  0
VERTEX
  5
1d01
  8
Layer_0
  10
-689.17517
  20
-929.47388
  42
-0.0073083607
  0
VERTEX
  5
1d02
  8
Layer_0
  10
-689.1405
  20
-928.97583
  0
VERTEX
  5
1d03
  8
Layer_0
  10
-689.12097
  20
-928.6814
  42
0.053548357
  0
VERTEX
  5
1d04
  8
Layer_0
  10
-689.18445
  20
-926.36646
  42
0.068450937
  0
VERTEX
  5
1d05
  8
Layer_0
  10
-690.22693
  20
-923.21069
  42
0.027883639
  0
VERTEX
  5
1d06
  8
Layer_0
  10
-692.16833
  20
-919.6687
  0
VERTEX
  5
1d07
  8
Layer_0
  10
-692.64832
  20
-919.6687
  42
0.021467884
  0
VERTEX
  5
1d08
  8
Layer_0
  10
-694.92126
  20
-923.96167
  0
VERTEX
  5
1d09
  8
Layer_0
  10
-694.48621
  20
-924.61694
  42
-0.026188679
  0
VERTEX
  5
1d0a
  8
Layer_0
  10
-692.13269
  20
-928.49878
  42
-0.081173112
  0
VERTEX
  5
1d0b
  8
Layer_0
  10
-691.54578
  20
-930.09937
  42
-0.14151657
  0
VERTEX
  5
1d0c
  8
Layer_0
  10
-691.83386
  20
-931.27368
  42
-0.07486769
  0
VERTEX
  5
1d0d
  8
Layer_0
  10
-693.9989
  20
-934.21558
  42
-0.10653672
  0
VERTEX
  5
1d0e
  8
Layer_0
  10
-698.10828
  20
-937.12964
  42
-0.11627502
  0
VERTEX
  5
1d0f
  8
Layer_0
  10
-701.13367
  20
-937.58179
  42
-0.051810324
  0
VERTEX
  5
1d10
  8
Layer_0
  10
-702.97839
  20
-937.2981
  0
VERTEX
  5
1d11
  8
Layer_0
  10
-703.45789
  20
-938.6355
  42
0.083160569
  0
VERTEX
  5
1d12
  8
Layer_0
  10
-698.53748
  20
-940.60181
  42
0.069332345
  0
VERTEX
  5
1d13
  8
Layer_0
  10
-696.1283
  20
-940.8103
  0
SEQEND
  0
POLYLINE
  5
1d15
  8
Layer_0
  62
0
  66
1
  10
0
  20
0
  30
0
  0
VERTEX
  5
1d15
  8
Layer_0
  10
-903.37341
  20
-943.04272
  42
0.16354687
  0
VERTEX
  5
1d16
  8
Layer_0
  10
-893.68787
  20
-939.46851
  0
VERTEX
  5
1d17
  8
Layer_0
  10
-893.04382
  20
-938.93921
  42
0.064064981
  0
VERTEX
  5
1d18
  8
Layer_0
  10
-891.69031
  20
-935.93726
  42
0.13684591
  0
VERTEX
  5
1d19
  8
Layer_0
  10
-891.63025
  20
-932.94751
  42
0.19247682
  0
VERTEX
  5
1d1a
  8
Layer_0
  10
-893.0531
  20
-931.01733
  42
0.076696643
  0
VERTEX
  5
1d1b
  8
Layer_0
  10
-895.34998
  20
-930.04272
  42
0.0024934121
  0
VERTEX
  5
1d1c
  8
Layer_0
  10
-897.16296
  20
-929.63013
  0
VERTEX
  5
1d1d
  8
Layer_0
  10
-897.71228
  20
-929.47681
  42
-0.077535918
  0
VERTEX
  5
1d1e
  8
Layer_0
  10
-898.98572
  20
-928.92114
  42
-0.24072265
  0
VERTEX
  5
1d1f
  8
Layer_0
  10
-899.46082
  20
-928.177
  42
-0.16303737
  0
VERTEX
  5
1d20
  8
Layer_0
  10
-899.06531
  20
-927.53247
  42
-0.082239551
  0
VERTEX
  5
1d21
  8
Layer_0
  10
-897.52332
  20
-926.42261
  42
-0.14587973
  0
VERTEX
  5
1d22
  8
Layer_0
  10
-894.13171
  20
-925.67603
  42
-0.16188159
  0
VERTEX
  5
1d23
  8
Layer_0
  10
-892.39148
  20
-926.41138
  42
-0.08612854
  0
VERTEX
  5
1d24
  8
Layer_0
  10
-891.73181
  20
-927.26782
  0
VERTEX
  5
1d25
  8
Layer_0
  10
-891.55994
  20
-927.95435
  42
0.064777799
  0
VERTEX
  5
1d26
  8
Layer_0
  10
-890.45935
  20
-930.74976
  42
0.087619392
  0
VERTEX
  5
1d27
  8
Layer_0
  10
-889.28699
  20
-932.21558
  42
0.26478914
  0
VERTEX
  5
1d28
  8
Layer_0
  10
-885.71521
  20
-932.83618
  42
0.1148597
  0
VERTEX
  5
1d29
  8
Layer_0
  10
-883.00964
  20
-931.09937
  0
VERTEX
  5
1d2a
  8
Layer_0
  10
-882.74109
  20
-930.82886
  0
VERTEX
  5
1d2b
  8
Layer_0
  10
-882.69031
  20
-930.82886
  0
VERTEX
  5
1d2c
  8
Layer_0
  10
-882.48181
  20
-931.0979
  42
0.123688
  0
VERTEX
  5
1d2d
  8
Layer_0
  10
-880.53552
  20
-932.68823
  42
0.29679071
  0
VERTEX
  5
1d2e
  8
Layer_0
  10
-876.9989
  20
-932.12573
  42
0.12659924
  0
VERTEX
  5
1d2f
  8
Layer_0
  10
-874.6322
  20
-928.85034
  42
0.07206554
  0
VERTEX
  5
1d30
  8
Layer_0
  10
-874.00964
  20
-926.56421
  42
0.040778519
  0
VERTEX
  5
1d31
  8
Layer_0
  10
-874.10974
  20
-923.31909
  42
0.016772897
  0
VERTEX
  5
1d32
  8
Layer_0
  10
-874.5575
  20
-920.27466
  0
VERTEX
  5
1d33
  8
Layer_0
  10
-874.9115
  20
-920.12329
  42
0.017003767
  0
VERTEX
  5
1d34
  8
Layer_0
  10
-877.68933
  20
-923.0769
  0
VERTEX
  5
1d35
  8
Layer_0
  10
-877.54431
  20
-923.58081
  42
-0.026413106
  0
VERTEX
  5
1d36
  8
Layer_0
  10
-876.75525
  20
-927.44458
  42
-0.20755083
  0
VERTEX
  5
1d37
  8
Layer_0
  10
-877.39343
  20
-927.85913
  42
-0.27536051
  0
VERTEX
  5
1d38
  8
Layer_0
  10
-880.24695
  20
-926.87671
  42
-0.16736849
  0
VERTEX
  5
1d39
  8
Layer_0
  10
-880.79626
  20
-925.09595
  42
-0.081034889
  0
VERTEX
  5
1d3a
  8
Layer_0
  10
-880.39197
  20
-922.6731
  0
VERTEX
  5
1d3b
  8
Layer_0
  10
-880.61951
  20
-922.49634
  42
0.034075079
  0
VERTEX
  5
1d3c
  8
Layer_0
  10
-882.51355
  20
-923.68286
  0
VERTEX
  5
1d3d
  8
Layer_0
  10
-882.6322
  20
-924.20483
  42
-0.032306929
  0
VERTEX
  5
1d3e
  8
Layer_0
  10
-883.11511
  20
-925.81909
  42
-0.19179495
  0
VERTEX
  5
1d3f
  8
Layer_0
  10
-885.08044
  20
-927.80444
  42
-0.28239506
  0
VERTEX
  5
1d40
  8
Layer_0
  10
-888.08972
  20
-927.25269
  42
-0.14043225
  0
VERTEX
  5
1d41
  8
Layer_0
  10
-889.41248
  20
-925.32983
  42
-0.020361059
  0
VERTEX
  5
1d42
  8
Layer_0
  10
-889.80896
  20
-923.70142
  0
VERTEX
  5
1d43
  8
Layer_0
  10
-889.91687
  20
-923.302
  42
0.12245617
  0
VERTEX
  5
1d44
  8
Layer_0
  10
-890.83191
  20
-921.85962
  42
0.1925895
  0
VERTEX
  5
1d45
  8
Layer_0
  10
-893.06921
  20
-921.00708
  42
0.12863275
  0
VERTEX
  5
1d46
  8
Layer_0
  10
-896.60242
  20
-922.02954
  42
0.12052431
  0
VERTEX
  5
1d47
  8
Layer_0
  10
-900.69373
  20
-926.01782
  42
0.13870587
  0
VERTEX
  5
1d48
  8
Layer_0
  10
-901.98523
  20
-929.86011
  42
0.071102517
  0
VERTEX
  5
1d49
  8
Layer_0
  10
-901.83533
  20
-931.38745
  42
0.20927857
  0
VERTEX
  5
1d4a
  8
Layer_0
  10
-900.19421
  20
-933.44458
  42
0.081031298
  0
VERTEX
  5
1d4b
  8
Layer_0
  10
-897.7572
  20
-934.24341
  0
VERTEX
  5
1d4c
  8
Layer_0
  10
-897.13611
  20
-934.34058
  42
-0.037284609
  0
VERTEX
  5
1d4d
  8
Layer_0
  10
-894.82751
  20
-934.92651
  42
-0.1014019
  0
VERTEX
  5
1d4e
  8
Layer_0
  10
-894.17908
  20
-935.27563
  0
VERTEX
  5
1d4f
  8
Layer_0
  10
-894.17908
  20
-935.35132
  42
-0.10441326
  0
VERTEX
  5
1d50
  8
Layer_0
  10
-900.8114
  20
-937.82837
  42
-0.091748493
  0
VERTEX
  5
1d51
  8
Layer_0
  10
-905.38318
  20
-937.70581
  42
-0.21108007
  0
VERTEX
  5
1d52
  8
Layer_0
  10
-909.41101
  20
-934.78687
  42
-0.14207503
  0
VERTEX
  5
1d53
  8
Layer_0
  10
-910.28113
  20
-930.59839
  42
-0.082475401
  0
VERTEX
  5
1d54
  8
Layer_0
  10
-909.23474
  20
-926.23218
  0
VERTEX
  5
1d55
  8
Layer_0
  10
-910.69958
  20
-925.60083
  42
0.079593023
  0
VERTEX
  5
1d56
  8
Layer_0
  10
-912.47302
  20
-931.71704
  42
0.070475327
  0
VERTEX
  5
1d57
  8
Layer_0
  10
-912.41736
  20
-935.87573
  42
0.12042634
  0
VERTEX
  5
1d58
  8
Layer_0
  10
-910.82996
  20
-939.81909
  42
0.18006977
  0
VERTEX
  5
1d59
  8
Layer_0
  10
-906.37488
  20
-942.78394
  42
0.072237917
  0
VERTEX
  5
1d5a
  8
Layer_0
  10
-903.37341
  20
-943.04272
  0
SEQEND
  0
POLYLINE
  5
1d5c
  8
Layer_0
  62
0
  66
1
  10
0
  20
0
  30
0
  0
VERTEX
  5
1d5c
  8
Layer_0
  10
-1123.6171
  20
-931.92749
  42
-0.16746825
  0
VERTEX
  5
1d5d
  8
Layer_0
  10
-1125.3143
  20
-931.02808
  42
-0.10455566
  0
VERTEX
  5
1d5e
  8
Layer_0
  10
-1126.6722
  20
-928.81372
  42
-0.084465343
  0
VERTEX
  5
1d5f
  8
Layer_0
  10
-1127.4159
  20
-924.81567
  42
-0.045841843
  0
VERTEX
  5
1d60
  8
Layer_0
  10
-1127.2386
  20
-921.55444
  0
VERTEX
  5
1d61
  8
Layer_0
  10
-1127.1771
  20
-921.28198
  42
-0.11229579
  0
VERTEX
  5
1d62
  8
Layer_0
  10
-1124.3231
  20
-920.91284
  42
-0.21309149
  0
VERTEX
  5
1d63
  8
Layer_0
  10
-1121.662
  20
-922.52612
  42
-0.10816863
  0
VERTEX
  5
1d64
  8
Layer_0
  10
-1120.6395
  20
-924.94458
  42
-0.12463622
  0
VERTEX
  5
1d65
  8
Layer_0
  10
-1120.9149
  20
-929.9563
  42
-0.12858799
  0
VERTEX
  5
1d66
  8
Layer_0
  10
-1121.9032
  20
-931.46069
  42
-0.19022683
  0
VERTEX
  5
1d67
  8
Layer_0
  10
-1123.6171
  20
-931.92749
  0
SEQEND
  0
POLYLINE
  5
1d69
  8
Layer_0
  62
0
  66
1
  10
0
  20
0
  30
0
  0
VERTEX
  5
1d69
  8
Layer_0
  10
-931.24451
  20
-927.99146
  42
-0.11657277
  0
VERTEX
  5
1d6a
  8
Layer_0
  10
-934.56921
  20
-926.92017
  42
-0.05143915
  0
VERTEX
  5
1d6b
  8
Layer_0
  10
-936.78503
  20
-925.29907
  42
-0.064850399
  0
VERTEX
  5
1d6c
  8
Layer_0
  10
-936.06677
  20
-924.19116
  42
-0.32821032
  0
VERTEX
  5
1d6d
  8
Layer_0
  10
-932.89929
  20
-923.31519
  42
-0.12531887
  0
VERTEX
  5
1d6e
  8
Layer_0
  10
-931.52576
  20
-924.3894
  42
-0.099201749
  0
VERTEX
  5
1d6f
  8
Layer_0
  10
-930.34021
  20
-926.75854
  42
-0.023629035
  0
VERTEX
  5
1d70
  8
Layer_0
  10
-930.09216
  20
-927.77612
  42
-0.2800092
  0
VERTEX
  5
1d71
  8
Layer_0
  10
-930.21277
  20
-927.91431
  42
-0.10633905
  0
VERTEX
  5
1d72
  8
Layer_0
  10
-931.24451
  20
-927.99146
  0
SEQEND
  0
POLYLINE
  5
1d74
  8
Layer_0
  62
0
  66
1
  10
0
  20
0
  30
0
  0
VERTEX
  5
1d74
  8
Layer_0
  10
-1013.8895
  20
-928.06567
  42
-0.06813342
  0
VERTEX
  5
1d75
  8
Layer_0
  10
-1017.0272
  20
-927.56812
  42
-0.086386489
  0
VERTEX
  5
1d76
  8
Layer_0
  10
-1018.4623
  20
-926.86353
  42
-0.17132026
  0
VERTEX
  5
1d77
  8
Layer_0
  10
-1019.1146
  20
-925.92407
  42
-0.23629764
  0
VERTEX
  5
1d78
  8
Layer_0
  10
-1018.8885
  20
-924.95142
  42
-0.23110732
  0
VERTEX
  5
1d79
  8
Layer_0
  10
-1016.8993
  20
-923.83081
  42
-0.21121688
  0
VERTEX
  5
1d7a
  8
Layer_0
  10
-1014.3402
  20
-924.6936
  42
-0.10047557
  0
VERTEX
  5
1d7b
  8
Layer_0
  10
-1012.6581
  20
-927.09253
  42
-0.020633752
  0
VERTEX
  5
1d7c
  8
Layer_0
  10
-1012.2841
  20
-928.00317
  0
VERTEX
  5
1d7d
  8
Layer_0
  10
-1012.7577
  20
-928.0603
  42
-0.02963542
  0
VERTEX
  5
1d7e
  8
Layer_0
  10
-1013.8895
  20
-928.06567
  0
SEQEND
  0
POLYLINE
  5
1d80
  8
Layer_0
  62
0
  66
1
  10
0
  20
0
  30
0
  0
VERTEX
  5
1d80
  8
Layer_0
  10
-705.88855
  20
-932.63062
  0
VERTEX
  5
1d81
  8
Layer_0
  10
-706.21765
  20
-932.58228
  42
-0.19938876
  0
VERTEX
  5
1d82
  8
Layer_0
  10
-709.0116
  20
-930.62427
  42
-0.06737518
  0
VERTEX
  5
1d83
  8
Layer_0
  10
-709.67322
  20
-929.23804
  0
VERTEX
  5
1d84
  8
Layer_0
  10
-709.27576
  20
-929.11206
  42
-0.13193347
  0
VERTEX
  5
1d85
  8
Layer_0
  10
-707.06873
  20
-929.0144
  42
-0.27149294
  0
VERTEX
  5
1d86
  8
Layer_0
  10
-704.64392
  20
-931.42993
  42
-0.03508624
  0
VERTEX
  5
1d87
  8
Layer_0
  10
-704.46521
  20
-932.24634
  42
-0.13987341
  0
VERTEX
  5
1d88
  8
Layer_0
  10
-704.9613
  20
-932.56226
  42
-0.10570116
  0
VERTEX
  5
1d89
  8
Layer_0
  10
-705.88855
  20
-932.63062
  0
SEQEND
  0
POLYLINE
  5
1d8b
  8
Layer_0
  62
0
  66
1
  10
0
  20
0
  30
0
  0
VERTEX
  5
1d8b
  8
Layer_0
  10
-765.14685
  20
-943.05981
  42
0.095038351
  0
VERTEX
  5
1d8c
  8
Layer_0
  10
-763.22644
  20
-940.27515
  42
0.044787905
  0
VERTEX
  5
1d8d
  8
Layer_0
  10
-766.83533
  20
-937.32007
  0
VERTEX
  5
1d8e
  8
Layer_0
  10
-769.15906
  20
-940.57788
  0
VERTEX
  5
1d8f
  8
Layer_0
  10
-768.1571
  20
-941.29321
  42
-0.023793433
  0
VERTEX
  5
1d90
  8
Layer_0
  10
-765.49695
  20
-943.38159
  0
VERTEX
  5
1d91
  8
Layer_0
  10
-765.14685
  20
-943.05981
  0
SEQEND
  0
POLYLINE
  5
1d93
  8
Layer_0
  62
0
  66
1
  10
0
  20
0
  30
0
  0
VERTEX
  5
1d93
  8
Layer_0
  10
-787.27136
  20
-949.73022
  42
0.044123339
  0
VERTEX
  5
1d94
  8
Layer_0
  10
-785.16785
  20
-946.99341
  42
0.046069365
  0
VERTEX
  5
1d95
  8
Layer_0
  10
-788.65369
  20
-943.83618
  0
VERTEX
  5
1d96
  8
Layer_0
  10
-791.12927
  20
-946.94263
  0
VERTEX
  5
1d97
  8
Layer_0
  10
-790.22839
  20
-947.66284
  42
-0.017921956
  0
VERTEX
  5
1d98
  8
Layer_0
  10
-787.56775
  20
-950.04956
  0
VERTEX
  5
1d99
  8
Layer_0
  10
-787.27136
  20
-949.73022
  0
SEQEND
  0
POLYLINE
  5
1d9b
  8
Layer_0
  62
0
  66
1
  10
0
  20
0
  30
0
  0
VERTEX
  5
1d9b
  8
Layer_0
  10
-898.76013
  20
-949.80591
  42
0.044042433
  0
VERTEX
  5
1d9c
  8
Layer_0
  10
-896.65564
  20
-947.06909
  42
0.045887075
  0
VERTEX
  5
1d9d
  8
Layer_0
  10
-900.14197
  20
-943.91187
  0
VERTEX
  5
1d9e
  8
Layer_0
  10
-902.61511
  20
-947.0188
  0
VERTEX
  5
1d9f
  8
Layer_0
  10
-901.71472
  20
-947.73853
  42
-0.017761315
  0
VERTEX
  5
1da0
  8
Layer_0
  10
-899.05652
  20
-950.12524
  0
VERTEX
  5
1da1
  8
Layer_0
  10
-898.76013
  20
-949.80591
  0
SEQEND
  0
POLYLINE
  5
1da3
  8
Layer_0
  62
0
  66
1
  10
0
  20
0
  30
0
  0
VERTEX
  5
1da3
  8
Layer_0
  10
-793.23279
  20
-950.13403
  42
0.044278782
  0
VERTEX
  5
1da4
  8
Layer_0
  10
-791.12927
  20
-947.39722
  42
0.04606513
  0
VERTEX
  5
1da5
  8
Layer_0
  10
-794.6156
  20
-944.24048
  0
VERTEX
  5
1da6
  8
Layer_0
  10
-797.09119
  20
-947.34692
  0
VERTEX
  5
1da7
  8
Layer_0
  10
-796.18982
  20
-948.06665
  42
-0.017851379
  0
VERTEX
  5
1da8
  8
Layer_0
  10
-793.52917
  20
-950.45337
  0
VERTEX
  5
1da9
  8
Layer_0
  10
-793.23279
  20
-950.13403
  0
SEQEND
  0
POLYLINE
  5
1dab
  8
Layer_0
  62
0
  70
1
  66
1
  10
0
  20
0
  30
0
  0
VERTEX
  5
1dab
  8
Layer_0
  10
-904.71912
  20
-950.21021
  42
0.044160847
  0
VERTEX
  5
1dac
  8
Layer_0
  10
-902.61511
  20
-947.47339
  42
0.046088509
  0
VERTEX
  5
1dad
  8
Layer_0
  10
-906.10193
  20
-944.31616
  0
VERTEX
  5
1dae
  8
Layer_0
  10
-908.578
  20
-947.42261
  0
VERTEX
  5
1daf
  8
Layer_0
  10
-907.67664
  20
-948.14233
  42
-0.017759405
  0
VERTEX
  5
1db0
  8
Layer_0
  10
-905.0155
  20
-950.52905
  0
SEQEND
  0
POLYLINE
  5
1db2
  8
Layer_0
  62
0
  66
1
  10
0
  20
0
  30
0
  0
VERTEX
  5
1db2
  8
Layer_0
  10
-783.47034
  20
-1042.5339
  42
0.14317973
  0
VERTEX
  5
1db3
  8
Layer_0
  10
-775.85754
  20
-1039.802
  42
0.062675293
  0
VERTEX
  5
1db4
  8
Layer_0
  10
-772.85608
  20
-1037.0354
  42
0.088524535
  0
VERTEX
  5
1db5
  8
Layer_0
  10
-771.76526
  20
-1032.9885
  42
0.082598587
  0
VERTEX
  5
1db6
  8
Layer_0
  10
-771.88391
  20
-1031.1213
  42
0.17163293
  0
VERTEX
  5
1db7
  8
Layer_0
  10
-773.05823
  20
-1029.4338
  0
VERTEX
  5
1db8
  8
Layer_0
  10
-772.67346
  20
-1029.1697
  42
0.12668637
  0
VERTEX
  5
1db9
  8
Layer_0
  10
-770.87756
  20
-1026.8054
  0
VERTEX
  5
1dba
  8
Layer_0
  10
-770.65881
  20
-1026.2766
  0
VERTEX
  5
1dbb
  8
Layer_0
  10
-770.50745
  20
-1026.2742
  0
VERTEX
  5
1dbc
  8
Layer_0
  10
-770.46057
  20
-1026.7434
  42
0.081619565
  0
VERTEX
  5
1dbd
  8
Layer_0
  10
-769.59436
  20
-1030.1624
  42
0.20599522
  0
VERTEX
  5
1dbe
  8
Layer_0
  10
-766.74475
  20
-1032.7766
  42
0.093311447
  0
VERTEX
  5
1dbf
  8
Layer_0
  10
-764.47375
  20
-1033.1179
  0
VERTEX
  5
1dc0
  8
Layer_0
  10
-764.12024
  20
-1033.1179
  0
VERTEX
  5
1dc1
  8
Layer_0
  10
-764.12024
  20
-1033.113
  0
VERTEX
  5
1dc2
  8
Layer_0
  10
-764.07141
  20
-1033.1179
  42
0.058975264
  0
VERTEX
  5
1dc3
  8
Layer_0
  10
-760.13586
  20
-1032.7634
  42
0.066127923
  0
VERTEX
  5
1dc4
  8
Layer_0
  10
-758.297
  20
-1032.1028
  42
0.10822685
  0
VERTEX
  5
1dc5
  8
Layer_0
  10
-756.74915
  20
-1030.6521
  42
0.085622112
  0
VERTEX
  5
1dc6
  8
Layer_0
  10
-755.66223
  20
-1028.4954
  42
0.10338227
  0
VERTEX
  5
1dc7
  8
Layer_0
  10
-755.14612
  20
-1024.4519
  42
0.068717397
  0
VERTEX
  5
1dc8
  8
Layer_0
  10
-756.08459
  20
-1021.2234
  42
0.027234084
  0
VERTEX
  5
1dc9
  8
Layer_0
  10
-757.65686
  20
-1018.0427
  0
VERTEX
  5
1dca
  8
Layer_0
  10
-757.90881
  20
-1017.9924
  42
0.030920965
  0
VERTEX
  5
1dcb
  8
Layer_0
  10
-760.48499
  20
-1021.9324
  0
VERTEX
  5
1dcc
  8
Layer_0
  10
-759.89856
  20
-1022.9646
  42
-0.030778111
  0
VERTEX
  5
1dcd
  8
Layer_0
  10
-758.23059
  20
-1026.3088
  42
-0.073142628
  0
VERTEX
  5
1dce
  8
Layer_0
  10
-758.00989
  20
-1027.0847
  42
-0.21686855
  0
VERTEX
  5
1dcf
  8
Layer_0
  10
-758.32532
  20
-1027.3528
  42
-0.055672504
  0
VERTEX
  5
1dd0
  8
Layer_0
  10
-759.67346
  20
-1027.7288
  42
-0.055648385
  0
VERTEX
  5
1dd1
  8
Layer_0
  10
-764.63538
  20
-1028.0486
  42
-0.10082681
  0
VERTEX
  5
1dd2
  8
Layer_0
  10
-766.31848
  20
-1027.6116
  42
-0.16311941
  0
VERTEX
  5
1dd3
  8
Layer_0
  10
-767.58606
  20
-1026.2839
  42
-0.10182887
  0
VERTEX
  5
1dd4
  8
Layer_0
  10
-768.07629
  20
-1024.1848
  0
VERTEX
  5
1dd5
  8
Layer_0
  10
-768.08557
  20
-1023.675
  0
VERTEX
  5
1dd6
  8
Layer_0
  10
-768.08508
  20
-1019.4797
  42
0.01653606
  0
VERTEX
  5
1dd7
  8
Layer_0
  10
-768.39905
  20
-1009.0007
  0
VERTEX
  5
1dd8
  8
Layer_0
  10
-768.53967
  20
-1007.157
  0
VERTEX
  5
1dd9
  8
Layer_0
  10
-768.8678
  20
-1006.9299
  42
0.037109525
  0
VERTEX
  5
1dda
  8
Layer_0
  10
-771.64368
  20
-1009.7332
  0
VERTEX
  5
1ddb
  8
Layer_0
  10
-771.49866
  20
-1011.2883
  42
-0.024506358
  0
VERTEX
  5
1ddc
  8
Layer_0
  10
-770.99036
  20
-1022.0828
  42
-0.074552403
  0
VERTEX
  5
1ddd
  8
Layer_0
  10
-771.21301
  20
-1023.6873
  42
-0.12791889
  0
VERTEX
  5
1dde
  8
Layer_0
  10
-771.97571
  20
-1024.78
  42
-0.11157877
  0
VERTEX
  5
1ddf
  8
Layer_0
  10
-776.44299
  20
-1027.3088
  42
-0.041030405
  0
VERTEX
  5
1de0
  8
Layer_0
  10
-780.93958
  20
-1028.3225
  0
VERTEX
  5
1de1
  8
Layer_0
  10
-782.60657
  20
-1032.0349
  0
VERTEX
  5
1de2
  8
Layer_0
  10
-782.37952
  20
-1032.4109
  0
VERTEX
  5
1de3
  8
Layer_0
  10
-781.63
  20
-1032.4241
  42
-0.040369448
  0
VERTEX
  5
1de4
  8
Layer_0
  10
-776.67297
  20
-1032.8821
  42
-0.086891567
  0
VERTEX
  5
1de5
  8
Layer_0
  10
-774.37122
  20
-1033.6775
  0
VERTEX
  5
1de6
  8
Layer_0
  10
-774.11926
  20
-1033.8503
  0
VERTEX
  5
1de7
  8
Layer_0
  10
-774.8468
  20
-1034.3933
  42
-0.12801604
  0
VERTEX
  5
1de8
  8
Layer_0
  10
-782.94543
  20
-1037.3621
  42
-0.11969986
  0
VERTEX
  5
1de9
  8
Layer_0
  10
-786.83069
  20
-1036.7854
  42
-0.24026189
  0
VERTEX
  5
1dea
  8
Layer_0
  10
-790.37122
  20
-1032.5369
  42
-0.11635799
  0
VERTEX
  5
1deb
  8
Layer_0
  10
-790.4093
  20
-1027.8743
  42
-0.02659615
  0
VERTEX
  5
1dec
  8
Layer_0
  10
-789.75549
  20
-1025.4934
  0
VERTEX
  5
1ded
  8
Layer_0
  10
-791.16956
  20
-1024.8875
  42
0.10928465
  0
VERTEX
  5
1dee
  8
Layer_0
  10
-792.81604
  20
-1033.802
  42
0.11512479
  0
VERTEX
  5
1def
  8
Layer_0
  10
-791.54553
  20
-1038.4495
  42
0.242724
  0
VERTEX
  5
1df0
  8
Layer_0
  10
-785.6134
  20
-1042.4744
  42
0.052448382
  0
VERTEX
  5
1df1
  8
Layer_0
  10
-783.47034
  20
-1042.5339
  0
SEQEND
  0
POLYLINE
  5
1df3
  8
Layer_0
  62
0
  66
1
  10
0
  20
0
  30
0
  0
VERTEX
  5
1df3
  8
Layer_0
  10
-699.26379
  20
-1036.6521
  42
0.20547975
  0
VERTEX
  5
1df4
  8
Layer_0
  10
-696.23303
  20
-1035.1042
  42
0.12461499
  0
VERTEX
  5
1df5
  8
Layer_0
  10
-694.80237
  20
-1032.2537
  42
0.17003712
  0
VERTEX
  5
1df6
  8
Layer_0
  10
-695.297
  20
-1027.5305
  42
0.32665728
  0
VERTEX
  5
1df7
  8
Layer_0
  10
-700.12317
  20
-1024.9504
  42
0.065150374
  0
VERTEX
  5
1df8
  8
Layer_0
  10
-702.33801
  20
-1025.5183
  42
-0.015612532
  0
VERTEX
  5
1df9
  8
Layer_0
  10
-702.57288
  20
-1019.2932
  42
-0.0015602585
  0
VERTEX
  5
1dfa
  8
Layer_0
  10
-702.61633
  20
-1015.8201
  0
VERTEX
  5
1dfb
  8
Layer_0
  10
-700.31555
  20
-1014.0774
  0
VERTEX
  5
1dfc
  8
Layer_0
  10
-700.64709
  20
-1013.5237
  42
-0.046759403
  0
VERTEX
  5
1dfd
  8
Layer_0
  10
-702.69495
  20
-1009.4045
  42
-0.081924208
  0
VERTEX
  5
1dfe
  8
Layer_0
  10
-703.09387
  20
-1007.3337
  0
VERTEX
  5
1dff
  8
Layer_0
  10
-703.39368
  20
-1007.1321
  42
0.08117272
  0
VERTEX
  5
1e00
  8
Layer_0
  10
-705.54065
  20
-1009.2634
  42
0.13900151
  0
VERTEX
  5
1e01
  8
Layer_0
  10
-706.05579
  20
-1011.3752
  42
0.030869547
  0
VERTEX
  5
1e02
  8
Layer_0
  10
-705.83313
  20
-1013.6804
  0
VERTEX
  5
1e03
  8
Layer_0
  10
-705.77893
  20
-1014.1702
  42
-0.010802509
  0
VERTEX
  5
1e04
  8
Layer_0
  10
-705.70227
  20
-1015.113
  0
VERTEX
  5
1e05
  8
Layer_0
  10
-705.56897
  20
-1018.1018
  42
0.0030907
  0
VERTEX
  5
1e06
  8
Layer_0
  10
-705.12073
  20
-1027.0593
  0
VERTEX
  5
1e07
  8
Layer_0
  10
-705.67542
  20
-1027.3191
  42
-0.078369814
  0
VERTEX
  5
1e08
  8
Layer_0
  10
-708.96448
  20
-1028.0183
  42
-0.016074379
  0
VERTEX
  5
1e09
  8
Layer_0
  10
-710.81311
  20
-1028.0696
  42
-0.079802955
  0
VERTEX
  5
1e0a
  8
Layer_0
  10
-712.65344
  20
-1027.8962
  42
-0.27637774
  0
VERTEX
  5
1e0b
  8
Layer_0
  10
-714.28186
  20
-1026.2795
  42
-0.073363591
  0
VERTEX
  5
1e0c
  8
Layer_0
  10
-714.47522
  20
-1024.6853
  42
-0.0022391215
  0
VERTEX
  5
1e0d
  8
Layer_0
  10
-714.42883
  20
-1019.8499
  0
VERTEX
  5
1e0e
  8
Layer_0
  10
-714.42493
  20
-1018.6238
  42
0.021454809
  0
VERTEX
  5
1e0f
  8
Layer_0
  10
-714.74524
  20
-1008.7004
  0
VERTEX
  5
1e10
  8
Layer_0
  10
-714.87903
  20
-1007.3088
  0
VERTEX
  5
1e11
  8
Layer_0
  10
-715.23206
  20
-1007.1321
  42
0.026658447
  0
VERTEX
  5
1e12
  8
Layer_0
  10
-718.1344
  20
-1009.9353
  0
VERTEX
  5
1e13
  8
Layer_0
  10
-717.97961
  20
-1011.5208
  42
-0.017856961
  0
VERTEX
  5
1e14
  8
Layer_0
  10
-717.20667
  20
-1026.9011
  0
VERTEX
  5
1e15
  8
Layer_0
  10
-717.1759
  20
-1027.3323
  42
0.099792347
  0
VERTEX
  5
1e16
  8
Layer_0
  10
-716.36292
  20
-1030.468
  42
0.14232332
  0
VERTEX
  5
1e17
  8
Layer_0
  10
-714.61633
  20
-1032.2991
  42
0.1215477
  0
VERTEX
  5
1e18
  8
Layer_0
  10
-711.88245
  20
-1033.1047
  42
0.010292688
  0
VERTEX
  5
1e19
  8
Layer_0
  10
-710.81311
  20
-1033.1179
  0
VERTEX
  5
1e1a
  8
Layer_0
  10
-710.81311
  20
-1033.1169
  42
0.092587918
  0
VERTEX
  5
1e1b
  8
Layer_0
  10
-707.35022
  20
-1032.6101
  42
0.085903483
  0
VERTEX
  5
1e1c
  8
Layer_0
  10
-704.96936
  20
-1031.2502
  0
VERTEX
  5
1e1d
  8
Layer_0
  10
-704.89319
  20
-1031.2502
  0
VERTEX
  5
1e1e
  8
Layer_0
  10
-704.72522
  20
-1031.9065
  42
0.086701959
  0
VERTEX
  5
1e1f
  8
Layer_0
  10
-703.52112
  20
-1034.5549
  42
0.16253419
  0
VERTEX
  5
1e20
  8
Layer_0
  10
-700.97864
  20
-1036.4875
  42
0.10441652
  0
VERTEX
  5
1e21
  8
Layer_0
  10
-699.26379
  20
-1036.6521
  0
SEQEND
  0
POLYLINE
  5
1e23
  8
Layer_0
  62
0
  66
1
  10
0
  20
0
  30
0
  0
VERTEX
  5
1e23
  8
Layer_0
  10
-822.35999
  20
-1033.1033
  42
0.27239959
  0
VERTEX
  5
1e24
  8
Layer_0
  10
-818.86829
  20
-1030.8044
  42
0.031569038
  0
VERTEX
  5
1e25
  8
Layer_0
  10
-818.56995
  20
-1030.1375
  0
VERTEX
  5
1e26
  8
Layer_0
  10
-818.49377
  20
-1030.1375
  0
VERTEX
  5
1e27
  8
Layer_0
  10
-818.06165
  20
-1030.4651
  42
0.10387867
  0
VERTEX
  5
1e28
  8
Layer_0
  10
-813.35901
  20
-1032.7126
  42
0.094571985
  0
VERTEX
  5
1e29
  8
Layer_0
  10
-811.22717
  20
-1032.8342
  42
0.13043511
  0
VERTEX
  5
1e2a
  8
Layer_0
  10
-809.74329
  20
-1032.1912
  42
0.12125582
  0
VERTEX
  5
1e2b
  8
Layer_0
  10
-808.21155
  20
-1030.1863
  42
0.083068441
  0
VERTEX
  5
1e2c
  8
Layer_0
  10
-807.55969
  20
-1028.095
  42
0.11283008
  0
VERTEX
  5
1e2d
  8
Layer_0
  10
-809.14709
  20
-1021.6975
  42
0.11765376
  0
VERTEX
  5
1e2e
  8
Layer_0
  10
-811.10266
  20
-1019.4563
  42
0.25149214
  0
VERTEX
  5
1e2f
  8
Layer_0
  10
-814.87463
  20
-1019.217
  42
0.19356263
  0
VERTEX
  5
1e30
  8
Layer_0
  10
-818.22034
  20
-1022.9192
  42
0.0037018591
  0
VERTEX
  5
1e31
  8
Layer_0
  10
-819.15442
  20
-1025.5388
  0
VERTEX
  5
1e32
  8
Layer_0
  10
-819.26819
  20
-1025.8357
  42
-0.23550208
  0
VERTEX
  5
1e33
  8
Layer_0
  10
-821.55286
  20
-1027.8928
  42
-0.080698083
  0
VERTEX
  5
1e34
  8
Layer_0
  10
-823.04211
  20
-1028.0696
  42
-0.070094258
  0
VERTEX
  5
1e35
  8
Layer_0
  10
-825.64465
  20
-1027.8167
  42
-0.14016547
  0
VERTEX
  5
1e36
  8
Layer_0
  10
-827.01917
  20
-1027.0515
  42
-0.19714176
  0
VERTEX
  5
1e37
  8
Layer_0
  10
-827.58752
  20
-1025.4431
  42
-0.066175839
  0
VERTEX
  5
1e38
  8
Layer_0
  10
-827.172
  20
-1023.1311
  42
-0.0090976729
  0
VERTEX
  5
1e39
  8
Layer_0
  10
-826.88049
  20
-1022.1599
  0
VERTEX
  5
1e3a
  8
Layer_0
  10
-827.05725
  20
-1021.9827
  42
0.034430772
  0
VERTEX
  5
1e3b
  8
Layer_0
  10
-829.07776
  20
-1023.2205
  42
0.0073415879
  0
VERTEX
  5
1e3c
  8
Layer_0
  10
-829.69006
  20
-1025.1243
  0
VERTEX
  5
1e3d
  8
Layer_0
  10
-829.84973
  20
-1025.5857
  42
-0.089266266
  0
VERTEX
  5
1e3e
  8
Layer_0
  10
-830.71692
  20
-1027.0564
  42
-0.25045803
  0
VERTEX
  5
1e3f
  8
Layer_0
  10
-833.32971
  20
-1028.0466
  42
-0.33065412
  0
VERTEX
  5
1e40
  8
Layer_0
  10
-834.25745
  20
-1027.0286
  42
-0.11717257
  0
VERTEX
  5
1e41
  8
Layer_0
  10
-834.21252
  20
-1025.8635
  42
-0.032913587
  0
VERTEX
  5
1e42
  8
Layer_0
  10
-833.14368
  20
-1023.0437
  0
VERTEX
  5
1e43
  8
Layer_0
  10
-833.34583
  20
-1022.7913
  42
0.037011708
  0
VERTEX
  5
1e44
  8
Layer_0
  10
-835.39124
  20
-1023.8015
  42
0.0091112923
  0
VERTEX
  5
1e45
  8
Layer_0
  10
-836.36682
  20
-1025.9324
  0
VERTEX
  5
1e46
  8
Layer_0
  10
-836.60217
  20
-1026.3269
  42
-0.096801526
  0
VERTEX
  5
1e47
  8
Layer_0
  10
-837.65881
  20
-1027.4626
  42
-0.21201264
  0
VERTEX
  5
1e48
  8
Layer_0
  10
-840.15491
  20
-1027.9998
  42
-0.31562089
  0
VERTEX
  5
1e49
  8
Layer_0
  10
-840.89758
  20
-1027.1042
  42
-0.13966079
  0
VERTEX
  5
1e4a
  8
Layer_0
  10
-840.68225
  20
-1025.7527
  42
-0.052470807
  0
VERTEX
  5
1e4b
  8
Layer_0
  10
-839.38147
  20
-1023.4983
  0
VERTEX
  5
1e4c
  8
Layer_0
  10
-839.6593
  20
-1023.2458
  42
0.03419407
  0
VERTEX
  5
1e4d
  8
Layer_0
  10
-841.85608
  20
-1024.2561
  0
VERTEX
  5
1e4e
  8
Layer_0
  10
-842.9801
  20
-1025.822
  42
-0.16513474
  0
VERTEX
  5
1e4f
  8
Layer_0
  10
-845.3219
  20
-1027.6145
  42
-0.082340784
  0
VERTEX
  5
1e50
  8
Layer_0
  10
-848.54846
  20
-1028.0696
  0
VERTEX
  5
1e51
  8
Layer_0
  10
-848.90198
  20
-1028.0696
  0
VERTEX
  5
1e52
  8
Layer_0
  10
-848.92151
  20
-1028.0715
  0
VERTEX
  5
1e53
  8
Layer_0
  10
-848.92151
  20
-1028.0696
  42
-0.079834045
  0
VERTEX
  5
1e54
  8
Layer_0
  10
-850.76135
  20
-1027.8962
  42
-0.27645841
  0
VERTEX
  5
1e55
  8
Layer_0
  10
-852.38977
  20
-1026.2795
  42
-0.073176774
  0
VERTEX
  5
1e56
  8
Layer_0
  10
-852.58362
  20
-1024.6853
  42
-0.0021068953
  0
VERTEX
  5
1e57
  8
Layer_0
  10
-852.53674
  20
-1019.8499
  0
VERTEX
  5
1e58
  8
Layer_0
  10
-852.53284
  20
-1018.6238
  42
0.021506421
  0
VERTEX
  5
1e59
  8
Layer_0
  10
-852.85364
  20
-1008.7004
  0
VERTEX
  5
1e5a
  8
Layer_0
  10
-852.98694
  20
-1007.3088
  0
VERTEX
  5
1e5b
  8
Layer_0
  10
-853.34045
  20
-1007.1321
  42
0.026637998
  0
VERTEX
  5
1e5c
  8
Layer_0
  10
-856.2428
  20
-1009.9353
  0
VERTEX
  5
1e5d
  8
Layer_0
  10
-856.08752
  20
-1011.5208
  42
-0.017795744
  0
VERTEX
  5
1e5e
  8
Layer_0
  10
-855.31458
  20
-1026.9011
  0
VERTEX
  5
1e5f
  8
Layer_0
  10
-855.2843
  20
-1027.3323
  42
0.099540458
  0
VERTEX
  5
1e60
  8
Layer_0
  10
-854.47131
  20
-1030.468
  42
0.14210989
  0
VERTEX
  5
1e61
  8
Layer_0
  10
-852.72473
  20
-1032.2991
  42
0.12149382
  0
VERTEX
  5
1e62
  8
Layer_0
  10
-849.99036
  20
-1033.1047
  42
0.010300034
  0
VERTEX
  5
1e63
  8
Layer_0
  10
-848.92151
  20
-1033.1179
  0
VERTEX
  5
1e64
  8
Layer_0
  10
-848.92151
  20
-1033.116
  42
0.16477969
  0
VERTEX
  5
1e65
  8
Layer_0
  10
-843.8844
  20
-1031.6379
  0
VERTEX
  5
1e66
  8
Layer_0
  10
-843.29553
  20
-1031.1995
  0
VERTEX
  5
1e67
  8
Layer_0
  10
-843.20325
  20
-1031.4519
  42
0.29821958
  0
VERTEX
  5
1e68
  8
Layer_0
  10
-841.0553
  20
-1033.0959
  42
0.18641751
  0
VERTEX
  5
1e69
  8
Layer_0
  10
-837.9093
  20
-1032.2493
  42
0.048085517
  0
VERTEX
  5
1e6a
  8
Layer_0
  10
-836.42688
  20
-1030.9724
  0
VERTEX
  5
1e6b
  8
Layer_0
  10
-836.30042
  20
-1030.9724
  0
VERTEX
  5
1e6c
  8
Layer_0
  10
-836.20911
  20
-1031.2336
  42
0.2164465
  0
VERTEX
  5
1e6d
  8
Layer_0
  10
-834.67102
  20
-1032.9099
  42
0.1850968
  0
VERTEX
  5
1e6e
  8
Layer_0
  10
-831.86292
  20
-1032.7957
  42
0.1090974
  0
VERTEX
  5
1e6f
  8
Layer_0
  10
-829.48596
  20
-1031.0793
  0
VERTEX
  5
1e70
  8
Layer_0
  10
-829.22913
  20
-1030.7957
  0
VERTEX
  5
1e71
  8
Layer_0
  10
-829.12805
  20
-1030.7957
  0
VERTEX
  5
1e72
  8
Layer_0
  10
-828.95129
  20
-1031.0984
  42
0.16448428
  0
VERTEX
  5
1e73
  8
Layer_0
  10
-827.00061
  20
-1032.5911
  42
0.088779577
  0
VERTEX
  5
1e74
  8
Layer_0
  10
-823.39563
  20
-1033.1179
  42
0.019456622
  0
VERTEX
  5
1e75
  8
Layer_0
  10
-822.35999
  20
-1033.1033
  0
SEQEND
  0
POLYLINE
  5
1e77
  8
Layer_0
  62
0
  66
1
  10
0
  20
0
  30
0
  0
VERTEX
  5
1e77
  8
Layer_0
  10
-1067.1261
  20
-1039.7878
  42
0.067587364
  0
VERTEX
  5
1e78
  8
Layer_0
  10
-1066.025
  20
-1039.5164
  42
0.1077431
  0
VERTEX
  5
1e79
  8
Layer_0
  10
-1064.0084
  20
-1038.0872
  42
0.12389341
  0
VERTEX
  5
1e7a
  8
Layer_0
  10
-1061.1569
  20
-1033.0623
  42
0.074793363
  0
VERTEX
  5
1e7b
  8
Layer_0
  10
-1060.8263
  20
-1029.675
  42
0.029235988
  0
VERTEX
  5
1e7c
  8
Layer_0
  10
-1060.9679
  20
-1027.8928
  42
0.15504325
  0
VERTEX
  5
1e7d
  8
Layer_0
  10
-1058.649
  20
-1026.5149
  42
0.042175016
  0
VERTEX
  5
1e7e
  8
Layer_0
  10
-1057.9879
  20
-1025.6453
  0
VERTEX
  5
1e7f
  8
Layer_0
  10
-1057.9122
  20
-1025.6453
  0
VERTEX
  5
1e80
  8
Layer_0
  10
-1057.6178
  20
-1026.9553
  42
0.04068152
  0
VERTEX
  5
1e81
  8
Layer_0
  10
-1056.568
  20
-1030.4319
  42
0.16445778
  0
VERTEX
  5
1e82
  8
Layer_0
  10
-1054.7355
  20
-1032.5193
  42
0.095773957
  0
VERTEX
  5
1e83
  8
Layer_0
  10
-1052.7496
  20
-1033.0676
  42
0.025457347
  0
VERTEX
  5
1e84
  8
Layer_0
  10
-1051.3453
  20
-1033.1179
  0
VERTEX
  5
1e85
  8
Layer_0
  10
-1051.3453
  20
-1033.0979
  0
VERTEX
  5
1e86
  8
Layer_0
  10
-1051.1505
  20
-1033.1179
  42
0.16375812
  0
VERTEX
  5
1e87
  8
Layer_0
  10
-1046.1324
  20
-1031.6379
  0
VERTEX
  5
1e88
  8
Layer_0
  10
-1045.5441
  20
-1031.1995
  0
VERTEX
  5
1e89
  8
Layer_0
  10
-1045.4513
  20
-1031.4519
  42
0.29830193
  0
VERTEX
  5
1e8a
  8
Layer_0
  10
-1043.3033
  20
-1033.0959
  42
0.18641566
  0
VERTEX
  5
1e8b
  8
Layer_0
  10
-1040.1573
  20
-1032.2493
  42
0.048034492
  0
VERTEX
  5
1e8c
  8
Layer_0
  10
-1038.6749
  20
-1030.9724
  0
VERTEX
  5
1e8d
  8
Layer_0
  10
-1038.5485
  20
-1030.9724
  0
VERTEX
  5
1e8e
  8
Layer_0
  10
-1038.4572
  20
-1031.2336
  42
0.21669352
  0
VERTEX
  5
1e8f
  8
Layer_0
  10
-1036.9191
  20
-1032.9099
  42
0.18506345
  0
VERTEX
  5
1e90
  8
Layer_0
  10
-1034.111
  20
-1032.7957
  42
0.10918486
  0
VERTEX
  5
1e91
  8
Layer_0
  10
-1031.7345
  20
-1031.0793
  0
VERTEX
  5
1e92
  8
Layer_0
  10
-1031.4777
  20
-1030.7957
  0
VERTEX
  5
1e93
  8
Layer_0
  10
-1031.3766
  20
-1030.7957
  0
VERTEX
  5
1e94
  8
Layer_0
  10
-1031.1993
  20
-1031.0984
  42
0.16449951
  0
VERTEX
  5
1e95
  8
Layer_0
  10
-1029.2487
  20
-1032.5911
  42
0.088786912
  0
VERTEX
  5
1e96
  8
Layer_0
  10
-1025.6437
  20
-1033.1179
  0
VERTEX
  5
1e97
  8
Layer_0
  10
-1025.2906
  20
-1033.1179
  0
VERTEX
  5
1e98
  8
Layer_0
  10
-1025.2906
  20
-1033.1174
  42
0.092977267
  0
VERTEX
  5
1e99
  8
Layer_0
  10
-1022.7291
  20
-1032.7551
  42
0.18169018
  0
VERTEX
  5
1e9a
  8
Layer_0
  10
-1019.9381
  20
-1030.2224
  42
0.12148114
  0
VERTEX
  5
1e9b
  8
Layer_0
  10
-1018.1173
  20
-1022.5891
  42
0.012422524
  0
VERTEX
  5
1e9c
  8
Layer_0
  10
-1018.2687
  20
-1015.7952
  0
VERTEX
  5
1e9d
  8
Layer_0
  10
-1016.0211
  20
-1014.0774
  0
VERTEX
  5
1e9e
  8
Layer_0
  10
-1016.3527
  20
-1013.5237
  42
-0.037423687
  0
VERTEX
  5
1e9f
  8
Layer_0
  10
-1018.2574
  20
-1009.7932
  42
-0.092649312
  0
VERTEX
  5
1ea0
  8
Layer_0
  10
-1018.7994
  20
-1007.3337
  0
VERTEX
  5
1ea1
  8
Layer_0
  10
-1019.0992
  20
-1007.1321
  42
0.079404325
  0
VERTEX
  5
1ea2
  8
Layer_0
  10
-1021.236
  20
-1009.2634
  42
0.14875856
  0
VERTEX
  5
1ea3
  8
Layer_0
  10
-1021.7448
  20
-1011.5608
  42
0.0089072961
  0
VERTEX
  5
1ea4
  8
Layer_0
  10
-1021.3849
  20
-1015.5007
  0
VERTEX
  5
1ea5
  8
Layer_0
  10
-1021.3346
  20
-1016.0696
  42
-0.025762045
  0
VERTEX
  5
1ea6
  8
Layer_0
  10
-1020.9244
  20
-1025.4397
  42
-0.08638006
  0
VERTEX
  5
1ea7
  8
Layer_0
  10
-1021.0988
  20
-1026.6541
  42
-0.096699663
  0
VERTEX
  5
1ea8
  8
Layer_0
  10
-1021.3473
  20
-1027.0344
  42
-0.12970176
  0
VERTEX
  5
1ea9
  8
Layer_0
  10
-1022.8087
  20
-1027.8269
  42
-0.067394853
  0
VERTEX
  5
1eaa
  8
Layer_0
  10
-1025.2906
  20
-1028.0701
  0
VERTEX
  5
1eab
  8
Layer_0
  10
-1025.2906
  20
-1028.0696
  0
VERTEX
  5
1eac
  8
Layer_0
  10
-1025.6437
  20
-1028.0696
  42
-0.068991708
  0
VERTEX
  5
1ead
  8
Layer_0
  10
-1027.8927
  20
-1027.8167
  42
-0.1401791
  0
VERTEX
  5
1eae
  8
Layer_0
  10
-1029.2672
  20
-1027.0515
  42
-0.19730515
  0
VERTEX
  5
1eaf
  8
Layer_0
  10
-1029.8361
  20
-1025.4431
  42
-0.065755056
  0
VERTEX
  5
1eb0
  8
Layer_0
  10
-1029.4205
  20
-1023.1311
  42
-0.0090919516
  0
VERTEX
  5
1eb1
  8
Layer_0
  10
-1029.129
  20
-1022.1599
  0
VERTEX
  5
1eb2
  8
Layer_0
  10
-1029.3058
  20
-1021.9827
  42
0.034323088
  0
VERTEX
  5
1eb3
  8
Layer_0
  10
-1031.3258
  20
-1023.2205
  42
0.0071113894
  0
VERTEX
  5
1eb4
  8
Layer_0
  10
-1031.9386
  20
-1025.1243
  0
VERTEX
  5
1eb5
  8
Layer_0
  10
-1032.0978
  20
-1025.5857
  42
-0.089188477
  0
VERTEX
  5
1eb6
  8
Layer_0
  10
-1032.965
  20
-1027.0564
  42
-0.25039978
  0
VERTEX
  5
1eb7
  8
Layer_0
  10
-1035.5778
  20
-1028.0466
  42
-0.33030039
  0
VERTEX
  5
1eb8
  8
Layer_0
  10
-1036.506
  20
-1027.0286
  42
-0.11666728
  0
VERTEX
  5
1eb9
  8
Layer_0
  10
-1036.4606
  20
-1025.8635
  42
-0.032978302
  0
VERTEX
  5
1eba
  8
Layer_0
  10
-1035.3917
  20
-1023.0437
  0
VERTEX
  5
1ebb
  8
Layer_0
  10
-1035.5939
  20
-1022.7913
  42
0.037185841
  0
VERTEX
  5
1ebc
  8
Layer_0
  10
-1037.6393
  20
-1023.8015
  42
0.0088586123
  0
VERTEX
  5
1ebd
  8
Layer_0
  10
-1038.6154
  20
-1025.9324
  0
VERTEX
  5
1ebe
  8
Layer_0
  10
-1038.8507
  20
-1026.3269
  42
-0.097240836
  0
VERTEX
  5
1ebf
  8
Layer_0
  10
-1039.9073
  20
-1027.4626
  42
-0.2121114
  0
VERTEX
  5
1ec0
  8
Layer_0
  10
-1042.403
  20
-1027.9998
  42
-0.31570203
  0
VERTEX
  5
1ec1
  8
Layer_0
  10
-1043.1456
  20
-1027.1042
  42
-0.13990954
  0
VERTEX
  5
1ec2
  8
Layer_0
  10
-1042.9308
  20
-1025.7527
  42
-0.0523268
  0
VERTEX
  5
1ec3
  8
Layer_0
  10
-1041.6295
  20
-1023.4983
  0
VERTEX
  5
1ec4
  8
Layer_0
  10
-1041.9073
  20
-1023.2458
  42
0.03409366
  0
VERTEX
  5
1ec5
  8
Layer_0
  10
-1044.1046
  20
-1024.2561
  0
VERTEX
  5
1ec6
  8
Layer_0
  10
-1045.2281
  20
-1025.822
  42
-0.16508904
  0
VERTEX
  5
1ec7
  8
Layer_0
  10
-1047.5704
  20
-1027.6145
  42
-0.08234852
  0
VERTEX
  5
1ec8
  8
Layer_0
  10
-1050.797
  20
-1028.0696
  0
VERTEX
  5
1ec9
  8
Layer_0
  10
-1051.1505
  20
-1028.0696
  0
VERTEX
  5
1eca
  8
Layer_0
  10
-1051.3453
  20
-1028.0896
  0
VERTEX
  5
1ecb
  8
Layer_0
  10
-1051.3453
  20
-1028.0696
  0
VERTEX
  5
1ecc
  8
Layer_0
  10
-1051.6989
  20
-1028.0696
  42
-0.28380284
  0
VERTEX
  5
1ecd
  8
Layer_0
  10
-1054.338
  20
-1026.4924
  42
-0.062131211
  0
VERTEX
  5
1ece
  8
Layer_0
  10
-1055.1935
  20
-1024.0276
  42
-0.0051357336
  0
VERTEX
  5
1ecf
  8
Layer_0
  10
-1055.924
  20
-1020.4211
  0
VERTEX
  5
1ed0
  8
Layer_0
  10
-1056.0338
  20
-1019.9392
  0
VERTEX
  5
1ed1
  8
Layer_0
  10
-1056.1442
  20
-1019.5076
  0
VERTEX
  5
1ed2
  8
Layer_0
  10
-1056.6998
  20
-1019.4573
  42
0.019586178
  0
VERTEX
  5
1ed3
  8
Layer_0
  10
-1057.9093
  20
-1021.554
  0
VERTEX
  5
1ed4
  8
Layer_0
  10
-1058.1993
  20
-1021.9797
  42
-0.092888636
  0
VERTEX
  5
1ed5
  8
Layer_0
  10
-1059.2848
  20
-1023.0623
  42
-0.28217778
  0
VERTEX
  5
1ed6
  8
Layer_0
  10
-1062.651
  20
-1022.9646
  42
-0.035110256
  0
VERTEX
  5
1ed7
  8
Layer_0
  10
-1064.6022
  20
-1021.4275
  0
VERTEX
  5
1ed8
  8
Layer_0
  10
-1064.88
  20
-1021.4778
  42
0.02336027
  0
VERTEX
  5
1ed9
  8
Layer_0
  10
-1066.2687
  20
-1025.8977
  0
VERTEX
  5
1eda
  8
Layer_0
  10
-1065.858
  20
-1026.2512
  42
-0.045439144
  0
VERTEX
  5
1edb
  8
Layer_0
  10
-1063.2921
  20
-1028.7976
  42
-0.11072669
  0
VERTEX
  5
1edc
  8
Layer_0
  10
-1062.799
  20
-1029.7009
  42
-0.20940097
  0
VERTEX
  5
1edd
  8
Layer_0
  10
-1062.8419
  20
-1030.0276
  42
-0.085504553
  0
VERTEX
  5
1ede
  8
Layer_0
  10
-1064.0485
  20
-1032.0359
  42
-0.065555298
  0
VERTEX
  5
1edf
  8
Layer_0
  10
-1066.819
  20
-1034.7659
  42
-0.12721121
  0
VERTEX
  5
1ee0
  8
Layer_0
  10
-1070.6803
  20
-1036.3787
  42
-0.11271636
  0
VERTEX
  5
1ee1
  8
Layer_0
  10
-1073.2262
  20
-1036.1418
  0
VERTEX
  5
1ee2
  8
Layer_0
  10
-1073.7955
  20
-1035.9495
  0
VERTEX
  5
1ee3
  8
Layer_0
  10
-1074.3766
  20
-1037.2625
  42
0.052394982
  0
VERTEX
  5
1ee4
  8
Layer_0
  10
-1070.0812
  20
-1039.3206
  42
0.080846482
  0
VERTEX
  5
1ee5
  8
Layer_0
  10
-1067.5065
  20
-1039.8108
  0
VERTEX
  5
1ee6
  8
Layer_0
  10
-1067.1261
  20
-1039.7878
  0
SEQEND
  0
POLYLINE
  5
1ee8
  8
Layer_0
  62
0
  66
1
  10
0
  20
0
  30
0
  0
VERTEX
  5
1ee8
  8
Layer_0
  10
-1177.1398
  20
-1042.3059
  0
VERTEX
  5
1ee9
  8
Layer_0
  10
-1176.6593
  20
-1042.2346
  42
0.12379585
  0
VERTEX
  5
1eea
  8
Layer_0
  10
-1173.9933
  20
-1040.9631
  42
0.10567111
  0
VERTEX
  5
1eeb
  8
Layer_0
  10
-1170.881
  20
-1037.0139
  42
0.0622285
  0
VERTEX
  5
1eec
  8
Layer_0
  10
-1169.4469
  20
-1033.1179
  0
VERTEX
  5
1eed
  8
Layer_0
  10
-1167.5529
  20
-1033.1179
  0
VERTEX
  5
1eee
  8
Layer_0
  10
-1167.5529
  20
-1033.116
  0
VERTEX
  5
1eef
  8
Layer_0
  10
-1167.5338
  20
-1033.1179
  42
0.13411243
  0
VERTEX
  5
1ef0
  8
Layer_0
  10
-1164.2291
  20
-1032.4143
  42
0.10924531
  0
VERTEX
  5
1ef1
  8
Layer_0
  10
-1161.903
  20
-1030.3669
  0
VERTEX
  5
1ef2
  8
Layer_0
  10
-1161.8273
  20
-1030.3669
  0
VERTEX
  5
1ef3
  8
Layer_0
  10
-1161.5636
  20
-1030.7688
  42
0.12882288
  0
VERTEX
  5
1ef4
  8
Layer_0
  10
-1159.6652
  20
-1032.4465
  42
0.10078302
  0
VERTEX
  5
1ef5
  8
Layer_0
  10
-1156.4772
  20
-1033.1194
  0
VERTEX
  5
1ef6
  8
Layer_0
  10
-1155.7164
  20
-1033.1179
  0
VERTEX
  5
1ef7
  8
Layer_0
  10
-1155.7164
  20
-1033.1096
  42
0.09767847
  0
VERTEX
  5
1ef8
  8
Layer_0
  10
-1153.0782
  20
-1032.7551
  42
0.18169297
  0
VERTEX
  5
1ef9
  8
Layer_0
  10
-1150.2872
  20
-1030.2224
  42
0.12153964
  0
VERTEX
  5
1efa
  8
Layer_0
  10
-1148.4669
  20
-1022.5891
  42
0.012577107
  0
VERTEX
  5
1efb
  8
Layer_0
  10
-1148.6183
  20
-1015.7952
  0
VERTEX
  5
1efc
  8
Layer_0
  10
-1146.3702
  20
-1014.0774
  0
VERTEX
  5
1efd
  8
Layer_0
  10
-1146.7018
  20
-1013.5237
  42
-0.04681553
  0
VERTEX
  5
1efe
  8
Layer_0
  10
-1148.7496
  20
-1009.4045
  42
-0.081979044
  0
VERTEX
  5
1eff
  8
Layer_0
  10
-1149.1486
  20
-1007.3337
  0
VERTEX
  5
1f00
  8
Layer_0
  10
-1149.4484
  20
-1007.1321
  42
0.07940354
  0
VERTEX
  5
1f01
  8
Layer_0
  10
-1151.5851
  20
-1009.2634
  42
0.14882522
  0
VERTEX
  5
1f02
  8
Layer_0
  10
-1152.0939
  20
-1011.5608
  42
0.0029722169
  0
VERTEX
  5
1f03
  8
Layer_0
  10
-1151.6334
  20
-1016.6648
  0
VERTEX
  5
1f04
  8
Layer_0
  10
-1151.5836
  20
-1017.2864
  42
-0.027608288
  0
VERTEX
  5
1f05
  8
Layer_0
  10
-1151.2921
  20
-1025.8132
  42
-0.13360802
  0
VERTEX
  5
1f06
  8
Layer_0
  10
-1151.5573
  20
-1026.8616
  42
-0.10825993
  0
VERTEX
  5
1f07
  8
Layer_0
  10
-1152.3385
  20
-1027.5051
  42
-0.094805473
  0
VERTEX
  5
1f08
  8
Layer_0
  10
-1154.1437
  20
-1028.011
  42
-0.023147938
  0
VERTEX
  5
1f09
  8
Layer_0
  10
-1155.7164
  20
-1028.0696
  42
-0.15123897
  0
VERTEX
  5
1f0a
  8
Layer_0
  10
-1158.7213
  20
-1027.3372
  42
-0.14169094
  0
VERTEX
  5
1f0b
  8
Layer_0
  10
-1159.6998
  20
-1026.2356
  42
-0.15358282
  0
VERTEX
  5
1f0c
  8
Layer_0
  10
-1159.8322
  20
-1023.7825
  42
-0.016946793
  0
VERTEX
  5
1f0d
  8
Layer_0
  10
-1159.4786
  20
-1022.4124
  0
VERTEX
  5
1f0e
  8
Layer_0
  10
-1159.6554
  20
-1022.2605
  42
0.02117304
  0
VERTEX
  5
1f0f
  8
Layer_0
  10
-1161.6754
  20
-1023.574
  42
0.010651268
  0
VERTEX
  5
1f10
  8
Layer_0
  10
-1162.3986
  20
-1025.5061
  0
VERTEX
  5
1f11
  8
Layer_0
  10
-1162.4982
  20
-1025.7566
  42
-0.18886966
  0
VERTEX
  5
1f12
  8
Layer_0
  10
-1164.3966
  20
-1027.5583
  42
-0.10876568
  0
VERTEX
  5
1f13
  8
Layer_0
  10
-1167.1803
  20
-1028.0696
  0
VERTEX
  5
1f14
  8
Layer_0
  10
-1167.5338
  20
-1028.0696
  0
VERTEX
  5
1f15
  8
Layer_0
  10
-1167.5529
  20
-1028.0715
  0
VERTEX
  5
1f16
  8
Layer_0
  10
-1167.5529
  20
-1028.0696
  0
VERTEX
  5
1f17
  8
Layer_0
  10
-1169.2701
  20
-1028.0696
  0
VERTEX
  5
1f18
  8
Layer_0
  10
-1169.4684
  20
-1027.1057
  42
0.056052108
  0
VERTEX
  5
1f19
  8
Layer_0
  10
-1170.7594
  20
-1023.136
  42
0.070976368
  0
VERTEX
  5
1f1a
  8
Layer_0
  10
-1171.9655
  20
-1021.2102
  42
0.2229827
  0
VERTEX
  5
1f1b
  8
Layer_0
  10
-1174.9279
  20
-1019.7605
  42
0.1710265
  0
VERTEX
  5
1f1c
  8
Layer_0
  10
-1177.7897
  20
-1020.8489
  42
0.15019881
  0
VERTEX
  5
1f1d
  8
Layer_0
  10
-1180.6188
  20
-1025.032
  42
0.15385488
  0
VERTEX
  5
1f1e
  8
Layer_0
  10
-1180.4386
  20
-1029.5969
  42
0.19493096
  0
VERTEX
  5
1f1f
  8
Layer_0
  10
-1178.1173
  20
-1032.1038
  42
0.10171858
  0
VERTEX
  5
1f20
  8
Layer_0
  10
-1174.1788
  20
-1033.0847
  42
0.019553458
  0
VERTEX
  5
1f21
  8
Layer_0
  10
-1172.1495
  20
-1033.1179
  42
-0.085130028
  0
VERTEX
  5
1f22
  8
Layer_0
  10
-1173.67
  20
-1035.0945
  42
-0.084324498
  0
VERTEX
  5
1f23
  8
Layer_0
  10
-1178.1788
  20
-1038.1907
  42
-0.1518818
  0
VERTEX
  5
1f24
  8
Layer_0
  10
-1182.6188
  20
-1038.7888
  42
-0.054053544
  0
VERTEX
  5
1f25
  8
Layer_0
  10
-1184.4718
  20
-1038.1975
  0
VERTEX
  5
1f26
  8
Layer_0
  10
-1185.0524
  20
-1039.5359
  42
0.076218601
  0
VERTEX
  5
1f27
  8
Layer_0
  10
-1180.2711
  20
-1041.9304
  42
0.093916503
  0
VERTEX
  5
1f28
  8
Layer_0
  10
-1177.1398
  20
-1042.3059
  0
SEQEND
  0
POLYLINE
  5
1f2a
  8
Layer_0
  62
0
  66
1
  10
0
  20
0
  30
0
  0
VERTEX
  5
1f2a
  8
Layer_0
  10
-903.57385
  20
-1012.9299
  42
0.070482117
  0
VERTEX
  5
1f2b
  8
Layer_0
  10
-901.46057
  20
-1010.6428
  42
0.052656315
  0
VERTEX
  5
1f2c
  8
Layer_0
  10
-904.34094
  20
-1007.511
  0
VERTEX
  5
1f2d
  8
Layer_0
  10
-906.8927
  20
-1010.2131
  0
VERTEX
  5
1f2e
  8
Layer_0
  10
-906.13928
  20
-1010.9529
  42
-0.011052454
  0
VERTEX
  5
1f2f
  8
Layer_0
  10
-903.93665
  20
-1013.219
  0
VERTEX
  5
1f30
  8
Layer_0
  10
-903.57385
  20
-1012.9299
  0
SEQEND
  0
POLYLINE
  5
1f32
  8
Layer_0
  62
0
  66
1
  10
0
  20
0
  30
0
  0
VERTEX
  5
1f32
  8
Layer_0
  10
-963.32434
  20
-1013.4021
  42
0.095126978
  0
VERTEX
  5
1f33
  8
Layer_0
  10
-961.401
  20
-1010.6174
  42
0.04465376
  0
VERTEX
  5
1f34
  8
Layer_0
  10
-965.01428
  20
-1007.6624
  0
VERTEX
  5
1f35
  8
Layer_0
  10
-967.33899
  20
-1010.9207
  0
VERTEX
  5
1f36
  8
Layer_0
  10
-966.33655
  20
-1011.6355
  42
-0.02379659
  0
VERTEX
  5
1f37
  8
Layer_0
  10
-963.67493
  20
-1013.7239
  0
VERTEX
  5
1f38
  8
Layer_0
  10
-963.32434
  20
-1013.4021
  0
SEQEND
  0
POLYLINE
  5
1f3a
  8
Layer_0
  62
0
  66
1
  10
0
  20
0
  30
0
  0
VERTEX
  5
1f3a
  8
Layer_0
  10
-1011.277
  20
-1033.072
  0
VERTEX
  5
1f3b
  8
Layer_0
  10
-1010.7286
  20
-1032.3289
  42
0.0306996
  0
VERTEX
  5
1f3c
  8
Layer_0
  10
-1009.7174
  20
-1030.6858
  42
0.073404228
  0
VERTEX
  5
1f3d
  8
Layer_0
  10
-1009.2682
  20
-1028.7561
  42
0.027978404
  0
VERTEX
  5
1f3e
  8
Layer_0
  10
-1009.0353
  20
-1023.3943
  42
0.019501735
  0
VERTEX
  5
1f3f
  8
Layer_0
  10
-1009.4479
  20
-1009.9656
  0
VERTEX
  5
1f40
  8
Layer_0
  10
-1009.6154
  20
-1007.9368
  0
VERTEX
  5
1f41
  8
Layer_0
  10
-1010.0446
  20
-1007.7097
  42
0.025749847
  0
VERTEX
  5
1f42
  8
Layer_0
  10
-1012.9723
  20
-1010.9172
  0
VERTEX
  5
1f43
  8
Layer_0
  10
-1012.7618
  20
-1012.9861
  42
-0.028608316
  0
VERTEX
  5
1f44
  8
Layer_0
  10
-1012.151
  20
-1029.8557
  42
-0.027051395
  0
VERTEX
  5
1f45
  8
Layer_0
  10
-1012.4415
  20
-1033.4211
  0
VERTEX
  5
1f46
  8
Layer_0
  10
-1011.8864
  20
-1033.825
  0
VERTEX
  5
1f47
  8
Layer_0
  10
-1011.277
  20
-1033.072
  0
SEQEND
  0
POLYLINE
  5
1f49
  8
Layer_0
  62
0
  66
1
  10
0
  20
0
  30
0
  0
VERTEX
  5
1f49
  8
Layer_0
  10
-929.54993
  20
-1033.072
  42
0.04357359
  0
VERTEX
  5
1f4a
  8
Layer_0
  10
-927.99084
  20
-1030.6858
  42
0.07365642
  0
VERTEX
  5
1f4b
  8
Layer_0
  10
-927.54114
  20
-1028.7561
  42
0.027837493
  0
VERTEX
  5
1f4c
  8
Layer_0
  10
-927.30823
  20
-1023.3943
  42
0.019447803
  0
VERTEX
  5
1f4d
  8
Layer_0
  10
-927.72083
  20
-1009.9656
  0
VERTEX
  5
1f4e
  8
Layer_0
  10
-927.88879
  20
-1007.9368
  0
VERTEX
  5
1f4f
  8
Layer_0
  10
-928.3175
  20
-1007.7097
  42
0.025748785
  0
VERTEX
  5
1f50
  8
Layer_0
  10
-931.24524
  20
-1010.9172
  0
VERTEX
  5
1f51
  8
Layer_0
  10
-931.03479
  20
-1012.9861
  42
-0.028638331
  0
VERTEX
  5
1f52
  8
Layer_0
  10
-930.42444
  20
-1029.8557
  42
-0.027359348
  0
VERTEX
  5
1f53
  8
Layer_0
  10
-930.71497
  20
-1033.4211
  0
VERTEX
  5
1f54
  8
Layer_0
  10
-930.1593
  20
-1033.825
  0
VERTEX
  5
1f55
  8
Layer_0
  10
-929.54993
  20
-1033.072
  0
SEQEND
  0
POLYLINE
  5
1f57
  8
Layer_0
  62
0
  66
1
  10
0
  20
0
  30
0
  0
VERTEX
  5
1f57
  8
Layer_0
  10
-1141.6261
  20
-1033.072
  0
VERTEX
  5
1f58
  8
Layer_0
  10
-1141.0782
  20
-1032.3289
  42
0.031722437
  0
VERTEX
  5
1f59
  8
Layer_0
  10
-1140.067
  20
-1030.6858
  42
0.073663865
  0
VERTEX
  5
1f5a
  8
Layer_0
  10
-1139.6173
  20
-1028.7561
  42
0.027951318
  0
VERTEX
  5
1f5b
  8
Layer_0
  10
-1139.3844
  20
-1023.3943
  42
0.019452064
  0
VERTEX
  5
1f5c
  8
Layer_0
  10
-1139.797
  20
-1009.9656
  0
VERTEX
  5
1f5d
  8
Layer_0
  10
-1139.9645
  20
-1007.9368
  0
VERTEX
  5
1f5e
  8
Layer_0
  10
-1140.3937
  20
-1007.7097
  42
0.025750257
  0
VERTEX
  5
1f5f
  8
Layer_0
  10
-1143.3214
  20
-1010.9172
  0
VERTEX
  5
1f60
  8
Layer_0
  10
-1143.111
  20
-1012.9861
  42
-0.028641332
  0
VERTEX
  5
1f61
  8
Layer_0
  10
-1142.5006
  20
-1029.8557
  42
-0.027359596
  0
VERTEX
  5
1f62
  8
Layer_0
  10
-1142.7911
  20
-1033.4211
  0
VERTEX
  5
1f63
  8
Layer_0
  10
-1142.2355
  20
-1033.825
  0
VERTEX
  5
1f64
  8
Layer_0
  10
-1141.6261
  20
-1033.072
  0
SEQEND
  0
POLYLINE
  5
1f66
  8
Layer_0
  62
0
  66
1
  10
0
  20
0
  30
0
  0
VERTEX
  5
1f66
  8
Layer_0
  10
-908.9054
  20
-1013.1575
  42
0.070454876
  0
VERTEX
  5
1f67
  8
Layer_0
  10
-906.79163
  20
-1010.8699
  42
0.052576234
  0
VERTEX
  5
1f68
  8
Layer_0
  10
-909.672
  20
-1007.738
  0
VERTEX
  5
1f69
  8
Layer_0
  10
-912.21985
  20
-1010.4407
  0
VERTEX
  5
1f6a
  8
Layer_0
  10
-911.46741
  20
-1011.1799
  42
-0.010816661
  0
VERTEX
  5
1f6b
  8
Layer_0
  10
-909.2677
  20
-1013.446
  0
VERTEX
  5
1f6c
  8
Layer_0
  10
-908.9054
  20
-1013.1575
  0
SEQEND
  0
POLYLINE
  5
1f6e
  8
Layer_0
  62
0
  66
1
  10
0
  20
0
  30
0
  0
VERTEX
  5
1f6e
  8
Layer_0
  10
-986.1344
  20
-1039.3127
  42
0.20470892
  0
VERTEX
  5
1f6f
  8
Layer_0
  10
-979.05969
  20
-1035.6804
  0
VERTEX
  5
1f70
  8
Layer_0
  10
-978.6676
  20
-1035.1917
  42
0.089759511
  0
VERTEX
  5
1f71
  8
Layer_0
  10
-977.58264
  20
-1031.3762
  0
VERTEX
  5
1f72
  8
Layer_0
  10
-977.48206
  20
-1031.3762
  0
VERTEX
  5
1f73
  8
Layer_0
  10
-977.30774
  20
-1031.5833
  42
0.19622326
  0
VERTEX
  5
1f74
  8
Layer_0
  10
-974.21497
  20
-1033.0891
  42
0.024182025
  0
VERTEX
  5
1f75
  8
Layer_0
  10
-973.23938
  20
-1033.1179
  0
VERTEX
  5
1f76
  8
Layer_0
  10
-973.23938
  20
-1033.0979
  0
VERTEX
  5
1f77
  8
Layer_0
  10
-973.04407
  20
-1033.1179
  42
0.10483099
  0
VERTEX
  5
1f78
  8
Layer_0
  10
-966.37561
  20
-1031.9041
  0
VERTEX
  5
1f79
  8
Layer_0
  10
-965.62073
  20
-1031.553
  0
VERTEX
  5
1f7a
  8
Layer_0
  10
-965.1925
  20
-1031.7019
  42
0.035847319
  0
VERTEX
  5
1f7b
  8
Layer_0
  10
-961.29456
  20
-1032.7991
  42
0.045958947
  0
VERTEX
  5
1f7c
  8
Layer_0
  10
-956.49231
  20
-1033.1179
  42
0.1041133
  0
VERTEX
  5
1f7d
  8
Layer_0
  10
-953.12708
  20
-1032.5754
  42
0.096505474
  0
VERTEX
  5
1f7e
  8
Layer_0
  10
-950.91125
  20
-1031.1238
  0
VERTEX
  5
1f7f
  8
Layer_0
  10
-950.83508
  20
-1031.1238
  0
VERTEX
  5
1f80
  8
Layer_0
  10
-950.76965
  20
-1031.3855
  42
0.28760584
  0
VERTEX
  5
1f81
  8
Layer_0
  10
-949.05969
  20
-1033.0125
  42
0.17521442
  0
VERTEX
  5
1f82
  8
Layer_0
  10
-946.39417
  20
-1032.6956
  42
0.094927483
  0
VERTEX
  5
1f83
  8
Layer_0
  10
-943.96643
  20
-1030.8967
  0
VERTEX
  5
1f84
  8
Layer_0
  10
-943.91614
  20
-1030.8967
  0
VERTEX
  5
1f85
  8
Layer_0
  10
-943.70715
  20
-1031.1653
  42
0.12366474
  0
VERTEX
  5
1f86
  8
Layer_0
  10
-941.76135
  20
-1032.7551
  42
0.29638178
  0
VERTEX
  5
1f87
  8
Layer_0
  10
-938.22522
  20
-1032.1931
  42
0.1263751
  0
VERTEX
  5
1f88
  8
Layer_0
  10
-935.85852
  20
-1028.9192
  42
0.072117115
  0
VERTEX
  5
1f89
  8
Layer_0
  10
-935.23596
  20
-1026.6335
  42
0.042432934
  0
VERTEX
  5
1f8a
  8
Layer_0
  10
-935.37659
  20
-1023.0271
  42
0.013806452
  0
VERTEX
  5
1f8b
  8
Layer_0
  10
-935.7843
  20
-1020.3411
  0
VERTEX
  5
1f8c
  8
Layer_0
  10
-936.13782
  20
-1020.1897
  42
0.017094477
  0
VERTEX
  5
1f8d
  8
Layer_0
  10
-938.91565
  20
-1023.1448
  0
VERTEX
  5
1f8e
  8
Layer_0
  10
-938.77063
  20
-1023.6487
  42
-0.026354633
  0
VERTEX
  5
1f8f
  8
Layer_0
  10
-937.98157
  20
-1027.5139
  42
-0.20763097
  0
VERTEX
  5
1f90
  8
Layer_0
  10
-938.61975
  20
-1027.9285
  42
-0.29664307
  0
VERTEX
  5
1f91
  8
Layer_0
  10
-941.27063
  20
-1026.946
  42
-0.16748663
  0
VERTEX
  5
1f92
  8
Layer_0
  10
-941.81995
  20
-1025.1653
  42
-0.081278929
  0
VERTEX
  5
1f93
  8
Layer_0
  10
-941.41565
  20
-1022.7405
  0
VERTEX
  5
1f94
  8
Layer_0
  10
-941.64319
  20
-1022.5637
  42
0.034186078
  0
VERTEX
  5
1f95
  8
Layer_0
  10
-943.53723
  20
-1023.7507
  0
VERTEX
  5
1f96
  8
Layer_0
  10
-943.66711
  20
-1024.3357
  42
-0.039253398
  0
VERTEX
  5
1f97
  8
Layer_0
  10
-944.24573
  20
-1026.2014
  42
-0.15980261
  0
VERTEX
  5
1f98
  8
Layer_0
  10
-945.65833
  20
-1027.5901
  42
-0.11287044
  0
VERTEX
  5
1f99
  8
Layer_0
  10
-947.37561
  20
-1028.0696
  42
-0.38085913
  0
VERTEX
  5
1f9a
  8
Layer_0
  10
-948.50793
  20
-1027.1482
  42
-0.13875984
  0
VERTEX
  5
1f9b
  8
Layer_0
  10
-948.29651
  20
-1025.8518
  42
-0.04822237
  0
VERTEX
  5
1f9c
  8
Layer_0
  10
-946.9718
  20
-1023.4729
  0
VERTEX
  5
1f9d
  8
Layer_0
  10
-947.14856
  20
-1023.1951
  42
0.036386463
  0
VERTEX
  5
1f9e
  8
Layer_0
  10
-949.42102
  20
-1024.155
  42
0.0023419677
  0
VERTEX
  5
1f9f
  8
Layer_0
  10
-950.35852
  20
-1025.4778
  0
VERTEX
  5
1fa0
  8
Layer_0
  10
-950.61047
  20
-1025.821
  42
-0.089442877
  0
VERTEX
  5
1fa1
  8
Layer_0
  10
-951.96692
  20
-1027.1604
  42
-0.11009157
  0
VERTEX
  5
1fa2
  8
Layer_0
  10
-954.54456
  20
-1027.9812
  42
-0.028602793
  0
VERTEX
  5
1fa3
  8
Layer_0
  10
-956.85754
  20
-1028.0696
  42
-0.032433393
  0
VERTEX
  5
1fa4
  8
Layer_0
  10
-960.5177
  20
-1027.7415
  42
0.074413796
  0
VERTEX
  5
1fa5
  8
Layer_0
  10
-959.3053
  20
-1023.9021
  42
0.11940534
  0
VERTEX
  5
1fa6
  8
Layer_0
  10
-959.73401
  20
-1019.2698
  42
0.07473419
  0
VERTEX
  5
1fa7
  8
Layer_0
  10
-960.94739
  20
-1017.0642
  42
0.10303863
  0
VERTEX
  5
1fa8
  8
Layer_0
  10
-962.11487
  20
-1016.0515
  42
0.18859536
  0
VERTEX
  5
1fa9
  8
Layer_0
  10
-964.13879
  20
-1015.9397
  42
0.078630918
  0
VERTEX
  5
1faa
  8
Layer_0
  10
-965.58557
  20
-1016.6399
  42
0.13323918
  0
VERTEX
  5
1fab
  8
Layer_0
  10
-969.10852
  20
-1020.7234
  42
0.11844882
  0
VERTEX
  5
1fac
  8
Layer_0
  10
-969.87952
  20
-1024.8826
  42
0.053725405
  0
VERTEX
  5
1fad
  8
Layer_0
  10
-969.48352
  20
-1027.7668
  42
-0.056908117
  0
VERTEX
  5
1fae
  8
Layer_0
  10
-973.04407
  20
-1028.0696
  0
VERTEX
  5
1faf
  8
Layer_0
  10
-973.23938
  20
-1028.0896
  0
VERTEX
  5
1fb0
  8
Layer_0
  10
-973.23938
  20
-1028.0696
  0
VERTEX
  5
1fb1
  8
Layer_0
  10
-973.5929
  20
-1028.0696
  42
-0.21715192
  0
VERTEX
  5
1fb2
  8
Layer_0
  10
-976.14368
  20
-1027.009
  42
-0.131679
  0
VERTEX
  5
1fb3
  8
Layer_0
  10
-976.93127
  20
-1025.1492
  42
-0.042109273
  0
VERTEX
  5
1fb4
  8
Layer_0
  10
-977.05286
  20
-1023.5237
  0
VERTEX
  5
1fb5
  8
Layer_0
  10
-977.0592
  20
-1022.3557
  42
0.0095767367
  0
VERTEX
  5
1fb6
  8
Layer_0
  10
-977.38098
  20
-1008.2434
  0
VERTEX
  5
1fb7
  8
Layer_0
  10
-977.78479
  20
-1008.0413
  42
0.042467996
  0
VERTEX
  5
1fb8
  8
Layer_0
  10
-980.45959
  20
-1010.7185
  0
VERTEX
  5
1fb9
  8
Layer_0
  10
-980.28088
  20
-1013.7756
  42
-0.0097563476
  0
VERTEX
  5
1fba
  8
Layer_0
  10
-979.72034
  20
-1026.1008
  42
-0.016501925
  0
VERTEX
  5
1fbb
  8
Layer_0
  10
-979.77747
  20
-1031.1238
  42
-0.15929509
  0
VERTEX
  5
1fbc
  8
Layer_0
  10
-984.71204
  20
-1034.0378
  42
-0.17399753
  0
VERTEX
  5
1fbd
  8
Layer_0
  10
-989.10071
  20
-1033.6018
  42
-0.18925658
  0
VERTEX
  5
1fbe
  8
Layer_0
  10
-991.4259
  20
-1030.8855
  42
-0.15374597
  0
VERTEX
  5
1fbf
  8
Layer_0
  10
-991.53479
  20
-1026.7405
  42
-0.034443032
  0
VERTEX
  5
1fc0
  8
Layer_0
  10
-990.71643
  20
-1024.3318
  0
VERTEX
  5
1fc1
  8
Layer_0
  10
-992.10559
  20
-1023.7258
  42
0.12359272
  0
VERTEX
  5
1fc2
  8
Layer_0
  10
-994.07288
  20
-1031.3762
  42
0.12397709
  0
VERTEX
  5
1fc3
  8
Layer_0
  10
-992.98352
  20
-1035.9568
  42
0.22339603
  0
VERTEX
  5
1fc4
  8
Layer_0
  10
-988.60266
  20
-1039.1365
  42
0.063036174
  0
VERTEX
  5
1fc5
  8
Layer_0
  10
-986.1344
  20
-1039.3127
  0
SEQEND
  0
POLYLINE
  5
1fc7
  8
Layer_0
  62
0
  66
1
  10
0
  20
0
  30
0
  0
VERTEX
  5
1fc7
  8
Layer_0
  10
-1283.0446
  20
-1033.5242
  42
0.20126598
  0
VERTEX
  5
1fc8
  8
Layer_0
  10
-1277.1779
  20
-1030.7209
  42
0.27294254
  0
VERTEX
  5
1fc9
  8
Layer_0
  10
-1275.6354
  20
-1022.325
  42
0.23377796
  0
VERTEX
  5
1fca
  8
Layer_0
  10
-1279.7047
  20
-1018.6917
  42
0.08090073
  0
VERTEX
  5
1fcb
  8
Layer_0
  10
-1282.5636
  20
-1018.3357
  42
0.067288534
  0
VERTEX
  5
1fcc
  8
Layer_0
  10
-1284.1788
  20
-1018.8796
  0
VERTEX
  5
1fcd
  8
Layer_0
  10
-1284.5157
  20
-1019.0271
  0
VERTEX
  5
1fce
  8
Layer_0
  10
-1286.4869
  20
-1019.9602
  42
-0.095355291
  0
VERTEX
  5
1fcf
  8
Layer_0
  10
-1284.7955
  20
-1016.0955
  42
-0.11046025
  0
VERTEX
  5
1fd0
  8
Layer_0
  10
-1281.0026
  20
-1012.6653
  42
-0.068397568
  0
VERTEX
  5
1fd1
  8
Layer_0
  10
-1277.6051
  20
-1011.3059
  42
-0.012565794
  0
VERTEX
  5
1fd2
  8
Layer_0
  10
-1276.2067
  20
-1010.9456
  0
VERTEX
  5
1fd3
  8
Layer_0
  10
-1276.4591
  20
-1009.5315
  42
0.033891954
  0
VERTEX
  5
1fd4
  8
Layer_0
  10
-1282.1656
  20
-1010.7434
  42
0.1500266
  0
VERTEX
  5
1fd5
  8
Layer_0
  10
-1289.4615
  20
-1015.8831
  42
0.15383678
  0
VERTEX
  5
1fd6
  8
Layer_0
  10
-1292.0953
  20
-1023.426
  42
0.099749015
  0
VERTEX
  5
1fd7
  8
Layer_0
  10
-1291.4635
  20
-1028.1018
  42
0.15582182
  0
VERTEX
  5
1fd8
  8
Layer_0
  10
-1288.4132
  20
-1032.1252
  42
0.16954812
  0
VERTEX
  5
1fd9
  8
Layer_0
  10
-1283.0446
  20
-1033.5242
  0
SEQEND
  0
POLYLINE
  5
1fdb
  8
Layer_0
  62
0
  66
1
  10
0
  20
0
  30
0
  0
VERTEX
  5
1fdb
  8
Layer_0
  10
-1258.1129
  20
-1032.5007
  0
VERTEX
  5
1fdc
  8
Layer_0
  10
-1257.9503
  20
-1031.8303
  42
0.0027797202
  0
VERTEX
  5
1fdd
  8
Layer_0
  10
-1257.4156
  20
-1029.5188
  0
VERTEX
  5
1fde
  8
Layer_0
  10
-1257.2203
  20
-1028.6956
  42
-0.0031491679
  0
VERTEX
  5
1fdf
  8
Layer_0
  10
-1256.8033
  20
-1027.009
  0
VERTEX
  5
1fe0
  8
Layer_0
  10
-1258.0153
  20
-1026.6047
  0
VERTEX
  5
1fe1
  8
Layer_0
  10
-1258.1842
  20
-1026.8899
  42
-0.043865965
  0
VERTEX
  5
1fe2
  8
Layer_0
  10
-1259.1803
  20
-1028.3196
  42
-0.20496357
  0
VERTEX
  5
1fe3
  8
Layer_0
  10
-1260.8268
  20
-1029.0701
  42
-0.02673756
  0
VERTEX
  5
1fe4
  8
Layer_0
  10
-1262.0543
  20
-1029.1052
  0
VERTEX
  5
1fe5
  8
Layer_0
  10
-1267.9381
  20
-1029.1052
  0
VERTEX
  5
1fe6
  8
Layer_0
  10
-1263.569
  20
-1024.9885
  42
0.04211035
  0
VERTEX
  5
1fe7
  8
Layer_0
  10
-1260.235
  20
-1021.3899
  42
0.091768724
  0
VERTEX
  5
1fe8
  8
Layer_0
  10
-1258.6241
  20
-1018.3645
  42
0.18611057
  0
VERTEX
  5
1fe9
  8
Layer_0
  10
-1259.0704
  20
-1013.1882
  42
0.20556362
  0
VERTEX
  5
1fea
  8
Layer_0
  10
-1262.9445
  20
-1010.072
  42
0.2225972
  0
VERTEX
  5
1feb
  8
Layer_0
  10
-1269.6779
  20
-1011.1213
  42
0.049948478
  0
VERTEX
  5
1fec
  8
Layer_0
  10
-1270.8175
  20
-1012.0798
  0
VERTEX
  5
1fed
  8
Layer_0
  10
-1273.2423
  20
-1015.5676
  0
VERTEX
  5
1fee
  8
Layer_0
  10
-1272.131
  20
-1016.4519
  0
VERTEX
  5
1fef
  8
Layer_0
  10
-1271.9034
  20
-1016.1155
  42
-0.085560833
  0
VERTEX
  5
1ff0
  8
Layer_0
  10
-1269.7164
  20
-1013.8933
  42
-0.23844813
  0
VERTEX
  5
1ff1
  8
Layer_0
  10
-1265.3595
  20
-1013.4392
  42
-0.17868278
  0
VERTEX
  5
1ff2
  8
Layer_0
  10
-1263.7159
  20
-1014.9949
  42
-0.12228141
  0
VERTEX
  5
1ff3
  8
Layer_0
  10
-1263.1647
  20
-1017.5125
  42
-0.11303238
  0
VERTEX
  5
1ff4
  8
Layer_0
  10
-1264.2159
  20
-1021.7146
  42
-0.068031613
  0
VERTEX
  5
1ff5
  8
Layer_0
  10
-1267.2565
  20
-1026.1252
  42
-0.020762016
  0
VERTEX
  5
1ff6
  8
Layer_0
  10
-1270.2179
  20
-1029.2532
  42
-0.0030433494
  0
VERTEX
  5
1ff7
  8
Layer_0
  10
-1273.2926
  20
-1032.2092
  0
VERTEX
  5
1ff8
  8
Layer_0
  10
-1273.2926
  20
-1033.1179
  0
VERTEX
  5
1ff9
  8
Layer_0
  10
-1258.2682
  20
-1033.1179
  0
VERTEX
  5
1ffa
  8
Layer_0
  10
-1258.1129
  20
-1032.5007
  0
SEQEND
  0
POLYLINE
  5
1ffc
  8
Layer_0
  62
0
  66
1
  10
0
  20
0
  30
0
  0
VERTEX
  5
1ffc
  8
Layer_0
  10
-1220.8702
  20
-1032.5007
  0
VERTEX
  5
1ffd
  8
Layer_0
  10
-1220.7076
  20
-1031.8303
  42
0.002781868
  0
VERTEX
  5
1ffe
  8
Layer_0
  10
-1220.173
  20
-1029.5188
  0
VERTEX
  5
1fff
  8
Layer_0
  10
-1219.9777
  20
-1028.6956
  42
-0.0031531509
  0
VERTEX
  5
2000
  8
Layer_0
  10
-1219.5607
  20
-1027.009
  0
VERTEX
  5
2001
  8
Layer_0
  10
-1220.7731
  20
-1026.6047
  0
VERTEX
  5
2002
  8
Layer_0
  10
-1220.942
  20
-1026.8899
  42
-0.044120374
  0
VERTEX
  5
2003
  8
Layer_0
  10
-1221.9376
  20
-1028.3196
  42
-0.20482814
  0
VERTEX
  5
2004
  8
Layer_0
  10
-1223.5841
  20
-1029.0701
  42
-0.026750362
  0
VERTEX
  5
2005
  8
Layer_0
  10
-1224.8116
  20
-1029.1052
  0
VERTEX
  5
2006
  8
Layer_0
  10
-1230.6954
  20
-1029.1052
  0
VERTEX
  5
2007
  8
Layer_0
  10
-1226.3263
  20
-1024.9885
  42
0.04209772
  0
VERTEX
  5
2008
  8
Layer_0
  10
-1222.9923
  20
-1021.3899
  42
0.091773588
  0
VERTEX
  5
2009
  8
Layer_0
  10
-1221.3815
  20
-1018.3645
  42
0.18609323
  0
VERTEX
  5
200a
  8
Layer_0
  10
-1221.8278
  20
-1013.1882
  42
0.2055652
  0
VERTEX
  5
200b
  8
Layer_0
  10
-1225.7018
  20
-1010.072
  42
0.22259753
  0
VERTEX
  5
200c
  8
Layer_0
  10
-1232.4352
  20
-1011.1213
  42
0.049954335
  0
VERTEX
  5
200d
  8
Layer_0
  10
-1233.5748
  20
-1012.0798
  0
VERTEX
  5
200e
  8
Layer_0
  10
-1235.9996
  20
-1015.5676
  0
VERTEX
  5
200f
  8
Layer_0
  10
-1234.8883
  20
-1016.4519
  0
VERTEX
  5
2010
  8
Layer_0
  10
-1234.6608
  20
-1016.1155
  42
-0.085558858
  0
VERTEX
  5
2011
  8
Layer_0
  10
-1232.4738
  20
-1013.8933
  42
-0.23844947
  0
VERTEX
  5
2012
  8
Layer_0
  10
-1228.1168
  20
-1013.4392
  42
-0.17862867
  0
VERTEX
  5
2013
  8
Layer_0
  10
-1226.4733
  20
-1014.9949
  42
-0.12203481
  0
VERTEX
  5
2014
  8
Layer_0
  10
-1225.922
  20
-1017.5125
  42
-0.11303247
  0
VERTEX
  5
2015
  8
Layer_0
  10
-1226.9733
  20
-1021.7146
  42
-0.068030472
  0
VERTEX
  5
2016
  8
Layer_0
  10
-1230.0138
  20
-1026.1252
  42
-0.0207614
  0
VERTEX
  5
2017
  8
Layer_0
  10
-1232.9752
  20
-1029.2532
  42
-0.0030453044
  0
VERTEX
  5
2018
  8
Layer_0
  10
-1236.0499
  20
-1032.2092
  0
VERTEX
  5
2019
  8
Layer_0
  10
-1236.0499
  20
-1033.1179
  0
VERTEX
  5
201a
  8
Layer_0
  10
-1221.0255
  20
-1033.1179
  0
VERTEX
  5
201b
  8
Layer_0
  10
-1220.8702
  20
-1032.5007
  0
SEQEND
  0
POLYLINE
  5
201d
  8
Layer_0
  62
0
  66
1
  10
0
  20
0
  30
0
  0
VERTEX
  5
201d
  8
Layer_0
  10
-1245.9645
  20
-1033.5237
  0
VERTEX
  5
201e
  8
Layer_0
  10
-1245.4127
  20
-1033.467
  42
0.17042441
  0
VERTEX
  5
201f
  8
Layer_0
  10
-1241.485
  20
-1031.5393
  42
0.09632979
  0
VERTEX
  5
2020
  8
Layer_0
  10
-1239.5968
  20
-1028.7092
  42
0.069895411
  0
VERTEX
  5
2021
  8
Layer_0
  10
-1238.485
  20
-1024.7336
  42
0.10161788
  0
VERTEX
  5
2022
  8
Layer_0
  10
-1238.9088
  20
-1016.5159
  42
0.081272675
  0
VERTEX
  5
2023
  8
Layer_0
  10
-1240.5494
  20
-1012.8611
  42
0.1516614
  0
VERTEX
  5
2024
  8
Layer_0
  10
-1243.8668
  20
-1010.2043
  42
0.18702402
  0
VERTEX
  5
2025
  8
Layer_0
  10
-1249.6154
  20
-1010.3918
  42
0.15765292
  0
VERTEX
  5
2026
  8
Layer_0
  10
-1253.024
  20
-1013.7009
  42
0.074866434
  0
VERTEX
  5
2027
  8
Layer_0
  10
-1254.424
  20
-1017.5457
  42
0.11611731
  0
VERTEX
  5
2028
  8
Layer_0
  10
-1254.1945
  20
-1026.7874
  42
0.081618955
  0
VERTEX
  5
2029
  8
Layer_0
  10
-1252.5431
  20
-1030.4387
  42
0.15135077
  0
VERTEX
  5
202a
  8
Layer_0
  10
-1249.1935
  20
-1033.0999
  42
0.10243542
  0
VERTEX
  5
202b
  8
Layer_0
  10
-1245.9645
  20
-1033.5237
  0
SEQEND
  0
POLYLINE
  5
202d
  8
Layer_0
  62
0
  66
1
  10
0
  20
0
  30
0
  0
VERTEX
  5
202d
  8
Layer_0
  10
-730.32971
  20
-1016.3669
  42
0.052920614
  0
VERTEX
  5
202e
  8
Layer_0
  10
-728.16516
  20
-1013.219
  42
0.055112508
  0
VERTEX
  5
202f
  8
Layer_0
  10
-732.28333
  20
-1009.9607
  0
VERTEX
  5
2030
  8
Layer_0
  10
-734.83459
  20
-1013.5974
  0
VERTEX
  5
2031
  8
Layer_0
  10
-733.77893
  20
-1014.3508
  42
-0.023324266
  0
VERTEX
  5
2032
  8
Layer_0
  10
-730.71692
  20
-1016.8054
  0
VERTEX
  5
2033
  8
Layer_0
  10
-730.32971
  20
-1016.3669
  0
SEQEND
  0
POLYLINE
  5
2035
  8
Layer_0
  62
0
  66
1
  10
0
  20
0
  30
0
  0
VERTEX
  5
2035
  8
Layer_0
  10
-1246.7892
  20
-1031.9714
  42
-0.19097276
  0
VERTEX
  5
2036
  8
Layer_0
  10
-1248.0416
  20
-1031.0652
  42
-0.072181741
  0
VERTEX
  5
2037
  8
Layer_0
  10
-1248.9034
  20
-1029.0706
  42
-0.039709963
  0
VERTEX
  5
2038
  8
Layer_0
  10
-1249.4362
  20
-1026.4001
  42
-0.064599444
  0
VERTEX
  5
2039
  8
Layer_0
  10
-1249.3253
  20
-1015.5837
  42
-0.079993765
  0
VERTEX
  5
203a
  8
Layer_0
  10
-1248.3663
  20
-1012.5046
  42
-0.13419292
  0
VERTEX
  5
203b
  8
Layer_0
  10
-1247.4738
  20
-1011.5408
  42
-0.31747312
  0
VERTEX
  5
203c
  8
Layer_0
  10
-1245.4855
  20
-1011.6965
  42
-0.12535122
  0
VERTEX
  5
203d
  8
Layer_0
  10
-1244.4855
  20
-1013.1848
  42
-0.064767152
  0
VERTEX
  5
203e
  8
Layer_0
  10
-1243.649
  20
-1016.5989
  42
-0.06462288
  0
VERTEX
  5
203f
  8
Layer_0
  10
-1243.7648
  20
-1027.6497
  42
-0.079366558
  0
VERTEX
  5
2040
  8
Layer_0
  10
-1244.734
  20
-1030.7825
  42
-0.13389385
  0
VERTEX
  5
2041
  8
Layer_0
  10
-1245.631
  20
-1031.7615
  42
-0.18801599
  0
VERTEX
  5
2042
  8
Layer_0
  10
-1246.7892
  20
-1031.9714
  0
SEQEND
  0
POLYLINE
  5
2044
  8
Layer_0
  62
0
  66
1
  10
0
  20
0
  30
0
  0
VERTEX
  5
2044
  8
Layer_0
  10
-1114.1359
  20
-1019.3977
  0
VERTEX
  5
2045
  8
Layer_0
  10
-1113.7692
  20
-1018.9558
  42
0.044967219
  0
VERTEX
  5
2046
  8
Layer_0
  10
-1111.9713
  20
-1016.2498
  42
0.055071556
  0
VERTEX
  5
2047
  8
Layer_0
  10
-1116.089
  20
-1012.9915
  0
VERTEX
  5
2048
  8
Layer_0
  10
-1118.6407
  20
-1016.6287
  0
VERTEX
  5
2049
  8
Layer_0
  10
-1117.5851
  20
-1017.3816
  42
-0.023325445
  0
VERTEX
  5
204a
  8
Layer_0
  10
-1114.5231
  20
-1019.8362
  0
VERTEX
  5
204b
  8
Layer_0
  10
-1114.1359
  20
-1019.3977
  0
SEQEND
  0
POLYLINE
  5
204d
  8
Layer_0
  62
0
  66
1
  10
0
  20
0
  30
0
  0
VERTEX
  5
204d
  8
Layer_0
  10
-877.46155
  20
-1033.1067
  42
0.068657931
  0
VERTEX
  5
204e
  8
Layer_0
  10
-873.31604
  20
-1032.6379
  42
0.020825393
  0
VERTEX
  5
204f
  8
Layer_0
  10
-869.67004
  20
-1031.572
  0
VERTEX
  5
2050
  8
Layer_0
  10
-868.97766
  20
-1031.3684
  42
-0.0080364207
  0
VERTEX
  5
2051
  8
Layer_0
  10
-865.98254
  20
-1030.5842
  0
VERTEX
  5
2052
  8
Layer_0
  10
-864.4718
  20
-1030.1687
  42
0.038277538
  0
VERTEX
  5
2053
  8
Layer_0
  10
-861.74573
  20
-1029.1804
  42
0.020906585
  0
VERTEX
  5
2054
  8
Layer_0
  10
-859.72522
  20
-1024.6335
  0
VERTEX
  5
2055
  8
Layer_0
  10
-860.07874
  20
-1024.2546
  0
VERTEX
  5
2056
  8
Layer_0
  10
-860.73889
  20
-1024.4875
  42
-0.033012171
  0
VERTEX
  5
2057
  8
Layer_0
  10
-865.79944
  20
-1025.969
  42
-0.075712971
  0
VERTEX
  5
2058
  8
Layer_0
  10
-867.57336
  20
-1026.1287
  42
-0.1136978
  0
VERTEX
  5
2059
  8
Layer_0
  10
-869.49622
  20
-1025.3391
  42
-0.14150604
  0
VERTEX
  5
205a
  8
Layer_0
  10
-871.96741
  20
-1022.4846
  42
-0.085262024
  0
VERTEX
  5
205b
  8
Layer_0
  10
-872.1012
  20
-1021.9299
  42
-0.19610077
  0
VERTEX
  5
205c
  8
Layer_0
  10
-871.73352
  20
-1021.5105
  42
-0.11093674
  0
VERTEX
  5
205d
  8
Layer_0
  10
-868.72229
  20
-1020.4578
  42
-0.049323729
  0
VERTEX
  5
205e
  8
Layer_0
  10
-866.77649
  20
-1020.3591
  42
-0.12298478
  0
VERTEX
  5
205f
  8
Layer_0
  10
-863.91223
  20
-1021.4509
  0
VERTEX
  5
2060
  8
Layer_0
  10
-863.41272
  20
-1021.8035
  0
VERTEX
  5
2061
  8
Layer_0
  10
-862.60413
  20
-1020.8938
  42
0.088816242
  0
VERTEX
  5
2062
  8
Layer_0
  10
-864.76526
  20
-1017.8533
  42
0.29613664
  0
VERTEX
  5
2063
  8
Layer_0
  10
-870.44739
  20
-1016.7273
  42
0.12520309
  0
VERTEX
  5
2064
  8
Layer_0
  10
-873.33264
  20
-1018.9417
  42
0.10871893
  0
VERTEX
  5
2065
  8
Layer_0
  10
-875.11389
  20
-1022.4119
  42
0.20153929
  0
VERTEX
  5
2066
  8
Layer_0
  10
-874.6134
  20
-1026.4368
  42
0.072826128
  0
VERTEX
  5
2067
  8
Layer_0
  10
-873.51379
  20
-1027.7664
  0
VERTEX
  5
2068
  8
Layer_0
  10
-873.51379
  20
-1027.8425
  42
-0.043533123
  0
VERTEX
  5
2069
  8
Layer_0
  10
-876.07678
  20
-1028.0627
  42
-0.003696046
  0
VERTEX
  5
206a
  8
Layer_0
  10
-877.3512
  20
-1028.0696
  0
VERTEX
  5
206b
  8
Layer_0
  10
-877.46155
  20
-1028.0808
  0
VERTEX
  5
206c
  8
Layer_0
  10
-877.46155
  20
-1028.0696
  0
VERTEX
  5
206d
  8
Layer_0
  10
-877.81506
  20
-1028.0696
  42
-0.27183314
  0
VERTEX
  5
206e
  8
Layer_0
  10
-880.76819
  20
-1026.4705
  42
-0.096532917
  0
VERTEX
  5
206f
  8
Layer_0
  10
-881.67932
  20
-1023.8772
  0
VERTEX
  5
2070
  8
Layer_0
  10
-881.84143
  20
-1022.9841
  42
0.021937687
  0
VERTEX
  5
2071
  8
Layer_0
  10
-883.8512
  20
-1013.7493
  0
VERTEX
  5
2072
  8
Layer_0
  10
-884.28088
  20
-1013.6228
  42
0.035077325
  0
VERTEX
  5
2073
  8
Layer_0
  10
-886.60461
  20
-1017.0833
  0
VERTEX
  5
2074
  8
Layer_0
  10
-886.29553
  20
-1017.9734
  42
-0.035469903
  0
VERTEX
  5
2075
  8
Layer_0
  10
-884.54504
  20
-1024.5525
  42
-0.038177889
  0
VERTEX
  5
2076
  8
Layer_0
  10
-884.43225
  20
-1025.5188
  42
-0.21431398
  0
VERTEX
  5
2077
  8
Layer_0
  10
-884.87756
  20
-1026.4944
  42
-0.086276608
  0
VERTEX
  5
2078
  8
Layer_0
  10
-886.02356
  20
-1027.1858
  42
-0.1043549
  0
VERTEX
  5
2079
  8
Layer_0
  10
-889.73645
  20
-1028.0696
  42
-0.13932642
  0
VERTEX
  5
207a
  8
Layer_0
  10
-891.65833
  20
-1027.6003
  42
-0.18921366
  0
VERTEX
  5
207b
  8
Layer_0
  10
-892.79309
  20
-1025.9597
  42
-0.0532347
  0
VERTEX
  5
207c
  8
Layer_0
  10
-892.94397
  20
-1024.9377
  0
VERTEX
  5
207d
  8
Layer_0
  10
-894.58264
  20
-1025.0896
  42
0.038314189
  0
VERTEX
  5
207e
  8
Layer_0
  10
-894.54407
  20
-1028.7214
  42
0.10174961
  0
VERTEX
  5
207f
  8
Layer_0
  10
-893.80579
  20
-1031.2214
  42
0.2245063
  0
VERTEX
  5
2080
  8
Layer_0
  10
-891.12463
  20
-1033.0491
  42
0.17716216
  0
VERTEX
  5
2081
  8
Layer_0
  10
-885.29846
  20
-1031.7371
  42
0.038684966
  0
VERTEX
  5
2082
  8
Layer_0
  10
-884.53186
  20
-1031.1516
  42
0.10258522
  0
VERTEX
  5
2083
  8
Layer_0
  10
-883.64514
  20
-1029.7429
  42
0.02447499
  0
VERTEX
  5
2084
  8
Layer_0
  10
-883.34631
  20
-1028.8777
  0
VERTEX
  5
2085
  8
Layer_0
  10
-883.27063
  20
-1028.8777
  0
VERTEX
  5
2086
  8
Layer_0
  10
-883.08118
  20
-1029.4514
  42
0.10337683
  0
VERTEX
  5
2087
  8
Layer_0
  10
-881.8092
  20
-1031.6462
  42
0.1738288
  0
VERTEX
  5
2088
  8
Layer_0
  10
-878.74622
  20
-1033.0754
  42
0.041941756
  0
VERTEX
  5
2089
  8
Layer_0
  10
-877.46155
  20
-1033.1067
  0
SEQEND
  0
POLYLINE
  5
208b
  8
Layer_0
  62
0
  66
1
  10
0
  20
0
  30
0
  0
VERTEX
  5
208b
  8
Layer_0
  10
-1160.9464
  20
-1019.6658
  0
VERTEX
  5
208c
  8
Layer_0
  10
-1160.6149
  20
-1019.3245
  42
0.080813308
  0
VERTEX
  5
208d
  8
Layer_0
  10
-1159.024
  20
-1016.8811
  42
0.044521554
  0
VERTEX
  5
208e
  8
Layer_0
  10
-1162.6354
  20
-1013.926
  0
VERTEX
  5
208f
  8
Layer_0
  10
-1164.9581
  20
-1017.1843
  0
VERTEX
  5
2090
  8
Layer_0
  10
-1163.9567
  20
-1017.8992
  42
-0.023914195
  0
VERTEX
  5
2091
  8
Layer_0
  10
-1161.297
  20
-1019.9875
  0
VERTEX
  5
2092
  8
Layer_0
  10
-1160.9464
  20
-1019.6658
  0
SEQEND
  0
POLYLINE
  5
2094
  8
Layer_0
  62
0
  66
1
  10
0
  20
0
  30
0
  0
VERTEX
  5
2094
  8
Layer_0
  10
-1194.2999
  20
-1045.4558
  42
0.042274264
  0
VERTEX
  5
2095
  8
Layer_0
  10
-1192.7775
  20
-1045.2981
  42
0.02745692
  0
VERTEX
  5
2096
  8
Layer_0
  10
-1192.0587
  20
-1045.115
  42
0.04549305
  0
VERTEX
  5
2097
  8
Layer_0
  10
-1187.5909
  20
-1041.9846
  42
0.0092433046
  0
VERTEX
  5
2098
  8
Layer_0
  10
-1186.0226
  20
-1040.6477
  0
VERTEX
  5
2099
  8
Layer_0
  10
-1186.4015
  20
-1040.0667
  0
VERTEX
  5
209a
  8
Layer_0
  10
-1187.0787
  20
-1040.1814
  42
-0.076382343
  0
VERTEX
  5
209b
  8
Layer_0
  10
-1196.255
  20
-1040.2087
  42
-0.080675858
  0
VERTEX
  5
209c
  8
Layer_0
  10
-1200.6779
  20
-1038.7595
  42
-0.11102821
  0
VERTEX
  5
209d
  8
Layer_0
  10
-1202.9679
  20
-1036.8552
  42
-0.18430977
  0
VERTEX
  5
209e
  8
Layer_0
  10
-1203.7379
  20
-1034.3367
  42
-0.13414723
  0
VERTEX
  5
209f
  8
Layer_0
  10
-1202.9498
  20
-1032.5457
  42
-0.076131379
  0
VERTEX
  5
20a0
  8
Layer_0
  10
-1200.5861
  20
-1030.3918
  42
-0.050687535
  0
VERTEX
  5
20a1
  8
Layer_0
  10
-1195.545
  20
-1027.6882
  42
-0.018574568
  0
VERTEX
  5
20a2
  8
Layer_0
  10
-1191.4528
  20
-1026.1228
  0
VERTEX
  5
20a3
  8
Layer_0
  10
-1191.0773
  20
-1024.9924
  42
0.014310597
  0
VERTEX
  5
20a4
  8
Layer_0
  10
-1190.1393
  20
-1021.5256
  0
VERTEX
  5
20a5
  8
Layer_0
  10
-1190.3922
  20
-1021.3235
  42
0.011284649
  0
VERTEX
  5
20a6
  8
Layer_0
  10
-1197.3073
  20
-1024.1477
  0
VERTEX
  5
20a7
  8
Layer_0
  10
-1197.6515
  20
-1024.2791
  42
-0.059635359
  0
VERTEX
  5
20a8
  8
Layer_0
  10
-1198.5499
  20
-1024.5315
  42
-0.11478059
  0
VERTEX
  5
20a9
  8
Layer_0
  10
-1200.0109
  20
-1024.0349
  42
-0.10907344
  0
VERTEX
  5
20aa
  8
Layer_0
  10
-1202.673
  20
-1021.6794
  42
-0.1342264
  0
VERTEX
  5
20ab
  8
Layer_0
  10
-1202.9952
  20
-1020.7424
  42
-0.16055864
  0
VERTEX
  5
20ac
  8
Layer_0
  10
-1202.6915
  20
-1020.2859
  42
-0.085845524
  0
VERTEX
  5
20ad
  8
Layer_0
  10
-1200.9176
  20
-1019.1838
  42
-0.14049292
  0
VERTEX
  5
20ae
  8
Layer_0
  10
-1197.0573
  20
-1018.5491
  42
-0.1078763
  0
VERTEX
  5
20af
  8
Layer_0
  10
-1194.4078
  20
-1019.5046
  0
VERTEX
  5
20b0
  8
Layer_0
  10
-1193.6754
  20
-1018.6711
  42
0.084817707
  0
VERTEX
  5
20b1
  8
Layer_0
  10
-1195.8615
  20
-1016.0432
  42
0.17878927
  0
VERTEX
  5
20b2
  8
Layer_0
  10
-1199.1813
  20
-1014.7849
  42
0.16764282
  0
VERTEX
  5
20b3
  8
Layer_0
  10
-1202.5997
  20
-1016.0564
  42
0.11709567
  0
VERTEX
  5
20b4
  8
Layer_0
  10
-1204.9147
  20
-1018.9958
  42
0.098426967
  0
VERTEX
  5
20b5
  8
Layer_0
  10
-1205.881
  20
-1022.2595
  42
0.21076407
  0
VERTEX
  5
20b6
  8
Layer_0
  10
-1204.5157
  20
-1026.1848
  42
0.062759058
  0
VERTEX
  5
20b7
  8
Layer_0
  10
-1202.6666
  20
-1027.8406
  0
VERTEX
  5
20b8
  8
Layer_0
  10
-1203.1173
  20
-1028.3835
  42
0.083068727
  0
VERTEX
  5
20b9
  8
Layer_0
  10
-1205.5978
  20
-1032.6316
  42
0.17696517
  0
VERTEX
  5
20ba
  8
Layer_0
  10
-1205.6456
  20
-1039.7566
  42
0.15899786
  0
VERTEX
  5
20bb
  8
Layer_0
  10
-1202.4948
  20
-1043.5974
  42
0.089080191
  0
VERTEX
  5
20bc
  8
Layer_0
  10
-1198.7809
  20
-1045.0876
  42
0.064092961
  0
VERTEX
  5
20bd
  8
Layer_0
  10
-1194.2999
  20
-1045.4558
  0
SEQEND
  0
POLYLINE
  5
20bf
  8
Layer_0
  62
0
  66
1
  10
0
  20
0
  30
0
  0
VERTEX
  5
20bf
  8
Layer_0
  10
-905.85852
  20
-1033.4827
  42
0.22048284
  0
VERTEX
  5
20c0
  8
Layer_0
  10
-900.27454
  20
-1030.4426
  42
0.17105118
  0
VERTEX
  5
20c1
  8
Layer_0
  10
-899.28723
  20
-1022.8997
  42
0.13323282
  0
VERTEX
  5
20c2
  8
Layer_0
  10
-901.13196
  20
-1019.7297
  42
0.032760759
  0
VERTEX
  5
20c3
  8
Layer_0
  10
-903.81555
  20
-1017.4456
  0
VERTEX
  5
20c4
  8
Layer_0
  10
-905.91077
  20
-1015.8816
  0
VERTEX
  5
20c5
  8
Layer_0
  10
-907.27161
  20
-1014.8098
  0
VERTEX
  5
20c6
  8
Layer_0
  10
-907.80237
  20
-1015.1633
  0
VERTEX
  5
20c7
  8
Layer_0
  10
-908.18127
  20
-1018.1184
  0
VERTEX
  5
20c8
  8
Layer_0
  10
-908.60803
  20
-1018.6345
  42
0.065327268
  0
VERTEX
  5
20c9
  8
Layer_0
  10
-911.23401
  20
-1022.8499
  42
0.11686654
  0
VERTEX
  5
20ca
  8
Layer_0
  10
-912.02698
  20
-1027.926
  42
0.11938251
  0
VERTEX
  5
20cb
  8
Layer_0
  10
-910.91321
  20
-1031.2317
  42
0.22741046
  0
VERTEX
  5
20cc
  8
Layer_0
  10
-907.18079
  20
-1033.4392
  42
0.047820057
  0
VERTEX
  5
20cd
  8
Layer_0
  10
-905.85852
  20
-1033.4827
  0
SEQEND
  0
POLYLINE
  5
20cf
  8
Layer_0
  62
0
  66
1
  10
0
  20
0
  30
0
  0
VERTEX
  5
20cf
  8
Layer_0
  10
-732.23157
  20
-1040.0032
  42
0.19842154
  0
VERTEX
  5
20d0
  8
Layer_0
  10
-724.09583
  20
-1036.0515
  42
0.021594276
  0
VERTEX
  5
20d1
  8
Layer_0
  10
-723.54407
  20
-1035.3435
  42
0.067875857
  0
VERTEX
  5
20d2
  8
Layer_0
  10
-722.11438
  20
-1030.5842
  42
0.055237894
  0
VERTEX
  5
20d3
  8
Layer_0
  10
-722.11047
  20
-1026.9431
  42
0.080171558
  0
VERTEX
  5
20d4
  8
Layer_0
  10
-724.35217
  20
-1018.656
  0
VERTEX
  5
20d5
  8
Layer_0
  10
-724.65393
  20
-1017.9924
  0
VERTEX
  5
20d6
  8
Layer_0
  10
-724.95715
  20
-1017.9417
  42
0.025555548
  0
VERTEX
  5
20d7
  8
Layer_0
  10
-727.63489
  20
-1022.2356
  0
VERTEX
  5
20d8
  8
Layer_0
  10
-727.27063
  20
-1022.9451
  42
-0.040820951
  0
VERTEX
  5
20d9
  8
Layer_0
  10
-725.25989
  20
-1027.6931
  42
-0.076220695
  0
VERTEX
  5
20da
  8
Layer_0
  10
-724.72961
  20
-1030.5701
  42
-0.20006517
  0
VERTEX
  5
20db
  8
Layer_0
  10
-725.23499
  20
-1031.8582
  42
-0.098464027
  0
VERTEX
  5
20dc
  8
Layer_0
  10
-728.30432
  20
-1033.8191
  42
-0.10659702
  0
VERTEX
  5
20dd
  8
Layer_0
  10
-732.54651
  20
-1034.6555
  42
-0.13863052
  0
VERTEX
  5
20de
  8
Layer_0
  10
-736.06604
  20
-1033.5037
  42
-0.20190287
  0
VERTEX
  5
20df
  8
Layer_0
  10
-738.10657
  20
-1030.0847
  42
-0.12285067
  0
VERTEX
  5
20e0
  8
Layer_0
  10
-737.88831
  20
-1026.7375
  42
-0.041699031
  0
VERTEX
  5
20e1
  8
Layer_0
  10
-736.93127
  20
-1024.2561
  0
VERTEX
  5
20e2
  8
Layer_0
  10
-738.32092
  20
-1023.5486
  42
0.081053466
  0
VERTEX
  5
20e3
  8
Layer_0
  10
-740.39856
  20
-1029.217
  42
0.11753844
  0
VERTEX
  5
20e4
  8
Layer_0
  10
-740.18176
  20
-1034.655
  42
0.23078823
  0
VERTEX
  5
20e5
  8
Layer_0
  10
-735.94055
  20
-1039.4031
  42
0.10204281
  0
VERTEX
  5
20e6
  8
Layer_0
  10
-732.23157
  20
-1040.0032
  0
SEQEND
  0
POLYLINE
  5
20e8
  8
Layer_0
  62
0
  66
1
  10
0
  20
0
  30
0
  0
VERTEX
  5
20e8
  8
Layer_0
  10
-1101.6798
  20
-1033.1033
  42
0.27242622
  0
VERTEX
  5
20e9
  8
Layer_0
  10
-1098.1881
  20
-1030.8044
  42
0.030977383
  0
VERTEX
  5
20ea
  8
Layer_0
  10
-1097.8893
  20
-1030.1375
  0
VERTEX
  5
20eb
  8
Layer_0
  10
-1097.8136
  20
-1030.1375
  0
VERTEX
  5
20ec
  8
Layer_0
  10
-1097.3815
  20
-1030.4651
  42
0.10387171
  0
VERTEX
  5
20ed
  8
Layer_0
  10
-1092.6788
  20
-1032.7126
  42
0.094569343
  0
VERTEX
  5
20ee
  8
Layer_0
  10
-1090.547
  20
-1032.8342
  42
0.1304299
  0
VERTEX
  5
20ef
  8
Layer_0
  10
-1089.0631
  20
-1032.1912
  42
0.12123746
  0
VERTEX
  5
20f0
  8
Layer_0
  10
-1087.5314
  20
-1030.1863
  42
0.083160991
  0
VERTEX
  5
20f1
  8
Layer_0
  10
-1086.8795
  20
-1028.095
  42
0.11283598
  0
VERTEX
  5
20f2
  8
Layer_0
  10
-1088.4669
  20
-1021.6975
  42
0.11782239
  0
VERTEX
  5
20f3
  8
Layer_0
  10
-1090.4225
  20
-1019.4563
  42
0.25149841
  0
VERTEX
  5
20f4
  8
Layer_0
  10
-1094.1945
  20
-1019.217
  42
0.19345957
  0
VERTEX
  5
20f5
  8
Layer_0
  10
-1097.5402
  20
-1022.9192
  42
0.0036963531
  0
VERTEX
  5
20f6
  8
Layer_0
  10
-1098.4742
  20
-1025.5388
  0
VERTEX
  5
20f7
  8
Layer_0
  10
-1098.588
  20
-1025.8357
  42
-0.23550555
  0
VERTEX
  5
20f8
  8
Layer_0
  10
-1100.8727
  20
-1027.8928
  42
-0.076853691
  0
VERTEX
  5
20f9
  8
Layer_0
  10
-1102.0055
  20
-1028.0696
  42
-0.10418724
  0
VERTEX
  5
20fa
  8
Layer_0
  10
-1104.8785
  20
-1027.6428
  42
-0.15327042
  0
VERTEX
  5
20fb
  8
Layer_0
  10
-1106.1393
  20
-1026.7312
  42
-0.028436588
  0
VERTEX
  5
20fc
  8
Layer_0
  10
-1107.7325
  20
-1023.3113
  0
VERTEX
  5
20fd
  8
Layer_0
  10
-1108.0763
  20
-1022.5544
  42
0.0094329675
  0
VERTEX
  5
20fe
  8
Layer_0
  10
-1108.839
  20
-1020.9978
  0
VERTEX
  5
20ff
  8
Layer_0
  10
-1109.1671
  20
-1020.9968
  42
0.028891779
  0
VERTEX
  5
2100
  8
Layer_0
  10
-1111.567
  20
-1024.7092
  0
VERTEX
  5
2101
  8
Layer_0
  10
-1111.2135
  20
-1025.321
  42
-0.046184035
  0
VERTEX
  5
2102
  8
Layer_0
  10
-1108.9738
  20
-1030.071
  42
-0.058407077
  0
VERTEX
  5
2103
  8
Layer_0
  10
-1108.4093
  20
-1032.4617
  42
-0.11523014
  0
VERTEX
  5
2104
  8
Layer_0
  10
-1109.3527
  20
-1033.7776
  42
-0.17665456
  0
VERTEX
  5
2105
  8
Layer_0
  10
-1116.1901
  20
-1036.5559
  42
-0.1043406
  0
VERTEX
  5
2106
  8
Layer_0
  10
-1119.1183
  20
-1036.0193
  42
-0.12397441
  0
VERTEX
  5
2107
  8
Layer_0
  10
-1121.0499
  20
-1034.5916
  42
-0.13733009
  0
VERTEX
  5
2108
  8
Layer_0
  10
-1122.1036
  20
-1031.8889
  42
-0.11688009
  0
VERTEX
  5
2109
  8
Layer_0
  10
-1121.7389
  20
-1028.2346
  42
-0.035625144
  0
VERTEX
  5
210a
  8
Layer_0
  10
-1121.0153
  20
-1026.4768
  0
VERTEX
  5
210b
  8
Layer_0
  10
-1122.379
  20
-1025.7947
  42
0.067908356
  0
VERTEX
  5
210c
  8
Layer_0
  10
-1124.0988
  20
-1030.3103
  42
0.13905931
  0
VERTEX
  5
210d
  8
Layer_0
  10
-1123.6993
  20
-1037.1335
  42
0.27416346
  0
VERTEX
  5
210e
  8
Layer_0
  10
-1118.3561
  20
-1041.4695
  42
0.14377406
  0
VERTEX
  5
210f
  8
Layer_0
  10
-1111.8292
  20
-1040.5945
  42
0.106665
  0
VERTEX
  5
2110
  8
Layer_0
  10
-1107.9303
  20
-1037.616
  42
0.10218699
  0
VERTEX
  5
2111
  8
Layer_0
  10
-1106.316
  20
-1032.2087
  0
VERTEX
  5
2112
  8
Layer_0
  10
-1106.2404
  20
-1032.2087
  0
VERTEX
  5
2113
  8
Layer_0
  10
-1105.9039
  20
-1032.4221
  42
0.099433979
  0
VERTEX
  5
2114
  8
Layer_0
  10
-1103.7423
  20
-1033.0613
  42
0.034550238
  0
VERTEX
  5
2115
  8
Layer_0
  10
-1101.6798
  20
-1033.1033
  0
SEQEND
  0
POLYLINE
  5
2117
  8
Layer_0
  62
0
  66
1
  10
0
  20
0
  30
0
  0
VERTEX
  5
2117
  8
Layer_0
  10
-688.59094
  20
-1040.8767
  42
0.14317081
  0
VERTEX
  5
2118
  8
Layer_0
  10
-685.90637
  20
-1039.7771
  42
0.086293338
  0
VERTEX
  5
2119
  8
Layer_0
  10
-683.57092
  20
-1037.1272
  42
0.10465399
  0
VERTEX
  5
211a
  8
Layer_0
  10
-681.85999
  20
-1032.5891
  42
0.040736778
  0
VERTEX
  5
211b
  8
Layer_0
  10
-681.64807
  20
-1029.7517
  0
VERTEX
  5
211c
  8
Layer_0
  10
-681.63782
  20
-1029.5403
  42
-0.0073057034
  0
VERTEX
  5
211d
  8
Layer_0
  10
-681.60315
  20
-1029.0422
  0
VERTEX
  5
211e
  8
Layer_0
  10
-681.58362
  20
-1028.7478
  42
0.053538534
  0
VERTEX
  5
211f
  8
Layer_0
  10
-681.64709
  20
-1026.4329
  42
0.068502012
  0
VERTEX
  5
2120
  8
Layer_0
  10
-682.68958
  20
-1023.2771
  42
0.027881855
  0
VERTEX
  5
2121
  8
Layer_0
  10
-684.63098
  20
-1019.7351
  0
VERTEX
  5
2122
  8
Layer_0
  10
-685.11096
  20
-1019.7351
  42
0.021463018
  0
VERTEX
  5
2123
  8
Layer_0
  10
-687.38391
  20
-1024.0281
  0
VERTEX
  5
2124
  8
Layer_0
  10
-686.94885
  20
-1024.6833
  42
-0.026206866
  0
VERTEX
  5
2125
  8
Layer_0
  10
-684.59534
  20
-1028.5652
  42
-0.081224138
  0
VERTEX
  5
2126
  8
Layer_0
  10
-684.00842
  20
-1030.1658
  42
-0.14133128
  0
VERTEX
  5
2127
  8
Layer_0
  10
-684.29651
  20
-1031.3401
  42
-0.074867695
  0
VERTEX
  5
2128
  8
Layer_0
  10
-686.46155
  20
-1034.282
  42
-0.10654343
  0
VERTEX
  5
2129
  8
Layer_0
  10
-690.57092
  20
-1037.196
  42
-0.11627813
  0
VERTEX
  5
212a
  8
Layer_0
  10
-693.59631
  20
-1037.6482
  42
-0.051828456
  0
VERTEX
  5
212b
  8
Layer_0
  10
-695.44104
  20
-1037.3645
  0
VERTEX
  5
212c
  8
Layer_0
  10
-695.92053
  20
-1038.7019
  42
0.083165053
  0
VERTEX
  5
212d
  8
Layer_0
  10
-691.00012
  20
-1040.6682
  42
0.069346164
  0
VERTEX
  5
212e
  8
Layer_0
  10
-688.59094
  20
-1040.8767
  0
SEQEND
  0
POLYLINE
  5
2130
  8
Layer_0
  62
0
  66
1
  10
0
  20
0
  30
0
  0
VERTEX
  5
2130
  8
Layer_0
  10
-965.16077
  20
-1026.7766
  42
-0.098261159
  0
VERTEX
  5
2131
  8
Layer_0
  10
-967.31897
  20
-1025.4607
  42
-0.14907846
  0
VERTEX
  5
2132
  8
Layer_0
  10
-968.19788
  20
-1023.9026
  42
-0.16210138
  0
VERTEX
  5
2133
  8
Layer_0
  10
-965.68225
  20
-1020.9875
  42
-0.14671462
  0
VERTEX
  5
2134
  8
Layer_0
  10
-963.96985
  20
-1020.5833
  42
-0.16231214
  0
VERTEX
  5
2135
  8
Layer_0
  10
-962.66125
  20
-1021.2327
  42
-0.18370618
  0
VERTEX
  5
2136
  8
Layer_0
  10
-961.22375
  20
-1024.1785
  42
-0.16257324
  0
VERTEX
  5
2137
  8
Layer_0
  10
-961.60657
  20
-1025.0452
  42
-0.11606917
  0
VERTEX
  5
2138
  8
Layer_0
  10
-963.65344
  20
-1026.4797
  42
-0.027736818
  0
VERTEX
  5
2139
  8
Layer_0
  10
-964.81213
  20
-1026.9075
  0
VERTEX
  5
213a
  8
Layer_0
  10
-965.16077
  20
-1026.7766
  0
SEQEND
  0
POLYLINE
  5
213c
  8
Layer_0
  62
0
  66
1
  10
0
  20
0
  30
0
  0
VERTEX
  5
213c
  8
Layer_0
  10
-1283.1544
  20
-1031.9939
  42
-0.16732219
  0
VERTEX
  5
213d
  8
Layer_0
  10
-1284.8517
  20
-1031.0945
  42
-0.10424523
  0
VERTEX
  5
213e
  8
Layer_0
  10
-1286.2096
  20
-1028.8801
  42
-0.084464933
  0
VERTEX
  5
213f
  8
Layer_0
  10
-1286.9532
  20
-1024.8821
  42
-0.045834777
  0
VERTEX
  5
2140
  8
Layer_0
  10
-1286.7755
  20
-1021.6208
  0
VERTEX
  5
2141
  8
Layer_0
  10
-1286.714
  20
-1021.3484
  42
-0.1123173
  0
VERTEX
  5
2142
  8
Layer_0
  10
-1283.8605
  20
-1020.9792
  42
-0.21313361
  0
VERTEX
  5
2143
  8
Layer_0
  10
-1281.1993
  20
-1022.5925
  42
-0.10804533
  0
VERTEX
  5
2144
  8
Layer_0
  10
-1280.1764
  20
-1025.011
  42
-0.12459259
  0
VERTEX
  5
2145
  8
Layer_0
  10
-1280.4523
  20
-1030.0227
  42
-0.12845539
  0
VERTEX
  5
2146
  8
Layer_0
  10
-1281.4401
  20
-1031.5271
  42
-0.19017074
  0
VERTEX
  5
2147
  8
Layer_0
  10
-1283.1544
  20
-1031.9939
  0
SEQEND
  0
POLYLINE
  5
2149
  8
Layer_0
  62
0
  66
1
  10
0
  20
0
  30
0
  0
VERTEX
  5
2149
  8
Layer_0
  10
-906.30383
  20
-1028.3503
  42
-0.036151502
  0
VERTEX
  5
214a
  8
Layer_0
  10
-907.08167
  20
-1028.2302
  42
-0.18992639
  0
VERTEX
  5
214b
  8
Layer_0
  10
-909.27307
  20
-1026.8088
  42
-0.28212983
  0
VERTEX
  5
214c
  8
Layer_0
  10
-909.41125
  20
-1024.3357
  42
-0.077184584
  0
VERTEX
  5
214d
  8
Layer_0
  10
-907.97034
  20
-1022.343
  42
-0.024076151
  0
VERTEX
  5
214e
  8
Layer_0
  10
-906.5387
  20
-1020.9724
  42
-0.056450732
  0
VERTEX
  5
214f
  8
Layer_0
  10
-903.10217
  20
-1023.3577
  42
-0.099391161
  0
VERTEX
  5
2150
  8
Layer_0
  10
-901.58264
  20
-1025.3054
  42
-0.078844656
  0
VERTEX
  5
2151
  8
Layer_0
  10
-901.30872
  20
-1026.2512
  42
-0.15505655
  0
VERTEX
  5
2152
  8
Layer_0
  10
-903.26379
  20
-1027.8142
  42
-0.12095934
  0
VERTEX
  5
2153
  8
Layer_0
  10
-906.30383
  20
-1028.3503
  0
SEQEND
  0
POLYLINE
  5
2155
  8
Layer_0
  62
0
  66
1
  10
0
  20
0
  30
0
  0
VERTEX
  5
2155
  8
Layer_0
  10
-811.46204
  20
-1028.0579
  0
VERTEX
  5
2156
  8
Layer_0
  10
-811.83118
  20
-1028.0242
  42
-0.11102183
  0
VERTEX
  5
2157
  8
Layer_0
  10
-815.15588
  20
-1026.7649
  42
-0.041496985
  0
VERTEX
  5
2158
  8
Layer_0
  10
-817.00256
  20
-1025.3655
  42
-0.064777193
  0
VERTEX
  5
2159
  8
Layer_0
  10
-816.2843
  20
-1024.2576
  42
-0.32819728
  0
VERTEX
  5
215a
  8
Layer_0
  10
-813.11682
  20
-1023.3816
  42
-0.12506187
  0
VERTEX
  5
215b
  8
Layer_0
  10
-811.7428
  20
-1024.4558
  42
-0.11000403
  0
VERTEX
  5
215c
  8
Layer_0
  10
-810.42444
  20
-1027.3196
  0
VERTEX
  5
215d
  8
Layer_0
  10
-810.30969
  20
-1027.8425
  42
-0.32958003
  0
VERTEX
  5
215e
  8
Layer_0
  10
-810.52112
  20
-1028.0129
  42
-0.075154363
  0
VERTEX
  5
215f
  8
Layer_0
  10
-811.46204
  20
-1028.0579
  0
SEQEND
  0
POLYLINE
  5
2161
  8
Layer_0
  62
0
  66
1
  10
0
  20
0
  30
0
  0
VERTEX
  5
2161
  8
Layer_0
  10
-1090.7819
  20
-1028.0579
  42
-0.11657111
  0
VERTEX
  5
2162
  8
Layer_0
  10
-1094.1061
  20
-1026.9866
  42
-0.051529766
  0
VERTEX
  5
2163
  8
Layer_0
  10
-1096.3224
  20
-1025.3655
  42
-0.064750911
  0
VERTEX
  5
2164
  8
Layer_0
  10
-1095.6041
  20
-1024.2576
  42
-0.32819617
  0
VERTEX
  5
2165
  8
Layer_0
  10
-1092.4366
  20
-1023.3816
  42
-0.12509293
  0
VERTEX
  5
2166
  8
Layer_0
  10
-1091.0626
  20
-1024.4558
  42
-0.10999629
  0
VERTEX
  5
2167
  8
Layer_0
  10
-1089.7443
  20
-1027.3196
  0
VERTEX
  5
2168
  8
Layer_0
  10
-1089.6295
  20
-1027.8425
  42
-0.32617664
  0
VERTEX
  5
2169
  8
Layer_0
  10
-1089.8409
  20
-1028.0129
  42
-0.075147657
  0
VERTEX
  5
216a
  8
Layer_0
  10
-1090.7819
  20
-1028.0579
  0
SEQEND
  0
POLYLINE
  5
216c
  8
Layer_0
  62
0
  66
1
  10
0
  20
0
  30
0
  0
VERTEX
  5
216c
  8
Layer_0
  10
-1173.4269
  20
-1028.1321
  42
-0.068172015
  0
VERTEX
  5
216d
  8
Layer_0
  10
-1176.5641
  20
-1027.6345
  42
-0.086619996
  0
VERTEX
  5
216e
  8
Layer_0
  10
-1177.9991
  20
-1026.9299
  42
-0.17160239
  0
VERTEX
  5
216f
  8
Layer_0
  10
-1178.652
  20
-1025.9905
  42
-0.23571949
  0
VERTEX
  5
2170
  8
Layer_0
  10
-1178.4259
  20
-1025.0178
  42
-0.23093402
  0
VERTEX
  5
2171
  8
Layer_0
  10
-1176.4366
  20
-1023.8972
  42
-0.21132459
  0
VERTEX
  5
2172
  8
Layer_0
  10
-1173.8776
  20
-1024.76
  42
-0.10050419
  0
VERTEX
  5
2173
  8
Layer_0
  10
-1172.1954
  20
-1027.1589
  42
-0.02062216
  0
VERTEX
  5
2174
  8
Layer_0
  10
-1171.8214
  20
-1028.0696
  0
VERTEX
  5
2175
  8
Layer_0
  10
-1172.2946
  20
-1028.1267
  42
-0.029565228
  0
VERTEX
  5
2176
  8
Layer_0
  10
-1173.4269
  20
-1028.1321
  0
SEQEND
  0
POLYLINE
  5
2178
  8
Layer_0
  62
0
  66
1
  10
0
  20
0
  30
0
  0
VERTEX
  5
2178
  8
Layer_0
  10
-698.3512
  20
-1032.697
  0
VERTEX
  5
2179
  8
Layer_0
  10
-698.6803
  20
-1032.6487
  42
-0.19938903
  0
VERTEX
  5
217a
  8
Layer_0
  10
-701.47424
  20
-1030.6907
  42
-0.067384089
  0
VERTEX
  5
217b
  8
Layer_0
  10
-702.13586
  20
-1029.3044
  0
VERTEX
  5
217c
  8
Layer_0
  10
-701.7384
  20
-1029.1785
  42
-0.13194901
  0
VERTEX
  5
217d
  8
Layer_0
  10
-699.53137
  20
-1029.0808
  42
-0.27167112
  0
VERTEX
  5
217e
  8
Layer_0
  10
-697.10657
  20
-1031.4963
  42
-0.035184467
  0
VERTEX
  5
217f
  8
Layer_0
  10
-696.92786
  20
-1032.3127
  42
-0.13916138
  0
VERTEX
  5
2180
  8
Layer_0
  10
-697.42395
  20
-1032.6287
  42
-0.10568767
  0
VERTEX
  5
2181
  8
Layer_0
  10
-698.3512
  20
-1032.697
  0
SEQEND
  0
POLYLINE
  5
2183
  8
Layer_0
  62
0
  66
1
  10
0
  20
0
  30
0
  0
VERTEX
  5
2183
  8
Layer_0
  10
-757.6095
  20
-1043.1262
  42
0.094907827
  0
VERTEX
  5
2184
  8
Layer_0
  10
-755.6886
  20
-1040.3416
  42
0.044789954
  0
VERTEX
  5
2185
  8
Layer_0
  10
-759.29797
  20
-1037.3865
  0
VERTEX
  5
2186
  8
Layer_0
  10
-761.6217
  20
-1040.6443
  0
VERTEX
  5
2187
  8
Layer_0
  10
-760.61975
  20
-1041.3596
  42
-0.023946096
  0
VERTEX
  5
2188
  8
Layer_0
  10
-757.95959
  20
-1043.448
  0
VERTEX
  5
2189
  8
Layer_0
  10
-757.6095
  20
-1043.1262
  0
SEQEND
  0
POLYLINE
  5
218b
  8
Layer_0
  62
0
  66
1
  10
0
  20
0
  30
0
  0
VERTEX
  5
218b
  8
Layer_0
  10
-1054.316
  20
-1043.5378
  0
VERTEX
  5
218c
  8
Layer_0
  10
-1053.9679
  20
-1043.2395
  42
0.060327785
  0
VERTEX
  5
218d
  8
Layer_0
  10
-1052.2042
  20
-1041.2507
  42
0.052637655
  0
VERTEX
  5
218e
  8
Layer_0
  10
-1055.0831
  20
-1038.1204
  0
VERTEX
  5
218f
  8
Layer_0
  10
-1057.6344
  20
-1040.8215
  0
VERTEX
  5
2190
  8
Layer_0
  10
-1056.8815
  20
-1041.5608
  42
-0.010999117
  0
VERTEX
  5
2191
  8
Layer_0
  10
-1054.6793
  20
-1043.8269
  0
VERTEX
  5
2192
  8
Layer_0
  10
-1054.316
  20
-1043.5378
  0
SEQEND
  0
POLYLINE
  5
2194
  8
Layer_0
  62
0
  66
1
  10
0
  20
0
  30
0
  0
VERTEX
  5
2194
  8
Layer_0
  10
-1059.6451
  20
-1043.7654
  0
VERTEX
  5
2195
  8
Layer_0
  10
-1059.2975
  20
-1043.467
  42
0.060373387
  0
VERTEX
  5
2196
  8
Layer_0
  10
-1057.5333
  20
-1041.4778
  42
0.052671167
  0
VERTEX
  5
2197
  8
Layer_0
  10
-1060.4127
  20
-1038.3474
  0
VERTEX
  5
2198
  8
Layer_0
  10
-1062.9601
  20
-1041.0486
  0
VERTEX
  5
2199
  8
Layer_0
  10
-1062.2081
  20
-1041.7883
  42
-0.010666069
  0
VERTEX
  5
219a
  8
Layer_0
  10
-1060.0084
  20
-1044.054
  0
VERTEX
  5
219b
  8
Layer_0
  10
-1059.6451
  20
-1043.7654
  0
SEQEND
  0
POLYLINE
  5
219d
  8
Layer_0
  62
0
  66
1
  10
0
  20
0
  30
0
  0
VERTEX
  5
219d
  8
Layer_0
  10
-779.73352
  20
-1049.7966
  42
0.044018664
  0
VERTEX
  5
219e
  8
Layer_0
  10
-777.63049
  20
-1047.0598
  42
0.046069847
  0
VERTEX
  5
219f
  8
Layer_0
  10
-781.11633
  20
-1043.9026
  0
VERTEX
  5
21a0
  8
Layer_0
  10
-783.59192
  20
-1047.009
  0
VERTEX
  5
21a1
  8
Layer_0
  10
-782.69104
  20
-1047.7292
  42
-0.017797549
  0
VERTEX
  5
21a2
  8
Layer_0
  10
-780.02991
  20
-1050.116
  0
VERTEX
  5
21a3
  8
Layer_0
  10
-779.73352
  20
-1049.7966
  0
SEQEND
  0
POLYLINE
  5
21a5
  8
Layer_0
  62
0
  70
1
  66
1
  10
0
  20
0
  30
0
  0
VERTEX
  5
21a5
  8
Layer_0
  10
-785.69543
  20
-1050.2004
  42
0.044302542
  0
VERTEX
  5
21a6
  8
Layer_0
  10
-783.59192
  20
-1047.4636
  42
0.045989551
  0
VERTEX
  5
21a7
  8
Layer_0
  10
-787.07776
  20
-1044.3069
  0
VERTEX
  5
21a8
  8
Layer_0
  10
-789.55334
  20
-1047.4133
  0
VERTEX
  5
21a9
  8
Layer_0
  10
-788.65247
  20
-1048.1331
  42
-0.017849618
  0
VERTEX
  5
21aa
  8
Layer_0
  10
-785.99182
  20
-1050.5198
  0
SEQEND
  0
CIRCLE
  5
21ac
  8
Layer_0
  62
0
  10
-620.83618
  20
-1023.7251
  30
0
  40
17.50001
  0
CIRCLE
  5
21ac
  8
Layer_0
  62
0
  10
-620.83618
  20
-1023.7251
  30
0
  40
8.0000048
  0
CIRCLE
  5
21ac
  8
Layer_0
  62
0
  10
-620.83618
  20
-930.69629
  30
0
  40
17.50001
  0
CIRCLE
  5
21ac
  8
Layer_0
  62
0
  10
-620.83618
  20
-930.69629
  30
0
  40
5.0000029
  0
POLYLINE
  5
21ac
  8
Layer_0
  62
0
  66
1
  10
0
  20
0
  30
0
  0
VERTEX
  5
21ac
  8
Layer_0
  10
-716.40771
  20
-1115.1411
  42
0.016649633
  0
VERTEX
  5
21ad
  8
Layer_0
  10
-709.36426
  20
-1114.8599
  42
0.013090271
  0
VERTEX
  5
21ae
  8
Layer_0
  10
-706.02637
  20
-1114.502
  42
0.043492624
  0
VERTEX
  5
21af
  8
Layer_0
  10
-695.22852
  20
-1115.1304
  42
0.10332781
  0
VERTEX
  5
21b0
  8
Layer_0
  10
-689.17871
  20
-1113.5933
  42
0.036650746
  0
VERTEX
  5
21b1
  8
Layer_0
  10
-684.85254
  20
-1114.8394
  42
0.046995277
  0
VERTEX
  5
21b2
  8
Layer_0
  10
-680.07568
  20
-1115.1582
  42
0.12694826
  0
VERTEX
  5
21b3
  8
Layer_0
  10
-677.7168
  20
-1114.71
  42
0.17350913
  0
VERTEX
  5
21b4
  8
Layer_0
  10
-675.72168
  20
-1112.5215
  0
VERTEX
  5
21b5
  8
Layer_0
  10
-675.58057
  20
-1112.1777
  0
VERTEX
  5
21b6
  8
Layer_0
  10
-675.50488
  20
-1112.1777
  0
VERTEX
  5
21b7
  8
Layer_0
  10
-675.07275
  20
-1112.5054
  42
0.1038156
  0
VERTEX
  5
21b8
  8
Layer_0
  10
-670.37012
  20
-1114.7529
  42
0.094559172
  0
VERTEX
  5
21b9
  8
Layer_0
  10
-668.23779
  20
-1114.8745
  42
0.13033878
  0
VERTEX
  5
21ba
  8
Layer_0
  10
-666.75439
  20
-1114.2314
  42
0.1212596
  0
VERTEX
  5
21bb
  8
Layer_0
  10
-665.22266
  20
-1112.2266
  42
0.08320984
  0
VERTEX
  5
21bc
  8
Layer_0
  10
-664.5708
  20
-1110.1353
  42
0.11285487
  0
VERTEX
  5
21bd
  8
Layer_0
  10
-666.1582
  20
-1103.7378
  42
0.11784954
  0
VERTEX
  5
21be
  8
Layer_0
  10
-668.11377
  20
-1101.4966
  42
0.2515147
  0
VERTEX
  5
21bf
  8
Layer_0
  10
-671.88574
  20
-1101.2573
  42
0.19342981
  0
VERTEX
  5
21c0
  8
Layer_0
  10
-675.23145
  20
-1104.9595
  42
0.0035851215
  0
VERTEX
  5
21c1
  8
Layer_0
  10
-676.16504
  20
-1107.5791
  0
VERTEX
  5
21c2
  8
Layer_0
  10
-676.2793
  20
-1107.876
  42
-0.23548258
  0
VERTEX
  5
21c3
  8
Layer_0
  10
-678.56348
  20
-1109.9331
  42
-0.080665483
  0
VERTEX
  5
21c4
  8
Layer_0
  10
-680.06201
  20
-1110.1099
  42
-0.037456374
  0
VERTEX
  5
21c5
  8
Layer_0
  10
-684.07617
  20
-1109.7817
  42
0.074512616
  0
VERTEX
  5
21c6
  8
Layer_0
  10
-682.86328
  20
-1105.9424
  42
0.1192229
  0
VERTEX
  5
21c7
  8
Layer_0
  10
-683.29199
  20
-1101.3101
  42
0.074732192
  0
VERTEX
  5
21c8
  8
Layer_0
  10
-684.50537
  20
-1099.1045
  42
0.10297639
  0
VERTEX
  5
21c9
  8
Layer_0
  10
-685.67285
  20
-1098.0918
  42
0.18860906
  0
VERTEX
  5
21ca
  8
Layer_0
  10
-687.69678
  20
-1097.98
  42
0.078665597
  0
VERTEX
  5
21cb
  8
Layer_0
  10
-689.14355
  20
-1098.6802
  42
0.13335843
  0
VERTEX
  5
21cc
  8
Layer_0
  10
-692.6665
  20
-1102.7637
  42
0.11852322
  0
VERTEX
  5
21cd
  8
Layer_0
  10
-693.43799
  20
-1106.9229
  42
0.0533423
  0
VERTEX
  5
21ce
  8
Layer_0
  10
-693.04199
  20
-1109.8071
  42
-0.056931341
  0
VERTEX
  5
21cf
  8
Layer_0
  10
-696.60205
  20
-1110.1099
  0
VERTEX
  5
21d0
  8
Layer_0
  10
-696.65771
  20
-1110.1157
  0
VERTEX
  5
21d1
  8
Layer_0
  10
-696.65771
  20
-1110.1099
  0
VERTEX
  5
21d2
  8
Layer_0
  10
-699.68799
  20
-1110.1099
  0
VERTEX
  5
21d3
  8
Layer_0
  10
-699.52295
  20
-1109.7515
  42
0.18678872
  0
VERTEX
  5
21d4
  8
Layer_0
  10
-699.2085
  20
-1105.0215
  42
0.16638691
  0
VERTEX
  5
21d5
  8
Layer_0
  10
-701.69873
  20
-1101.6113
  42
0.13898924
  0
VERTEX
  5
21d6
  8
Layer_0
  10
-704.94092
  20
-1100.5986
  42
0.12878917
  0
VERTEX
  5
21d7
  8
Layer_0
  10
-708.93408
  20
-1101.5181
  42
0.057587604
  0
VERTEX
  5
21d8
  8
Layer_0
  10
-712.36475
  20
-1103.9429
  42
0.027677097
  0
VERTEX
  5
21d9
  8
Layer_0
  10
-714.53906
  20
-1106.0664
  0
VERTEX
  5
21da
  8
Layer_0
  10
-714.64014
  20
-1106.041
  0
VERTEX
  5
21db
  8
Layer_0
  10
-714.48438
  20
-1105.5688
  42
0.081338988
  0
VERTEX
  5
21dc
  8
Layer_0
  10
-713.9082
  20
-1101.7241
  42
0.011004959
  0
VERTEX
  5
21dd
  8
Layer_0
  10
-713.98389
  20
-1096.2188
  0
VERTEX
  5
21de
  8
Layer_0
  10
-711.81201
  20
-1094.6025
  0
VERTEX
  5
21df
  8
Layer_0
  10
-712.10889
  20
-1094.105
  42
-0.042661069
  0
VERTEX
  5
21e0
  8
Layer_0
  10
-714.11768
  20
-1090.0684
  42
-0.081184711
  0
VERTEX
  5
21e1
  8
Layer_0
  10
-714.56494
  20
-1087.8335
  0
VERTEX
  5
21e2
  8
Layer_0
  10
-714.94092
  20
-1087.6064
  42
0.06740463
  0
VERTEX
  5
21e3
  8
Layer_0
  10
-716.81592
  20
-1089.5352
  42
0.16904595
  0
VERTEX
  5
21e4
  8
Layer_0
  10
-717.42334
  20
-1092.1406
  42
0.011976851
  0
VERTEX
  5
21e5
  8
Layer_0
  10
-717.15332
  20
-1094.2964
  0
VERTEX
  5
21e6
  8
Layer_0
  10
-717.10791
  20
-1094.7104
  42
-0.025780351
  0
VERTEX
  5
21e7
  8
Layer_0
  10
-716.68945
  20
-1103.5659
  42
-0.042286271
  0
VERTEX
  5
21e8
  8
Layer_0
  10
-716.91553
  20
-1108.2739
  0
VERTEX
  5
21e9
  8
Layer_0
  10
-716.98633
  20
-1108.6948
  0
VERTEX
  5
21ea
  8
Layer_0
  10
-718.14844
  20
-1110.1099
  0
VERTEX
  5
21eb
  8
Layer_0
  10
-720.396
  20
-1110.1099
  0
VERTEX
  5
21ec
  8
Layer_0
  10
-721.66797
  20
-1110.1104
  42
-0.025801524
  0
VERTEX
  5
21ed
  8
Layer_0
  10
-724.65967
  20
-1109.9443
  42
-0.077991133
  0
VERTEX
  5
21ee
  8
Layer_0
  10
-727.07129
  20
-1109.2764
  0
VERTEX
  5
21ef
  8
Layer_0
  10
-727.07129
  20
-1109.2002
  0
VERTEX
  5
21f0
  8
Layer_0
  10
-726.03955
  20
-1108.2866
  42
0.010833486
  0
VERTEX
  5
21f1
  8
Layer_0
  10
-723.10596
  20
-1105.5361
  42
0.019215057
  0
VERTEX
  5
21f2
  8
Layer_0
  10
-722.37354
  20
-1101.6987
  42
0.04955026
  0
VERTEX
  5
21f3
  8
Layer_0
  10
-726.13037
  20
-1100.7119
  42
0.089532509
  0
VERTEX
  5
21f4
  8
Layer_0
  10
-735.48584
  20
-1101.042
  42
0.0039961138
  0
VERTEX
  5
21f5
  8
Layer_0
  10
-738.1084
  20
-1101.5723
  0
VERTEX
  5
21f6
  8
Layer_0
  10
-739.57178
  20
-1105.7129
  0
VERTEX
  5
21f7
  8
Layer_0
  10
-739.34473
  20
-1105.9658
  0
VERTEX
  5
21f8
  8
Layer_0
  10
-739.05615
  20
-1105.8955
  42
-0.088820363
  0
VERTEX
  5
21f9
  8
Layer_0
  10
-737.90625
  20
-1105.814
  42
-0.14469117
  0
VERTEX
  5
21fa
  8
Layer_0
  10
-736.50244
  20
-1106.6074
  42
-0.0012004238
  0
VERTEX
  5
21fb
  8
Layer_0
  10
-735.15381
  20
-1107.9956
  0
VERTEX
  5
21fc
  8
Layer_0
  10
-734.49414
  20
-1108.667
  0
VERTEX
  5
21fd
  8
Layer_0
  10
-733.76416
  20
-1109.4023
  0
VERTEX
  5
21fe
  8
Layer_0
  10
-734.61523
  20
-1110.0146
  42
0.058958577
  0
VERTEX
  5
21ff
  8
Layer_0
  10
-738.06885
  20
-1113.2314
  42
0.080686723
  0
VERTEX
  5
2200
  8
Layer_0
  10
-740.17432
  20
-1116.6997
  42
0.16924567
  0
VERTEX
  5
2201
  8
Layer_0
  10
-740.48145
  20
-1123.1167
  42
0.13873052
  0
VERTEX
  5
2202
  8
Layer_0
  10
-738.09082
  20
-1126.7734
  42
0.097291308
  0
VERTEX
  5
2203
  8
Layer_0
  10
-734.73047
  20
-1128.7192
  42
0.10777865
  0
VERTEX
  5
2204
  8
Layer_0
  10
-728.23486
  20
-1129.4595
  42
0.029775517
  0
VERTEX
  5
2205
  8
Layer_0
  10
-725.70752
  20
-1129.0752
  42
0.037119901
  0
VERTEX
  5
2206
  8
Layer_0
  10
-719.77197
  20
-1124.5034
  0
VERTEX
  5
2207
  8
Layer_0
  10
-720.0498
  20
-1124.0234
  0
VERTEX
  5
2208
  8
Layer_0
  10
-720.90332
  20
-1124.1597
  42
-0.045422094
  0
VERTEX
  5
2209
  8
Layer_0
  10
-727.89014
  20
-1124.6104
  42
-0.062418025
  0
VERTEX
  5
220a
  8
Layer_0
  10
-732.54443
  20
-1123.8931
  42
-0.072487594
  0
VERTEX
  5
220b
  8
Layer_0
  10
-735.92529
  20
-1122.3398
  42
-0.10838715
  0
VERTEX
  5
220c
  8
Layer_0
  10
-737.92725
  20
-1120.3086
  42
-0.15868187
  0
VERTEX
  5
220d
  8
Layer_0
  10
-738.44678
  20
-1118.3413
  42
-0.13884094
  0
VERTEX
  5
220e
  8
Layer_0
  10
-737.57861
  20
-1116.6284
  42
-0.056655141
  0
VERTEX
  5
220f
  8
Layer_0
  10
-735.71631
  20
-1114.9331
  42
-0.05281699
  0
VERTEX
  5
2210
  8
Layer_0
  10
-730.63232
  20
-1112.0283
  0
VERTEX
  5
2211
  8
Layer_0
  10
-730.03125
  20
-1112.4834
  42
0.063491061
  0
VERTEX
  5
2212
  8
Layer_0
  10
-727.07227
  20
-1114.1523
  42
0.078325278
  0
VERTEX
  5
2213
  8
Layer_0
  10
-722.50977
  20
-1115.0996
  42
0.017978568
  0
VERTEX
  5
2214
  8
Layer_0
  10
-720.35303
  20
-1115.1582
  42
0.0044799182
  0
VERTEX
  5
2215
  8
Layer_0
  10
-716.40771
  20
-1115.1411
  0
SEQEND
  0
POLYLINE
  5
2217
  8
Layer_0
  62
0
  66
1
  10
0
  20
0
  30
0
  0
VERTEX
  5
2217
  8
Layer_0
  10
-1012.6665
  20
-1115.1563
  42
0.055402381
  0
VERTEX
  5
2218
  8
Layer_0
  10
-1007.6792
  20
-1114.7417
  42
0.084378298
  0
VERTEX
  5
2219
  8
Layer_0
  10
-1005.4395
  20
-1113.8828
  42
0.043421369
  0
VERTEX
  5
221a
  8
Layer_0
  10
-1004.9204
  20
-1113.4922
  42
0.17015548
  0
VERTEX
  5
221b
  8
Layer_0
  10
-1002.6475
  20
-1108.7432
  0
VERTEX
  5
221c
  8
Layer_0
  10
-1002.5718
  20
-1108.7432
  42
-0.0039290172
  0
VERTEX
  5
221d
  8
Layer_0
  10
-999.77344
  20
-1112.2788
  0
VERTEX
  5
221e
  8
Layer_0
  10
-999.32178
  20
-1112.8047
  42
0.082768876
  0
VERTEX
  5
221f
  8
Layer_0
  10
-997.53418
  20
-1114.3477
  42
0.10817645
  0
VERTEX
  5
2220
  8
Layer_0
  10
-994.80469
  20
-1115.1108
  42
0.023380662
  0
VERTEX
  5
2221
  8
Layer_0
  10
-993.20264
  20
-1115.1582
  0
VERTEX
  5
2222
  8
Layer_0
  10
-993.20264
  20
-1115.1367
  0
VERTEX
  5
2223
  8
Layer_0
  10
-992.9917
  20
-1115.1582
  42
0.095306661
  0
VERTEX
  5
2224
  8
Layer_0
  10
-990.43311
  20
-1114.7954
  42
0.18152786
  0
VERTEX
  5
2225
  8
Layer_0
  10
-987.64209
  20
-1112.2627
  42
0.12142478
  0
VERTEX
  5
2226
  8
Layer_0
  10
-985.82178
  20
-1104.6294
  42
0.01245955
  0
VERTEX
  5
2227
  8
Layer_0
  10
-985.97314
  20
-1097.8354
  0
VERTEX
  5
2228
  8
Layer_0
  10
-983.72559
  20
-1096.1177
  0
VERTEX
  5
2229
  8
Layer_0
  10
-984.05713
  20
-1095.564
  42
-0.046759556
  0
VERTEX
  5
222a
  8
Layer_0
  10
-986.10498
  20
-1091.4448
  42
-0.081931837
  0
VERTEX
  5
222b
  8
Layer_0
  10
-986.50391
  20
-1089.374
  0
VERTEX
  5
222c
  8
Layer_0
  10
-986.80371
  20
-1089.1724
  42
0.079404717
  0
VERTEX
  5
222d
  8
Layer_0
  10
-988.94043
  20
-1091.3037
  42
0.14860852
  0
VERTEX
  5
222e
  8
Layer_0
  10
-989.44873
  20
-1093.6011
  42
0.0030704708
  0
VERTEX
  5
222f
  8
Layer_0
  10
-988.98877
  20
-1098.7051
  0
VERTEX
  5
2230
  8
Layer_0
  10
-988.93848
  20
-1099.3267
  42
-0.027563072
  0
VERTEX
  5
2231
  8
Layer_0
  10
-988.64746
  20
-1107.8535
  42
-0.13336948
  0
VERTEX
  5
2232
  8
Layer_0
  10
-988.91211
  20
-1108.9019
  42
-0.10766757
  0
VERTEX
  5
2233
  8
Layer_0
  10
-989.69336
  20
-1109.5454
  42
-0.094788395
  0
VERTEX
  5
2234
  8
Layer_0
  10
-991.49854
  20
-1110.0513
  42
-0.027040833
  0
VERTEX
  5
2235
  8
Layer_0
  10
-992.9917
  20
-1110.1099
  0
VERTEX
  5
2236
  8
Layer_0
  10
-993.20264
  20
-1110.1313
  0
VERTEX
  5
2237
  8
Layer_0
  10
-993.20264
  20
-1110.1099
  0
VERTEX
  5
2238
  8
Layer_0
  10
-993.55664
  20
-1110.1099
  42
-0.15470621
  0
VERTEX
  5
2239
  8
Layer_0
  10
-996.84619
  20
-1109.0669
  42
-0.051673436
  0
VERTEX
  5
223a
  8
Layer_0
  10
-999.19727
  20
-1107.0698
  0
VERTEX
  5
223b
  8
Layer_0
  10
-1000.2725
  20
-1105.9702
  42
0.01090132
  0
VERTEX
  5
223c
  8
Layer_0
  10
-1003.2329
  20
-1103.0127
  42
0.023157792
  0
VERTEX
  5
223d
  8
Layer_0
  10
-1006.5615
  20
-1100.2139
  0
VERTEX
  5
223e
  8
Layer_0
  10
-1005.501
  20
-1098.189
  0
VERTEX
  5
223f
  8
Layer_0
  10
-1006.1694
  20
-1097.9912
  42
-0.013462895
  0
VERTEX
  5
2240
  8
Layer_0
  10
-1010.1982
  20
-1096.6733
  0
VERTEX
  5
2241
  8
Layer_0
  10
-1010.2236
  20
-1096.5474
  42
-0.032681021
  0
VERTEX
  5
2242
  8
Layer_0
  10
-1001.4233
  20
-1093.1626
  42
-0.0071510455
  0
VERTEX
  5
2243
  8
Layer_0
  10
-997.79883
  20
-1092.0513
  0
VERTEX
  5
2244
  8
Layer_0
  10
-997.54199
  20
-1091.6108
  42
0.021278835
  0
VERTEX
  5
2245
  8
Layer_0
  10
-995.65234
  20
-1087.9854
  0
VERTEX
  5
2246
  8
Layer_0
  10
-995.85449
  20
-1087.7832
  42
0.014827852
  0
VERTEX
  5
2247
  8
Layer_0
  10
-1005.71
  20
-1091.0576
  42
0.02765806
  0
VERTEX
  5
2248
  8
Layer_0
  10
-1010.2739
  20
-1093.0615
  42
0.083636035
  0
VERTEX
  5
2249
  8
Layer_0
  10
-1011.7637
  20
-1094.1479
  42
0.12286184
  0
VERTEX
  5
224a
  8
Layer_0
  10
-1012.6104
  20
-1095.9888
  42
0.13349331
  0
VERTEX
  5
224b
  8
Layer_0
  10
-1012.3447
  20
-1099.8848
  0
VERTEX
  5
224c
  8
Layer_0
  10
-1011.5376
  20
-1100.6318
  42
-0.033071901
  0
VERTEX
  5
224d
  8
Layer_0
  10
-1007.209
  20
-1105.1494
  42
-0.059933417
  0
VERTEX
  5
224e
  8
Layer_0
  10
-1005.5737
  20
-1107.5957
  42
-0.076798926
  0
VERTEX
  5
224f
  8
Layer_0
  10
-1005.1982
  20
-1108.7432
  42
-0.15447498
  0
VERTEX
  5
2250
  8
Layer_0
  10
-1006.501
  20
-1109.6021
  42
-0.055248047
  0
VERTEX
  5
2251
  8
Layer_0
  10
-1008.7949
  20
-1109.9927
  42
-0.031907559
  0
VERTEX
  5
2252
  8
Layer_0
  10
-1013.8208
  20
-1110.0728
  42
-0.13256676
  0
VERTEX
  5
2253
  8
Layer_0
  10
-1015.3218
  20
-1109.5449
  42
-0.16716011
  0
VERTEX
  5
2254
  8
Layer_0
  10
-1016.1353
  20
-1108.3198
  42
-0.073176796
  0
VERTEX
  5
2255
  8
Layer_0
  10
-1016.3291
  20
-1106.7256
  42
-0.0021357074
  0
VERTEX
  5
2256
  8
Layer_0
  10
-1016.2822
  20
-1101.8901
  0
VERTEX
  5
2257
  8
Layer_0
  10
-1016.2783
  20
-1100.6641
  42
0.021508616
  0
VERTEX
  5
2258
  8
Layer_0
  10
-1016.5991
  20
-1090.7407
  0
VERTEX
  5
2259
  8
Layer_0
  10
-1016.7324
  20
-1089.3491
  0
VERTEX
  5
225a
  8
Layer_0
  10
-1017.0859
  20
-1089.1724
  42
0.026636674
  0
VERTEX
  5
225b
  8
Layer_0
  10
-1019.9883
  20
-1091.9756
  0
VERTEX
  5
225c
  8
Layer_0
  10
-1019.833
  20
-1093.561
  42
-0.017800184
  0
VERTEX
  5
225d
  8
Layer_0
  10
-1019.0601
  20
-1108.9414
  0
VERTEX
  5
225e
  8
Layer_0
  10
-1019.0293
  20
-1109.3726
  42
0.099671942
  0
VERTEX
  5
225f
  8
Layer_0
  10
-1018.2168
  20
-1112.5083
  42
0.14202309
  0
VERTEX
  5
2260
  8
Layer_0
  10
-1016.4702
  20
-1114.3394
  42
0.12148705
  0
VERTEX
  5
2261
  8
Layer_0
  10
-1013.7358
  20
-1115.145
  42
0.010301975
  0
VERTEX
  5
2262
  8
Layer_0
  10
-1012.6665
  20
-1115.1582
  0
VERTEX
  5
2263
  8
Layer_0
  10
-1012.6665
  20
-1115.1563
  0
SEQEND
  0
POLYLINE
  5
2265
  8
Layer_0
  62
0
  66
1
  10
0
  20
0
  30
0
  0
VERTEX
  5
2265
  8
Layer_0
  10
-907.06738
  20
-1121.8281
  42
0.15022833
  0
VERTEX
  5
2266
  8
Layer_0
  10
-904.59375
  20
-1120.7251
  42
0.16356019
  0
VERTEX
  5
2267
  8
Layer_0
  10
-900.94775
  20
-1114.4233
  42
0.06963444
  0
VERTEX
  5
2268
  8
Layer_0
  10
-900.84326
  20
-1110.4829
  0
VERTEX
  5
2269
  8
Layer_0
  10
-900.90918
  20
-1109.9331
  0
VERTEX
  5
226a
  8
Layer_0
  10
-900.49561
  20
-1109.8193
  42
0.15350756
  0
VERTEX
  5
226b
  8
Layer_0
  10
-898.25195
  20
-1108.1475
  0
VERTEX
  5
226c
  8
Layer_0
  10
-897.9292
  20
-1107.6855
  0
VERTEX
  5
226d
  8
Layer_0
  10
-897.85352
  20
-1107.6855
  0
VERTEX
  5
226e
  8
Layer_0
  10
-897.55908
  20
-1108.9956
  42
0.040722874
  0
VERTEX
  5
226f
  8
Layer_0
  10
-896.50928
  20
-1112.4722
  42
0.16465199
  0
VERTEX
  5
2270
  8
Layer_0
  10
-894.67676
  20
-1114.5596
  42
0.095766973
  0
VERTEX
  5
2271
  8
Layer_0
  10
-892.69092
  20
-1115.1079
  42
0.025466703
  0
VERTEX
  5
2272
  8
Layer_0
  10
-891.28662
  20
-1115.1582
  0
VERTEX
  5
2273
  8
Layer_0
  10
-891.28662
  20
-1115.1382
  0
VERTEX
  5
2274
  8
Layer_0
  10
-891.0918
  20
-1115.1582
  42
0.16374984
  0
VERTEX
  5
2275
  8
Layer_0
  10
-886.07373
  20
-1113.6782
  0
VERTEX
  5
2276
  8
Layer_0
  10
-885.48535
  20
-1113.2397
  0
VERTEX
  5
2277
  8
Layer_0
  10
-885.39258
  20
-1113.4922
  42
0.29841648
  0
VERTEX
  5
2278
  8
Layer_0
  10
-883.24463
  20
-1115.1362
  42
0.18649068
  0
VERTEX
  5
2279
  8
Layer_0
  10
-880.09912
  20
-1114.2896
  42
0.047863077
  0
VERTEX
  5
227a
  8
Layer_0
  10
-878.61621
  20
-1113.0127
  0
VERTEX
  5
227b
  8
Layer_0
  10
-878.48975
  20
-1113.0127
  0
VERTEX
  5
227c
  8
Layer_0
  10
-878.39844
  20
-1113.2739
  42
0.21670783
  0
VERTEX
  5
227d
  8
Layer_0
  10
-876.86035
  20
-1114.9502
  42
0.18511368
  0
VERTEX
  5
227e
  8
Layer_0
  10
-874.05273
  20
-1114.8359
  42
0.10926832
  0
VERTEX
  5
227f
  8
Layer_0
  10
-871.67578
  20
-1113.1196
  0
VERTEX
  5
2280
  8
Layer_0
  10
-871.41895
  20
-1112.8359
  0
VERTEX
  5
2281
  8
Layer_0
  10
-871.31787
  20
-1112.8359
  0
VERTEX
  5
2282
  8
Layer_0
  10
-871.14111
  20
-1113.1387
  42
0.1643751
  0
VERTEX
  5
2283
  8
Layer_0
  10
-869.18994
  20
-1114.6313
  42
0.088786414
  0
VERTEX
  5
2284
  8
Layer_0
  10
-865.58496
  20
-1115.1582
  0
VERTEX
  5
2285
  8
Layer_0
  10
-865.23193
  20
-1115.1582
  0
VERTEX
  5
2286
  8
Layer_0
  10
-865.23193
  20
-1115.1577
  42
0.12970726
  0
VERTEX
  5
2287
  8
Layer_0
  10
-862.41064
  20
-1114.5967
  42
0.13781105
  0
VERTEX
  5
2288
  8
Layer_0
  10
-860.10254
  20
-1112.3311
  0
VERTEX
  5
2289
  8
Layer_0
  10
-860.00146
  20
-1112.3311
  0
VERTEX
  5
228a
  8
Layer_0
  10
-859.78223
  20
-1112.7124
  42
0.20785745
  0
VERTEX
  5
228b
  8
Layer_0
  10
-856.73096
  20
-1114.9316
  42
0.068299715
  0
VERTEX
  5
228c
  8
Layer_0
  10
-854.36621
  20
-1115.1582
  42
0.095357559
  0
VERTEX
  5
228d
  8
Layer_0
  10
-851.80811
  20
-1114.7954
  42
0.18159212
  0
VERTEX
  5
228e
  8
Layer_0
  10
-849.0166
  20
-1112.2627
  42
0.12141123
  0
VERTEX
  5
228f
  8
Layer_0
  10
-847.19629
  20
-1104.6294
  42
0.012426835
  0
VERTEX
  5
2290
  8
Layer_0
  10
-847.34766
  20
-1097.8354
  0
VERTEX
  5
2291
  8
Layer_0
  10
-845.1001
  20
-1096.1177
  0
VERTEX
  5
2292
  8
Layer_0
  10
-845.43164
  20
-1095.564
  42
-0.037422999
  0
VERTEX
  5
2293
  8
Layer_0
  10
-847.33643
  20
-1091.8335
  42
-0.092649428
  0
VERTEX
  5
2294
  8
Layer_0
  10
-847.87842
  20
-1089.374
  0
VERTEX
  5
2295
  8
Layer_0
  10
-848.17822
  20
-1089.1724
  42
0.079404783
  0
VERTEX
  5
2296
  8
Layer_0
  10
-850.31494
  20
-1091.3037
  42
0.14872709
  0
VERTEX
  5
2297
  8
Layer_0
  10
-850.82373
  20
-1093.6011
  42
0.0089045206
  0
VERTEX
  5
2298
  8
Layer_0
  10
-850.46387
  20
-1097.541
  0
VERTEX
  5
2299
  8
Layer_0
  10
-850.41357
  20
-1098.1099
  42
-0.025769349
  0
VERTEX
  5
229a
  8
Layer_0
  10
-850.00342
  20
-1107.48
  42
-0.086391736
  0
VERTEX
  5
229b
  8
Layer_0
  10
-850.17773
  20
-1108.6943
  42
-0.096650338
  0
VERTEX
  5
229c
  8
Layer_0
  10
-850.42627
  20
-1109.0747
  42
-0.12969637
  0
VERTEX
  5
229d
  8
Layer_0
  10
-851.8877
  20
-1109.8672
  42
-0.067408536
  0
VERTEX
  5
229e
  8
Layer_0
  10
-854.37158
  20
-1110.1104
  0
VERTEX
  5
229f
  8
Layer_0
  10
-854.37158
  20
-1110.1099
  42
-0.054818248
  0
VERTEX
  5
22a0
  8
Layer_0
  10
-856.15918
  20
-1110
  42
-0.12591882
  0
VERTEX
  5
22a1
  8
Layer_0
  10
-857.32031
  20
-1109.4863
  42
-0.15225076
  0
VERTEX
  5
22a2
  8
Layer_0
  10
-858.01953
  20
-1108.2241
  42
-0.06961005
  0
VERTEX
  5
22a3
  8
Layer_0
  10
-858.15869
  20
-1106.4414
  42
-0.0018097701
  0
VERTEX
  5
22a4
  8
Layer_0
  10
-858.12451
  20
-1103.3867
  0
VERTEX
  5
22a5
  8
Layer_0
  10
-858.11719
  20
-1102.5161
  42
0.015688452
  0
VERTEX
  5
22a6
  8
Layer_0
  10
-858.30078
  20
-1092.082
  42
0.010567032
  0
VERTEX
  5
22a7
  8
Layer_0
  10
-858.53809
  20
-1089.2983
  0
VERTEX
  5
22a8
  8
Layer_0
  10
-858.86621
  20
-1089.147
  42
0.028656779
  0
VERTEX
  5
22a9
  8
Layer_0
  10
-861.71777
  20
-1091.7734
  0
VERTEX
  5
22aa
  8
Layer_0
  10
-861.54736
  20
-1093.605
  42
-0.022540165
  0
VERTEX
  5
22ab
  8
Layer_0
  10
-860.97217
  20
-1107.1191
  42
-0.15644494
  0
VERTEX
  5
22ac
  8
Layer_0
  10
-861.63965
  20
-1108.9922
  42
-0.15059285
  0
VERTEX
  5
22ad
  8
Layer_0
  10
-863.00586
  20
-1109.8833
  42
-0.079420781
  0
VERTEX
  5
22ae
  8
Layer_0
  10
-865.23193
  20
-1110.1104
  0
VERTEX
  5
22af
  8
Layer_0
  10
-865.23193
  20
-1110.1099
  0
VERTEX
  5
22b0
  8
Layer_0
  10
-865.58496
  20
-1110.1099
  42
-0.068990373
  0
VERTEX
  5
22b1
  8
Layer_0
  10
-867.83398
  20
-1109.8569
  42
-0.14025531
  0
VERTEX
  5
22b2
  8
Layer_0
  10
-869.2085
  20
-1109.0918
  42
-0.19735895
  0
VERTEX
  5
22b3
  8
Layer_0
  10
-869.77734
  20
-1107.4834
  42
-0.065797338
  0
VERTEX
  5
22b4
  8
Layer_0
  10
-869.36182
  20
-1105.1714
  42
-0.0090868508
  0
VERTEX
  5
22b5
  8
Layer_0
  10
-869.07031
  20
-1104.2002
  0
VERTEX
  5
22b6
  8
Layer_0
  10
-869.24707
  20
-1104.0229
  42
0.034521358
  0
VERTEX
  5
22b7
  8
Layer_0
  10
-871.26709
  20
-1105.2607
  42
0.0071136547
  0
VERTEX
  5
22b8
  8
Layer_0
  10
-871.87988
  20
-1107.1646
  0
VERTEX
  5
22b9
  8
Layer_0
  10
-872.03955
  20
-1107.626
  42
-0.089336021
  0
VERTEX
  5
22ba
  8
Layer_0
  10
-872.90674
  20
-1109.0967
  42
-0.25053423
  0
VERTEX
  5
22bb
  8
Layer_0
  10
-875.51904
  20
-1110.0869
  42
-0.33027464
  0
VERTEX
  5
22bc
  8
Layer_0
  10
-876.44727
  20
-1109.0688
  42
-0.11696131
  0
VERTEX
  5
22bd
  8
Layer_0
  10
-876.40234
  20
-1107.9038
  42
-0.032817838
  0
VERTEX
  5
22be
  8
Layer_0
  10
-875.33301
  20
-1105.084
  0
VERTEX
  5
22bf
  8
Layer_0
  10
-875.53516
  20
-1104.8315
  42
0.037074531
  0
VERTEX
  5
22c0
  8
Layer_0
  10
-877.58105
  20
-1105.8418
  42
0.008675785
  0
VERTEX
  5
22c1
  8
Layer_0
  10
-878.55664
  20
-1107.9727
  0
VERTEX
  5
22c2
  8
Layer_0
  10
-878.79199
  20
-1108.3672
  42
-0.097243552
  0
VERTEX
  5
22c3
  8
Layer_0
  10
-879.84863
  20
-1109.5029
  42
-0.21210383
  0
VERTEX
  5
22c4
  8
Layer_0
  10
-882.34424
  20
-1110.04
  42
-0.31569335
  0
VERTEX
  5
22c5
  8
Layer_0
  10
-883.08691
  20
-1109.1445
  42
-0.13988806
  0
VERTEX
  5
22c6
  8
Layer_0
  10
-882.87207
  20
-1107.793
  42
-0.05256386
  0
VERTEX
  5
22c7
  8
Layer_0
  10
-881.5708
  20
-1105.5386
  0
VERTEX
  5
22c8
  8
Layer_0
  10
-881.84863
  20
-1105.2861
  42
0.034225418
  0
VERTEX
  5
22c9
  8
Layer_0
  10
-884.0459
  20
-1106.2964
  0
VERTEX
  5
22ca
  8
Layer_0
  10
-885.16992
  20
-1107.8623
  42
-0.16518894
  0
VERTEX
  5
22cb
  8
Layer_0
  10
-887.51172
  20
-1109.6548
  42
-0.082348827
  0
VERTEX
  5
22cc
  8
Layer_0
  10
-890.73828
  20
-1110.1099
  0
VERTEX
  5
22cd
  8
Layer_0
  10
-891.0918
  20
-1110.1099
  0
VERTEX
  5
22ce
  8
Layer_0
  10
-891.28662
  20
-1110.1299
  0
VERTEX
  5
22cf
  8
Layer_0
  10
-891.28662
  20
-1110.1099
  0
VERTEX
  5
22d0
  8
Layer_0
  10
-891.64014
  20
-1110.1099
  42
-0.28381104
  0
VERTEX
  5
22d1
  8
Layer_0
  10
-894.2793
  20
-1108.5327
  42
-0.061934035
  0
VERTEX
  5
22d2
  8
Layer_0
  10
-895.13525
  20
-1106.0679
  42
-0.0052598049
  0
VERTEX
  5
22d3
  8
Layer_0
  10
-895.86523
  20
-1102.4614
  0
VERTEX
  5
22d4
  8
Layer_0
  10
-895.9751
  20
-1101.9795
  0
VERTEX
  5
22d5
  8
Layer_0
  10
-896.08545
  20
-1101.5479
  0
VERTEX
  5
22d6
  8
Layer_0
  10
-896.64111
  20
-1101.4976
  42
0.019587327
  0
VERTEX
  5
22d7
  8
Layer_0
  10
-897.85059
  20
-1103.5942
  0
VERTEX
  5
22d8
  8
Layer_0
  10
-898.14063
  20
-1104.02
  42
-0.092822803
  0
VERTEX
  5
22d9
  8
Layer_0
  10
-899.22607
  20
-1105.1025
  42
-0.28217209
  0
VERTEX
  5
22da
  8
Layer_0
  10
-902.59229
  20
-1105.0049
  42
-0.035111047
  0
VERTEX
  5
22db
  8
Layer_0
  10
-904.54346
  20
-1103.4678
  0
VERTEX
  5
22dc
  8
Layer_0
  10
-904.82129
  20
-1103.5181
  42
0.023406387
  0
VERTEX
  5
22dd
  8
Layer_0
  10
-906.21045
  20
-1107.938
  0
VERTEX
  5
22de
  8
Layer_0
  10
-905.79932
  20
-1108.2915
  42
-0.045421822
  0
VERTEX
  5
22df
  8
Layer_0
  10
-903.2334
  20
-1110.8379
  42
-0.11072229
  0
VERTEX
  5
22e0
  8
Layer_0
  10
-902.74023
  20
-1111.7412
  42
-0.20609905
  0
VERTEX
  5
22e1
  8
Layer_0
  10
-902.7832
  20
-1112.0679
  42
-0.085631307
  0
VERTEX
  5
22e2
  8
Layer_0
  10
-903.99023
  20
-1114.0762
  42
-0.065641792
  0
VERTEX
  5
22e3
  8
Layer_0
  10
-906.76025
  20
-1116.8062
  42
-0.12720532
  0
VERTEX
  5
22e4
  8
Layer_0
  10
-910.62158
  20
-1118.4189
  42
-0.11267589
  0
VERTEX
  5
22e5
  8
Layer_0
  10
-913.16797
  20
-1118.1821
  0
VERTEX
  5
22e6
  8
Layer_0
  10
-913.73682
  20
-1117.9897
  0
VERTEX
  5
22e7
  8
Layer_0
  10
-914.31787
  20
-1119.3027
  42
0.052393669
  0
VERTEX
  5
22e8
  8
Layer_0
  10
-910.02246
  20
-1121.3608
  42
0.080852489
  0
VERTEX
  5
22e9
  8
Layer_0
  10
-907.44775
  20
-1121.8511
  0
VERTEX
  5
22ea
  8
Layer_0
  10
-907.06738
  20
-1121.8281
  0
SEQEND
  0
POLYLINE
  5
22ec
  8
Layer_0
  62
0
  66
1
  10
0
  20
0
  30
0
  0
VERTEX
  5
22ec
  8
Layer_0
  10
-775.76221
  20
-1115.1563
  42
0.058857514
  0
VERTEX
  5
22ed
  8
Layer_0
  10
-769.82715
  20
-1114.5967
  42
0.10636727
  0
VERTEX
  5
22ee
  8
Layer_0
  10
-763.41992
  20
-1111.5576
  42
0.025907542
  0
VERTEX
  5
22ef
  8
Layer_0
  10
-759.93799
  20
-1108.6577
  0
VERTEX
  5
22f0
  8
Layer_0
  10
-759.68848
  20
-1108.4614
  42
-0.13909247
  0
VERTEX
  5
22f1
  8
Layer_0
  10
-757.10791
  20
-1107.4204
  42
-0.036350179
  0
VERTEX
  5
22f2
  8
Layer_0
  10
-755.86865
  20
-1107.354
  0
VERTEX
  5
22f3
  8
Layer_0
  10
-755.54688
  20
-1106.876
  42
0.027764886
  0
VERTEX
  5
22f4
  8
Layer_0
  10
-753.77246
  20
-1103.8462
  0
VERTEX
  5
22f5
  8
Layer_0
  10
-753.82324
  20
-1103.6445
  0
VERTEX
  5
22f6
  8
Layer_0
  10
-755.69189
  20
-1103.6445
  42
-0.09574951
  0
VERTEX
  5
22f7
  8
Layer_0
  10
-761.92969
  20
-1102.457
  0
VERTEX
  5
22f8
  8
Layer_0
  10
-762.47217
  20
-1102.2539
  42
0.041829655
  0
VERTEX
  5
22f9
  8
Layer_0
  10
-767.13135
  20
-1100.894
  42
0.098212094
  0
VERTEX
  5
22fa
  8
Layer_0
  10
-770.36084
  20
-1100.8618
  42
0.18235392
  0
VERTEX
  5
22fb
  8
Layer_0
  10
-773.41846
  20
-1102.7964
  42
0.10265839
  0
VERTEX
  5
22fc
  8
Layer_0
  10
-774.42969
  20
-1105.2324
  0
VERTEX
  5
22fd
  8
Layer_0
  10
-772.78857
  20
-1108.4419
  0
VERTEX
  5
22fe
  8
Layer_0
  10
-772.2832
  20
-1108.4419
  0
VERTEX
  5
22ff
  8
Layer_0
  10
-771.12158
  20
-1105.7881
  42
-0.1230341
  0
VERTEX
  5
2300
  8
Layer_0
  10
-769.69434
  20
-1105.3618
  42
-0.071192913
  0
VERTEX
  5
2301
  8
Layer_0
  10
-766.33643
  20
-1105.6523
  42
-0.031035156
  0
VERTEX
  5
2302
  8
Layer_0
  10
-762.66211
  20
-1106.6729
  0
VERTEX
  5
2303
  8
Layer_0
  10
-762.66211
  20
-1106.7993
  42
-0.13096908
  0
VERTEX
  5
2304
  8
Layer_0
  10
-772.27393
  20
-1109.9985
  42
-0.021072634
  0
VERTEX
  5
2305
  8
Layer_0
  10
-776.53027
  20
-1110.104
  42
-0.11735446
  0
VERTEX
  5
2306
  8
Layer_0
  10
-778.17432
  20
-1109.7002
  42
-0.20774048
  0
VERTEX
  5
2307
  8
Layer_0
  10
-779.23047
  20
-1108.3198
  42
-0.07325576
  0
VERTEX
  5
2308
  8
Layer_0
  10
-779.42432
  20
-1106.7256
  42
-0.0021448363
  0
VERTEX
  5
2309
  8
Layer_0
  10
-779.37744
  20
-1101.8901
  0
VERTEX
  5
230a
  8
Layer_0
  10
-779.37402
  20
-1100.6641
  42
0.021457667
  0
VERTEX
  5
230b
  8
Layer_0
  10
-779.69434
  20
-1090.7407
  0
VERTEX
  5
230c
  8
Layer_0
  10
-779.82813
  20
-1089.3491
  0
VERTEX
  5
230d
  8
Layer_0
  10
-780.18115
  20
-1089.1724
  42
0.026659221
  0
VERTEX
  5
230e
  8
Layer_0
  10
-783.0835
  20
-1091.9756
  0
VERTEX
  5
230f
  8
Layer_0
  10
-782.92871
  20
-1093.561
  42
-0.017858467
  0
VERTEX
  5
2310
  8
Layer_0
  10
-782.15576
  20
-1108.9414
  0
VERTEX
  5
2311
  8
Layer_0
  10
-782.125
  20
-1109.3726
  42
0.099770747
  0
VERTEX
  5
2312
  8
Layer_0
  10
-781.31201
  20
-1112.5083
  42
0.14210356
  0
VERTEX
  5
2313
  8
Layer_0
  10
-779.56543
  20
-1114.3394
  42
0.12156229
  0
VERTEX
  5
2314
  8
Layer_0
  10
-776.83105
  20
-1115.145
  42
0.01029902
  0
VERTEX
  5
2315
  8
Layer_0
  10
-775.76221
  20
-1115.1582
  0
VERTEX
  5
2316
  8
Layer_0
  10
-775.76221
  20
-1115.1563
  0
SEQEND
  0
POLYLINE
  5
2318
  8
Layer_0
  62
0
  66
1
  10
0
  20
0
  30
0
  0
VERTEX
  5
2318
  8
Layer_0
  10
-978.98096
  20
-1115.1123
  0
VERTEX
  5
2319
  8
Layer_0
  10
-978.43311
  20
-1114.3691
  42
0.031625163
  0
VERTEX
  5
231a
  8
Layer_0
  10
-977.42188
  20
-1112.7261
  42
0.07385106
  0
VERTEX
  5
231b
  8
Layer_0
  10
-976.97266
  20
-1110.7964
  42
0.027892793
  0
VERTEX
  5
231c
  8
Layer_0
  10
-976.73926
  20
-1105.4346
  42
0.019440133
  0
VERTEX
  5
231d
  8
Layer_0
  10
-977.15186
  20
-1092.0059
  0
VERTEX
  5
231e
  8
Layer_0
  10
-977.31982
  20
-1089.9771
  0
VERTEX
  5
231f
  8
Layer_0
  10
-977.74854
  20
-1089.75
  42
0.025927175
  0
VERTEX
  5
2320
  8
Layer_0
  10
-980.67627
  20
-1092.9575
  0
VERTEX
  5
2321
  8
Layer_0
  10
-980.46582
  20
-1095.0264
  42
-0.028587451
  0
VERTEX
  5
2322
  8
Layer_0
  10
-979.85547
  20
-1111.896
  42
-0.027054481
  0
VERTEX
  5
2323
  8
Layer_0
  10
-980.146
  20
-1115.4614
  0
VERTEX
  5
2324
  8
Layer_0
  10
-979.59033
  20
-1115.8652
  0
VERTEX
  5
2325
  8
Layer_0
  10
-978.98096
  20
-1115.1123
  0
SEQEND
  0
POLYLINE
  5
2327
  8
Layer_0
  62
0
  66
1
  10
0
  20
0
  30
0
  0
VERTEX
  5
2327
  8
Layer_0
  10
-684.94971
  20
-1095.4756
  42
0.069959487
  0
VERTEX
  5
2328
  8
Layer_0
  10
-682.84033
  20
-1093.188
  42
0.052765337
  0
VERTEX
  5
2329
  8
Layer_0
  10
-685.7168
  20
-1090.0562
  0
VERTEX
  5
232a
  8
Layer_0
  10
-688.26904
  20
-1092.7588
  0
VERTEX
  5
232b
  8
Layer_0
  10
-687.51563
  20
-1093.498
  42
-0.010859116
  0
VERTEX
  5
232c
  8
Layer_0
  10
-685.3125
  20
-1095.7642
  0
VERTEX
  5
232d
  8
Layer_0
  10
-684.94971
  20
-1095.4756
  0
SEQEND
  0
POLYLINE
  5
232f
  8
Layer_0
  62
0
  66
1
  10
0
  20
0
  30
0
  0
VERTEX
  5
232f
  8
Layer_0
  10
-690.28174
  20
-1095.7026
  42
0.070352112
  0
VERTEX
  5
2330
  8
Layer_0
  10
-688.16797
  20
-1093.4155
  42
0.052673909
  0
VERTEX
  5
2331
  8
Layer_0
  10
-691.04883
  20
-1090.2837
  0
VERTEX
  5
2332
  8
Layer_0
  10
-693.59668
  20
-1092.9858
  0
VERTEX
  5
2333
  8
Layer_0
  10
-692.84473
  20
-1093.7256
  42
-0.010867219
  0
VERTEX
  5
2334
  8
Layer_0
  10
-690.64453
  20
-1095.9917
  0
VERTEX
  5
2335
  8
Layer_0
  10
-690.28174
  20
-1095.7026
  0
SEQEND
  0
POLYLINE
  5
2337
  8
Layer_0
  62
0
  66
1
  10
0
  20
0
  30
0
  0
VERTEX
  5
2337
  8
Layer_0
  10
-1060.8149
  20
-1096.2661
  0
VERTEX
  5
2338
  8
Layer_0
  10
-1060.4839
  20
-1095.9512
  42
0.06844368
  0
VERTEX
  5
2339
  8
Layer_0
  10
-1058.8359
  20
-1093.8701
  42
0.050027857
  0
VERTEX
  5
233a
  8
Layer_0
  10
-1061.8667
  20
-1090.8896
  0
VERTEX
  5
233b
  8
Layer_0
  10
-1064.2661
  20
-1093.7437
  0
VERTEX
  5
233c
  8
Layer_0
  10
-1063.4756
  20
-1094.4414
  42
-0.012493528
  0
VERTEX
  5
233d
  8
Layer_0
  10
-1061.1597
  20
-1096.5723
  0
VERTEX
  5
233e
  8
Layer_0
  10
-1060.8149
  20
-1096.2661
  0
SEQEND
  0
POLYLINE
  5
2340
  8
Layer_0
  62
0
  66
1
  10
0
  20
0
  30
0
  0
VERTEX
  5
2340
  8
Layer_0
  10
-790.46387
  20
-1097.9678
  42
0.095297914
  0
VERTEX
  5
2341
  8
Layer_0
  10
-788.54248
  20
-1095.1831
  42
0.044630853
  0
VERTEX
  5
2342
  8
Layer_0
  10
-792.15283
  20
-1092.228
  0
VERTEX
  5
2343
  8
Layer_0
  10
-794.47607
  20
-1095.4863
  0
VERTEX
  5
2344
  8
Layer_0
  10
-793.47412
  20
-1096.2017
  42
-0.023971786
  0
VERTEX
  5
2345
  8
Layer_0
  10
-790.81396
  20
-1098.29
  0
VERTEX
  5
2346
  8
Layer_0
  10
-790.46387
  20
-1097.9678
  0
SEQEND
  0
POLYLINE
  5
2348
  8
Layer_0
  62
0
  66
1
  10
0
  20
0
  30
0
  0
VERTEX
  5
2348
  8
Layer_0
  10
-1041.4858
  20
-1098.3042
  0
VERTEX
  5
2349
  8
Layer_0
  10
-1041.1377
  20
-1098.0059
  42
0.060006916
  0
VERTEX
  5
234a
  8
Layer_0
  10
-1039.374
  20
-1096.0166
  42
0.05249312
  0
VERTEX
  5
234b
  8
Layer_0
  10
-1042.2529
  20
-1092.8848
  0
VERTEX
  5
234c
  8
Layer_0
  10
-1044.8032
  20
-1095.5874
  0
VERTEX
  5
234d
  8
Layer_0
  10
-1044.0503
  20
-1096.3271
  42
-0.010759568
  0
VERTEX
  5
234e
  8
Layer_0
  10
-1041.8486
  20
-1098.5928
  0
VERTEX
  5
234f
  8
Layer_0
  10
-1041.4858
  20
-1098.3042
  0
SEQEND
  0
POLYLINE
  5
2351
  8
Layer_0
  62
0
  66
1
  10
0
  20
0
  30
0
  0
VERTEX
  5
2351
  8
Layer_0
  10
-1046.8135
  20
-1098.5313
  0
VERTEX
  5
2352
  8
Layer_0
  10
-1046.4658
  20
-1098.2329
  42
0.06032749
  0
VERTEX
  5
2353
  8
Layer_0
  10
-1044.7021
  20
-1096.2441
  42
0.052607284
  0
VERTEX
  5
2354
  8
Layer_0
  10
-1047.5806
  20
-1093.1123
  0
VERTEX
  5
2355
  8
Layer_0
  10
-1050.1309
  20
-1095.8149
  0
VERTEX
  5
2356
  8
Layer_0
  10
-1049.3779
  20
-1096.5542
  42
-0.011062502
  0
VERTEX
  5
2357
  8
Layer_0
  10
-1047.1768
  20
-1098.8203
  0
VERTEX
  5
2358
  8
Layer_0
  10
-1046.8135
  20
-1098.5313
  0
SEQEND
  0
POLYLINE
  5
235a
  8
Layer_0
  62
0
  66
1
  10
0
  20
0
  30
0
  0
VERTEX
  5
235a
  8
Layer_0
  10
-1057.4307
  20
-1101.5693
  0
VERTEX
  5
235b
  8
Layer_0
  10
-1057.0996
  20
-1101.2549
  42
0.068443864
  0
VERTEX
  5
235c
  8
Layer_0
  10
-1055.4517
  20
-1099.1738
  42
0.050067497
  0
VERTEX
  5
235d
  8
Layer_0
  10
-1058.4824
  20
-1096.1934
  0
VERTEX
  5
235e
  8
Layer_0
  10
-1060.8818
  20
-1099.0474
  0
VERTEX
  5
235f
  8
Layer_0
  10
-1060.0908
  20
-1099.7451
  42
-0.012638407
  0
VERTEX
  5
2360
  8
Layer_0
  10
-1057.7754
  20
-1101.876
  0
VERTEX
  5
2361
  8
Layer_0
  10
-1057.4307
  20
-1101.5693
  0
SEQEND
  0
POLYLINE
  5
2363
  8
Layer_0
  62
0
  66
1
  10
0
  20
0
  30
0
  0
VERTEX
  5
2363
  8
Layer_0
  10
-1062.9614
  20
-1101.8218
  0
VERTEX
  5
2364
  8
Layer_0
  10
-1062.6309
  20
-1101.5073
  42
0.068652405
  0
VERTEX
  5
2365
  8
Layer_0
  10
-1060.9829
  20
-1099.4263
  42
0.050054839
  0
VERTEX
  5
2366
  8
Layer_0
  10
-1064.0137
  20
-1096.4463
  0
VERTEX
  5
2367
  8
Layer_0
  10
-1066.4131
  20
-1099.3003
  0
VERTEX
  5
2368
  8
Layer_0
  10
-1065.6221
  20
-1099.9976
  42
-0.01264235
  0
VERTEX
  5
2369
  8
Layer_0
  10
-1063.3066
  20
-1102.1284
  0
VERTEX
  5
236a
  8
Layer_0
  10
-1062.9614
  20
-1101.8218
  0
SEQEND
  0
POLYLINE
  5
236c
  8
Layer_0
  62
0
  66
1
  10
0
  20
0
  30
0
  0
VERTEX
  5
236c
  8
Layer_0
  10
-807.0542
  20
-1115.1465
  42
0.20257664
  0
VERTEX
  5
236d
  8
Layer_0
  10
-802.70996
  20
-1113.0405
  42
0.024197199
  0
VERTEX
  5
236e
  8
Layer_0
  10
-802.18213
  20
-1112.4072
  0
VERTEX
  5
236f
  8
Layer_0
  10
-802.10645
  20
-1112.4072
  0
VERTEX
  5
2370
  8
Layer_0
  10
-801.84277
  20
-1112.8091
  42
0.19519653
  0
VERTEX
  5
2371
  8
Layer_0
  10
-798.80664
  20
-1114.8853
  42
0.072014048
  0
VERTEX
  5
2372
  8
Layer_0
  10
-795.91602
  20
-1115.1582
  42
0.058980302
  0
VERTEX
  5
2373
  8
Layer_0
  10
-791.98047
  20
-1114.8037
  42
0.066038078
  0
VERTEX
  5
2374
  8
Layer_0
  10
-790.14111
  20
-1114.1431
  42
0.10841202
  0
VERTEX
  5
2375
  8
Layer_0
  10
-788.59375
  20
-1112.6924
  42
0.085781003
  0
VERTEX
  5
2376
  8
Layer_0
  10
-787.50635
  20
-1110.5356
  42
0.1031177
  0
VERTEX
  5
2377
  8
Layer_0
  10
-786.99023
  20
-1106.4922
  42
0.068718018
  0
VERTEX
  5
2378
  8
Layer_0
  10
-787.9292
  20
-1103.2637
  42
0.027159207
  0
VERTEX
  5
2379
  8
Layer_0
  10
-789.50098
  20
-1100.083
  0
VERTEX
  5
237a
  8
Layer_0
  10
-789.75342
  20
-1100.0327
  42
0.030865096
  0
VERTEX
  5
237b
  8
Layer_0
  10
-792.32959
  20
-1103.9727
  0
VERTEX
  5
237c
  8
Layer_0
  10
-791.74268
  20
-1105.0049
  42
-0.030729766
  0
VERTEX
  5
237d
  8
Layer_0
  10
-790.0752
  20
-1108.3491
  42
-0.074295622
  0
VERTEX
  5
237e
  8
Layer_0
  10
-789.85449
  20
-1109.125
  42
-0.22000887
  0
VERTEX
  5
237f
  8
Layer_0
  10
-790.16992
  20
-1109.3931
  42
-0.055856243
  0
VERTEX
  5
2380
  8
Layer_0
  10
-791.51807
  20
-1109.769
  42
-0.060731107
  0
VERTEX
  5
2381
  8
Layer_0
  10
-797.07275
  20
-1110.0596
  42
-0.10363624
  0
VERTEX
  5
2382
  8
Layer_0
  10
-799.00049
  20
-1109.3774
  42
-0.1418755
  0
VERTEX
  5
2383
  8
Layer_0
  10
-799.979
  20
-1108.2759
  42
-0.15346403
  0
VERTEX
  5
2384
  8
Layer_0
  10
-800.11182
  20
-1105.8228
  42
-0.0164256
  0
VERTEX
  5
2385
  8
Layer_0
  10
-799.7583
  20
-1104.4526
  0
VERTEX
  5
2386
  8
Layer_0
  10
-799.93506
  20
-1104.3008
  42
0.021109107
  0
VERTEX
  5
2387
  8
Layer_0
  10
-801.95508
  20
-1105.6143
  42
0.01087245
  0
VERTEX
  5
2388
  8
Layer_0
  10
-802.67773
  20
-1107.5464
  0
VERTEX
  5
2389
  8
Layer_0
  10
-802.77734
  20
-1107.7969
  42
-0.18864694
  0
VERTEX
  5
238a
  8
Layer_0
  10
-804.67578
  20
-1109.5986
  42
-0.1087146
  0
VERTEX
  5
238b
  8
Layer_0
  10
-807.45996
  20
-1110.1099
  0
VERTEX
  5
238c
  8
Layer_0
  10
-816.98438
  20
-1110.1099
  0
VERTEX
  5
238d
  8
Layer_0
  10
-819.3584
  20
-1114.2495
  0
VERTEX
  5
238e
  8
Layer_0
  10
-819.00488
  20
-1114.7041
  0
VERTEX
  5
238f
  8
Layer_0
  10
-818.31348
  20
-1114.7349
  42
-0.04695437
  0
VERTEX
  5
2390
  8
Layer_0
  10
-813.83252
  20
-1115.3193
  42
-0.087543277
  0
VERTEX
  5
2391
  8
Layer_0
  10
-812.09668
  20
-1116.0439
  42
-0.057095745
  0
VERTEX
  5
2392
  8
Layer_0
  10
-811.65527
  20
-1116.4219
  0
VERTEX
  5
2393
  8
Layer_0
  10
-812.25635
  20
-1116.8193
  42
-0.16802044
  0
VERTEX
  5
2394
  8
Layer_0
  10
-822.42822
  20
-1119.3896
  42
-0.16233526
  0
VERTEX
  5
2395
  8
Layer_0
  10
-826.67041
  20
-1117.5601
  42
-0.14675954
  0
VERTEX
  5
2396
  8
Layer_0
  10
-828.47705
  20
-1114.4199
  42
-0.097280899
  0
VERTEX
  5
2397
  8
Layer_0
  10
-828.70898
  20
-1110.5981
  42
-0.05976728
  0
VERTEX
  5
2398
  8
Layer_0
  10
-827.43066
  20
-1106.3706
  0
VERTEX
  5
2399
  8
Layer_0
  10
-827.23828
  20
-1105.9175
  0
VERTEX
  5
239a
  8
Layer_0
  10
-828.65283
  20
-1105.2354
  42
0.060815401
  0
VERTEX
  5
239b
  8
Layer_0
  10
-831.02832
  20
-1111.4141
  42
0.10907552
  0
VERTEX
  5
239c
  8
Layer_0
  10
-831.18701
  20
-1117.6172
  42
0.13160926
  0
VERTEX
  5
239d
  8
Layer_0
  10
-829.22412
  20
-1121.772
  42
0.16481457
  0
VERTEX
  5
239e
  8
Layer_0
  10
-824.59912
  20
-1124.4126
  42
0.10875985
  0
VERTEX
  5
239f
  8
Layer_0
  10
-818.73145
  20
-1124.2959
  42
0.12459857
  0
VERTEX
  5
23a0
  8
Layer_0
  10
-810.36719
  20
-1120.061
  42
0.051618515
  0
VERTEX
  5
23a1
  8
Layer_0
  10
-809.25488
  20
-1117.5801
  42
0.11978575
  0
VERTEX
  5
23a2
  8
Layer_0
  10
-809.15479
  20
-1115.1582
  0
VERTEX
  5
23a3
  8
Layer_0
  10
-807.45996
  20
-1115.1582
  0
VERTEX
  5
23a4
  8
Layer_0
  10
-807.0542
  20
-1115.1465
  0
SEQEND
  0
POLYLINE
  5
23a6
  8
Layer_0
  62
0
  66
1
  10
0
  20
0
  30
0
  0
VERTEX
  5
23a6
  8
Layer_0
  10
-1048.5967
  20
-1115.1538
  42
0.032396988
  0
VERTEX
  5
23a7
  8
Layer_0
  10
-1046.3638
  20
-1114.981
  42
0.083549651
  0
VERTEX
  5
23a8
  8
Layer_0
  10
-1043.5981
  20
-1114.1431
  42
0.10816841
  0
VERTEX
  5
23a9
  8
Layer_0
  10
-1042.0503
  20
-1112.6924
  42
0.085627683
  0
VERTEX
  5
23aa
  8
Layer_0
  10
-1040.9634
  20
-1110.5356
  42
0.10338253
  0
VERTEX
  5
23ab
  8
Layer_0
  10
-1040.4473
  20
-1106.4922
  42
0.068664624
  0
VERTEX
  5
23ac
  8
Layer_0
  10
-1041.3857
  20
-1103.2637
  42
0.027208185
  0
VERTEX
  5
23ad
  8
Layer_0
  10
-1042.958
  20
-1100.083
  0
VERTEX
  5
23ae
  8
Layer_0
  10
-1043.2104
  20
-1100.0327
  42
0.030824877
  0
VERTEX
  5
23af
  8
Layer_0
  10
-1045.7861
  20
-1103.9727
  0
VERTEX
  5
23b0
  8
Layer_0
  10
-1045.1997
  20
-1105.0049
  42
-0.030733111
  0
VERTEX
  5
23b1
  8
Layer_0
  10
-1043.5317
  20
-1108.3491
  42
-0.072996162
  0
VERTEX
  5
23b2
  8
Layer_0
  10
-1043.311
  20
-1109.125
  42
-0.21827541
  0
VERTEX
  5
23b3
  8
Layer_0
  10
-1043.6265
  20
-1109.3931
  42
-0.055694387
  0
VERTEX
  5
23b4
  8
Layer_0
  10
-1044.9751
  20
-1109.769
  42
-0.051058305
  0
VERTEX
  5
23b5
  8
Layer_0
  10
-1049.7183
  20
-1110.1099
  42
-0.08815291
  0
VERTEX
  5
23b6
  8
Layer_0
  10
-1052.2651
  20
-1109.7158
  42
-0.11952752
  0
VERTEX
  5
23b7
  8
Layer_0
  10
-1053.3491
  20
-1109.0601
  42
-0.15062063
  0
VERTEX
  5
23b8
  8
Layer_0
  10
-1053.8066
  20
-1108.0142
  42
-0.10250893
  0
VERTEX
  5
23b9
  8
Layer_0
  10
-1053.6523
  20
-1105.8257
  42
-0.016623781
  0
VERTEX
  5
23ba
  8
Layer_0
  10
-1053.1787
  20
-1104.0991
  0
VERTEX
  5
23bb
  8
Layer_0
  10
-1053.4312
  20
-1103.9224
  0
VERTEX
  5
23bc
  8
Layer_0
  10
-1055.3252
  20
-1105.084
  0
VERTEX
  5
23bd
  8
Layer_0
  10
-1055.4893
  20
-1105.6313
  42
-0.019927839
  0
VERTEX
  5
23be
  8
Layer_0
  10
-1056.168
  20
-1107.6333
  42
-0.14756129
  0
VERTEX
  5
23bf
  8
Layer_0
  10
-1057.6997
  20
-1109.6001
  42
-0.20004088
  0
VERTEX
  5
23c0
  8
Layer_0
  10
-1059.7778
  20
-1110.062
  42
-0.33730807
  0
VERTEX
  5
23c1
  8
Layer_0
  10
-1060.6904
  20
-1108.8662
  42
-0.099150717
  0
VERTEX
  5
23c2
  8
Layer_0
  10
-1060.5342
  20
-1107.6011
  42
-0.011111404
  0
VERTEX
  5
23c3
  8
Layer_0
  10
-1059.6948
  20
-1104.8564
  0
VERTEX
  5
23c4
  8
Layer_0
  10
-1059.8716
  20
-1104.6797
  42
0.019900761
  0
VERTEX
  5
23c5
  8
Layer_0
  10
-1062.1445
  20
-1105.9175
  0
VERTEX
  5
23c6
  8
Layer_0
  10
-1062.313
  20
-1106.4355
  42
-0.054314292
  0
VERTEX
  5
23c7
  8
Layer_0
  10
-1063.2207
  20
-1108.5562
  42
-0.19129445
  0
VERTEX
  5
23c8
  8
Layer_0
  10
-1065.1094
  20
-1110.0454
  42
-0.18715882
  0
VERTEX
  5
23c9
  8
Layer_0
  10
-1066.6328
  20
-1109.874
  42
-0.12784104
  0
VERTEX
  5
23ca
  8
Layer_0
  10
-1067.2109
  20
-1109.1938
  42
-0.02814006
  0
VERTEX
  5
23cb
  8
Layer_0
  10
-1067.9609
  20
-1107.4346
  0
VERTEX
  5
23cc
  8
Layer_0
  10
-1068.4023
  20
-1106.3784
  42
0.011133309
  0
VERTEX
  5
23cd
  8
Layer_0
  10
-1069.3179
  20
-1104.3516
  0
VERTEX
  5
23ce
  8
Layer_0
  10
-1069.5957
  20
-1104.3262
  42
0.03114472
  0
VERTEX
  5
23cf
  8
Layer_0
  10
-1071.9951
  20
-1108.4937
  0
VERTEX
  5
23d0
  8
Layer_0
  10
-1071.6743
  20
-1108.9844
  42
-0.058738505
  0
VERTEX
  5
23d1
  8
Layer_0
  10
-1069.6919
  20
-1112.8608
  42
-0.068720178
  0
VERTEX
  5
23d2
  8
Layer_0
  10
-1069.2417
  20
-1114.9312
  42
-0.14173587
  0
VERTEX
  5
23d3
  8
Layer_0
  10
-1069.9648
  20
-1116.1787
  42
-0.13004748
  0
VERTEX
  5
23d4
  8
Layer_0
  10
-1074.3599
  20
-1118.7515
  42
-0.10141688
  0
VERTEX
  5
23d5
  8
Layer_0
  10
-1077.5459
  20
-1118.9067
  42
-0.12294832
  0
VERTEX
  5
23d6
  8
Layer_0
  10
-1080.6074
  20
-1117.5596
  42
-0.17148055
  0
VERTEX
  5
23d7
  8
Layer_0
  10
-1082.2212
  20
-1114.9185
  42
-0.13714112
  0
VERTEX
  5
23d8
  8
Layer_0
  10
-1082.0542
  20
-1111.1099
  42
-0.033861093
  0
VERTEX
  5
23d9
  8
Layer_0
  10
-1081.2139
  20
-1108.9229
  0
VERTEX
  5
23da
  8
Layer_0
  10
-1082.5771
  20
-1108.2412
  42
0.15829043
  0
VERTEX
  5
23db
  8
Layer_0
  10
-1084.6177
  20
-1116.7275
  42
0.11231953
  0
VERTEX
  5
23dc
  8
Layer_0
  10
-1083.3398
  20
-1120.7607
  42
0.23292378
  0
VERTEX
  5
23dd
  8
Layer_0
  10
-1078.2041
  20
-1124.0386
  42
0.25804117
  0
VERTEX
  5
23de
  8
Layer_0
  10
-1069.2925
  20
-1120.5151
  42
0.092052815
  0
VERTEX
  5
23df
  8
Layer_0
  10
-1067.8242
  20
-1117.5547
  42
0.036342855
  0
VERTEX
  5
23e0
  8
Layer_0
  10
-1067.3223
  20
-1115.2847
  42
0.1825501
  0
VERTEX
  5
23e1
  8
Layer_0
  10
-1063.8096
  20
-1114.0806
  42
0.057995358
  0
VERTEX
  5
23e2
  8
Layer_0
  10
-1062.9023
  20
-1113.0874
  0
VERTEX
  5
23e3
  8
Layer_0
  10
-1062.8013
  20
-1113.0874
  0
VERTEX
  5
23e4
  8
Layer_0
  10
-1062.6587
  20
-1113.3735
  42
0.14179381
  0
VERTEX
  5
23e5
  8
Layer_0
  10
-1061.4658
  20
-1114.729
  42
0.186574
  0
VERTEX
  5
23e6
  8
Layer_0
  10
-1058.9404
  20
-1115.061
  42
0.07988226
  0
VERTEX
  5
23e7
  8
Layer_0
  10
-1057.5889
  20
-1114.5054
  42
0.072979522
  0
VERTEX
  5
23e8
  8
Layer_0
  10
-1055.5024
  20
-1112.7354
  0
VERTEX
  5
23e9
  8
Layer_0
  10
-1055.4263
  20
-1112.7354
  0
VERTEX
  5
23ea
  8
Layer_0
  10
-1055.2827
  20
-1113.0435
  42
0.16616072
  0
VERTEX
  5
23eb
  8
Layer_0
  10
-1053.7104
  20
-1114.4351
  42
0.10273131
  0
VERTEX
  5
23ec
  8
Layer_0
  10
-1049.7183
  20
-1115.1582
  42
0.0052049367
  0
VERTEX
  5
23ed
  8
Layer_0
  10
-1048.5967
  20
-1115.1538
  0
SEQEND
  0
POLYLINE
  5
23ef
  8
Layer_0
  62
0
  66
1
  10
0
  20
0
  30
0
  0
VERTEX
  5
23ef
  8
Layer_0
  10
-941.62109
  20
-1115.1436
  42
0.27241187
  0
VERTEX
  5
23f0
  8
Layer_0
  10
-938.12939
  20
-1112.8447
  42
0.031593965
  0
VERTEX
  5
23f1
  8
Layer_0
  10
-937.83105
  20
-1112.1777
  0
VERTEX
  5
23f2
  8
Layer_0
  10
-937.75537
  20
-1112.1777
  0
VERTEX
  5
23f3
  8
Layer_0
  10
-937.32275
  20
-1112.5054
  42
0.092680561
  0
VERTEX
  5
23f4
  8
Layer_0
  10
-933.02441
  20
-1114.6543
  42
0.084228816
  0
VERTEX
  5
23f5
  8
Layer_0
  10
-930.78174
  20
-1114.9126
  42
0.18693465
  0
VERTEX
  5
23f6
  8
Layer_0
  10
-928.61133
  20
-1113.8838
  42
0.1016592
  0
VERTEX
  5
23f7
  8
Layer_0
  10
-927.28564
  20
-1111.8081
  42
0.073273362
  0
VERTEX
  5
23f8
  8
Layer_0
  10
-926.8208
  20
-1110.1353
  42
0.11289125
  0
VERTEX
  5
23f9
  8
Layer_0
  10
-928.40869
  20
-1103.7378
  42
0.1177967
  0
VERTEX
  5
23fa
  8
Layer_0
  10
-930.36377
  20
-1101.4966
  42
0.25150335
  0
VERTEX
  5
23fb
  8
Layer_0
  10
-934.13574
  20
-1101.2573
  42
0.19356786
  0
VERTEX
  5
23fc
  8
Layer_0
  10
-937.48145
  20
-1104.9595
  42
0.0037010263
  0
VERTEX
  5
23fd
  8
Layer_0
  10
-938.41553
  20
-1107.5791
  0
VERTEX
  5
23fe
  8
Layer_0
  10
-938.5293
  20
-1107.876
  42
-0.23550409
  0
VERTEX
  5
23ff
  8
Layer_0
  10
-940.81396
  20
-1109.9331
  42
-0.087456742
  0
VERTEX
  5
2400
  8
Layer_0
  10
-942.30078
  20
-1110.1099
  42
-0.032396393
  0
VERTEX
  5
2401
  8
Layer_0
  10
-946.56348
  20
-1109.9443
  42
-0.078073638
  0
VERTEX
  5
2402
  8
Layer_0
  10
-948.9751
  20
-1109.2764
  0
VERTEX
  5
2403
  8
Layer_0
  10
-948.9751
  20
-1109.2002
  0
VERTEX
  5
2404
  8
Layer_0
  10
-947.94385
  20
-1108.2866
  42
0.010905347
  0
VERTEX
  5
2405
  8
Layer_0
  10
-945.00977
  20
-1105.5361
  42
0.019174688
  0
VERTEX
  5
2406
  8
Layer_0
  10
-944.27734
  20
-1101.6987
  42
0.049584854
  0
VERTEX
  5
2407
  8
Layer_0
  10
-948.03467
  20
-1100.7119
  42
0.089538575
  0
VERTEX
  5
2408
  8
Layer_0
  10
-957.38965
  20
-1101.042
  42
0.0040640885
  0
VERTEX
  5
2409
  8
Layer_0
  10
-960.01221
  20
-1101.5723
  0
VERTEX
  5
240a
  8
Layer_0
  10
-961.47607
  20
-1105.7129
  0
VERTEX
  5
240b
  8
Layer_0
  10
-961.24902
  20
-1105.9658
  0
VERTEX
  5
240c
  8
Layer_0
  10
-960.96045
  20
-1105.8955
  42
-0.088830739
  0
VERTEX
  5
240d
  8
Layer_0
  10
-959.81055
  20
-1105.814
  42
-0.14460385
  0
VERTEX
  5
240e
  8
Layer_0
  10
-958.40625
  20
-1106.6074
  42
-0.012062442
  0
VERTEX
  5
240f
  8
Layer_0
  10
-957.64697
  20
-1107.3892
  0
VERTEX
  5
2410
  8
Layer_0
  10
-957.05762
  20
-1107.9956
  42
0.0027431999
  0
VERTEX
  5
2411
  8
Layer_0
  10
-955.66846
  20
-1109.4023
  0
VERTEX
  5
2412
  8
Layer_0
  10
-956.51953
  20
-1110.0146
  42
0.059024074
  0
VERTEX
  5
2413
  8
Layer_0
  10
-959.97266
  20
-1113.2314
  42
0.080873813
  0
VERTEX
  5
2414
  8
Layer_0
  10
-962.07813
  20
-1116.6997
  42
0.16929602
  0
VERTEX
  5
2415
  8
Layer_0
  10
-962.38574
  20
-1123.1167
  42
0.13858521
  0
VERTEX
  5
2416
  8
Layer_0
  10
-959.99512
  20
-1126.7734
  42
0.1097409
  0
VERTEX
  5
2417
  8
Layer_0
  10
-955.98486
  20
-1128.9331
  42
0.10675534
  0
VERTEX
  5
2418
  8
Layer_0
  10
-949.11182
  20
-1129.3403
  42
0.017781538
  0
VERTEX
  5
2419
  8
Layer_0
  10
-947.61133
  20
-1129.0752
  42
0.037041044
  0
VERTEX
  5
241a
  8
Layer_0
  10
-941.67578
  20
-1124.5034
  0
VERTEX
  5
241b
  8
Layer_0
  10
-941.95361
  20
-1124.0234
  0
VERTEX
  5
241c
  8
Layer_0
  10
-942.80713
  20
-1124.1597
  42
-0.045421985
  0
VERTEX
  5
241d
  8
Layer_0
  10
-949.79443
  20
-1124.6104
  42
-0.062388727
  0
VERTEX
  5
241e
  8
Layer_0
  10
-954.44873
  20
-1123.8931
  42
-0.072450086
  0
VERTEX
  5
241f
  8
Layer_0
  10
-957.82959
  20
-1122.3398
  42
-0.1083111
  0
VERTEX
  5
2420
  8
Layer_0
  10
-959.83154
  20
-1120.3086
  42
-0.13628561
  0
VERTEX
  5
2421
  8
Layer_0
  10
-960.36621
  20
-1118.5186
  42
-0.15174363
  0
VERTEX
  5
2422
  8
Layer_0
  10
-959.64404
  20
-1116.8296
  42
-0.067865088
  0
VERTEX
  5
2423
  8
Layer_0
  10
-957.62012
  20
-1114.9331
  42
-0.052805139
  0
VERTEX
  5
2424
  8
Layer_0
  10
-952.53662
  20
-1112.0283
  0
VERTEX
  5
2425
  8
Layer_0
  10
-951.93506
  20
-1112.4834
  42
0.063516553
  0
VERTEX
  5
2426
  8
Layer_0
  10
-948.97607
  20
-1114.1523
  42
0.078355349
  0
VERTEX
  5
2427
  8
Layer_0
  10
-944.41357
  20
-1115.0996
  42
0.024247566
  0
VERTEX
  5
2428
  8
Layer_0
  10
-941.62109
  20
-1115.1436
  0
SEQEND
  0
POLYLINE
  5
242a
  8
Layer_0
  62
0
  66
1
  10
0
  20
0
  30
0
  0
VERTEX
  5
242a
  8
Layer_0
  10
-1032.0776
  20
-1123.2598
  42
0.13284684
  0
VERTEX
  5
242b
  8
Layer_0
  10
-1029.2422
  20
-1122.2051
  42
0.069208875
  0
VERTEX
  5
242c
  8
Layer_0
  10
-1026.9126
  20
-1119.9668
  42
0.058724102
  0
VERTEX
  5
242d
  8
Layer_0
  10
-1025.4229
  20
-1117.6123
  42
0.10986121
  0
VERTEX
  5
242e
  8
Layer_0
  10
-1023.8921
  20
-1111.3667
  42
0.071466295
  0
VERTEX
  5
242f
  8
Layer_0
  10
-1024.4478
  20
-1105.9834
  42
0.085887648
  0
VERTEX
  5
2430
  8
Layer_0
  10
-1025.959
  20
-1102.5337
  42
0.12356414
  0
VERTEX
  5
2431
  8
Layer_0
  10
-1027.7686
  20
-1100.8525
  42
0.19746534
  0
VERTEX
  5
2432
  8
Layer_0
  10
-1030.2344
  20
-1100.6768
  42
0.084531631
  0
VERTEX
  5
2433
  8
Layer_0
  10
-1031.8364
  20
-1101.481
  42
0.070389435
  0
VERTEX
  5
2434
  8
Layer_0
  10
-1033.6162
  20
-1103.1353
  42
0.20375117
  0
VERTEX
  5
2435
  8
Layer_0
  10
-1035.2754
  20
-1109.4653
  42
0.29460242
  0
VERTEX
  5
2436
  8
Layer_0
  10
-1031.8081
  20
-1113.208
  42
0.083642712
  0
VERTEX
  5
2437
  8
Layer_0
  10
-1028.7402
  20
-1113.4971
  42
0.05831204
  0
VERTEX
  5
2438
  8
Layer_0
  10
-1026.6055
  20
-1113.1885
  42
-0.10035495
  0
VERTEX
  5
2439
  8
Layer_0
  10
-1029.647
  20
-1116.8184
  42
-0.099538811
  0
VERTEX
  5
243a
  8
Layer_0
  10
-1034.1177
  20
-1119.2827
  42
-0.17243327
  0
VERTEX
  5
243b
  8
Layer_0
  10
-1039.4072
  20
-1119.0508
  0
VERTEX
  5
243c
  8
Layer_0
  10
-1039.938
  20
-1120.4395
  42
0.075143274
  0
VERTEX
  5
243d
  8
Layer_0
  10
-1035.186
  20
-1122.833
  42
0.082404726
  0
VERTEX
  5
243e
  8
Layer_0
  10
-1032.0776
  20
-1123.2598
  0
SEQEND
  0
POLYLINE
  5
2440
  8
Layer_0
  62
0
  66
1
  10
0
  20
0
  30
0
  0
VERTEX
  5
2440
  8
Layer_0
  10
-688.71875
  20
-1108.8169
  0
VERTEX
  5
2441
  8
Layer_0
  10
-689.0498
  20
-1108.6782
  42
-0.107236
  0
VERTEX
  5
2442
  8
Layer_0
  10
-691.06396
  20
-1107.3022
  42
-0.1285896
  0
VERTEX
  5
2443
  8
Layer_0
  10
-691.75635
  20
-1105.9429
  42
-0.16199144
  0
VERTEX
  5
2444
  8
Layer_0
  10
-689.24023
  20
-1103.0278
  42
-0.14669649
  0
VERTEX
  5
2445
  8
Layer_0
  10
-687.52783
  20
-1102.6235
  42
-0.16251439
  0
VERTEX
  5
2446
  8
Layer_0
  10
-686.21973
  20
-1103.2729
  42
-0.1839706
  0
VERTEX
  5
2447
  8
Layer_0
  10
-684.78223
  20
-1106.2188
  42
-0.16303525
  0
VERTEX
  5
2448
  8
Layer_0
  10
-685.16455
  20
-1107.0854
  42
-0.11602717
  0
VERTEX
  5
2449
  8
Layer_0
  10
-687.21143
  20
-1108.52
  42
-0.027426778
  0
VERTEX
  5
244a
  8
Layer_0
  10
-688.37012
  20
-1108.9478
  0
VERTEX
  5
244b
  8
Layer_0
  10
-688.71875
  20
-1108.8169
  0
SEQEND
  0
POLYLINE
  5
244d
  8
Layer_0
  62
0
  66
1
  10
0
  20
0
  30
0
  0
VERTEX
  5
244d
  8
Layer_0
  10
-953.10107
  20
-1107.3589
  42
-0.0038496135
  0
VERTEX
  5
244e
  8
Layer_0
  10
-956.17334
  20
-1104.8286
  0
VERTEX
  5
244f
  8
Layer_0
  10
-956.17334
  20
-1104.7021
  42
-0.095536129
  0
VERTEX
  5
2450
  8
Layer_0
  10
-947.98877
  20
-1104.7158
  0
VERTEX
  5
2451
  8
Layer_0
  10
-947.40918
  20
-1104.854
  0
VERTEX
  5
2452
  8
Layer_0
  10
-947.40918
  20
-1104.98
  42
-0.032161601
  0
VERTEX
  5
2453
  8
Layer_0
  10
-952.03125
  20
-1108.1895
  0
VERTEX
  5
2454
  8
Layer_0
  10
-953.10107
  20
-1107.3589
  0
SEQEND
  0
POLYLINE
  5
2456
  8
Layer_0
  62
0
  66
1
  10
0
  20
0
  30
0
  0
VERTEX
  5
2456
  8
Layer_0
  10
-731.19727
  20
-1107.3589
  0
VERTEX
  5
2457
  8
Layer_0
  10
-732.24561
  20
-1106.5088
  42
-0.00071799632
  0
VERTEX
  5
2458
  8
Layer_0
  10
-734.26953
  20
-1104.8286
  0
VERTEX
  5
2459
  8
Layer_0
  10
-734.26953
  20
-1104.7021
  42
-0.095529619
  0
VERTEX
  5
245a
  8
Layer_0
  10
-726.08447
  20
-1104.7158
  0
VERTEX
  5
245b
  8
Layer_0
  10
-725.50537
  20
-1104.854
  0
VERTEX
  5
245c
  8
Layer_0
  10
-725.50537
  20
-1104.98
  42
-0.03226861
  0
VERTEX
  5
245d
  8
Layer_0
  10
-730.12744
  20
-1108.1895
  0
VERTEX
  5
245e
  8
Layer_0
  10
-731.19727
  20
-1107.3589
  0
SEQEND
  0
POLYLINE
  5
2460
  8
Layer_0
  62
0
  66
1
  10
0
  20
0
  30
0
  0
VERTEX
  5
2460
  8
Layer_0
  10
-1028.978
  20
-1108.9028
  42
-0.091261887
  0
VERTEX
  5
2461
  8
Layer_0
  10
-1031.481
  20
-1108.3389
  42
-0.11313018
  0
VERTEX
  5
2462
  8
Layer_0
  10
-1032.7754
  20
-1107.4087
  42
-0.21527179
  0
VERTEX
  5
2463
  8
Layer_0
  10
-1033.1069
  20
-1106.3833
  42
-0.19113235
  0
VERTEX
  5
2464
  8
Layer_0
  10
-1032.3638
  20
-1105.3242
  42
-0.1407816
  0
VERTEX
  5
2465
  8
Layer_0
  10
-1030.6353
  20
-1104.7441
  42
-0.17233796
  0
VERTEX
  5
2466
  8
Layer_0
  10
-1028.854
  20
-1105.2021
  42
-0.14947157
  0
VERTEX
  5
2467
  8
Layer_0
  10
-1026.6733
  20
-1107.937
  42
-0.026414481
  0
VERTEX
  5
2468
  8
Layer_0
  10
-1026.3779
  20
-1108.7715
  0
VERTEX
  5
2469
  8
Layer_0
  10
-1026.8477
  20
-1108.8379
  42
-0.041725321
  0
VERTEX
  5
246a
  8
Layer_0
  10
-1028.978
  20
-1108.9028
  0
SEQEND
  0
POLYLINE
  5
246c
  8
Layer_0
  62
0
  66
1
  10
0
  20
0
  30
0
  0
VERTEX
  5
246c
  8
Layer_0
  10
-714.58936
  20
-1109.5625
  0
VERTEX
  5
246d
  8
Layer_0
  10
-714.03564
  20
-1109.0435
  42
-0.058969336
  0
VERTEX
  5
246e
  8
Layer_0
  10
-710.20703
  20
-1106.2261
  42
-0.10088757
  0
VERTEX
  5
246f
  8
Layer_0
  10
-707.06543
  20
-1105.21
  42
-0.26965555
  0
VERTEX
  5
2470
  8
Layer_0
  10
-702.20605
  20
-1107.4072
  42
-0.10255814
  0
VERTEX
  5
2471
  8
Layer_0
  10
-701.79102
  20
-1108.2622
  42
-0.2708048
  0
VERTEX
  5
2472
  8
Layer_0
  10
-701.89697
  20
-1108.5933
  42
-0.086842663
  0
VERTEX
  5
2473
  8
Layer_0
  10
-702.94922
  20
-1109.145
  42
-0.0568785
  0
VERTEX
  5
2474
  8
Layer_0
  10
-705.89551
  20
-1109.7534
  42
-0.023306599
  0
VERTEX
  5
2475
  8
Layer_0
  10
-713.2041
  20
-1110.103
  42
-0.0030709065
  0
VERTEX
  5
2476
  8
Layer_0
  10
-715.14453
  20
-1110.1099
  0
VERTEX
  5
2477
  8
Layer_0
  10
-714.58936
  20
-1109.5625
  0
SEQEND
  0
POLYLINE
  5
2479
  8
Layer_0
  62
0
  66
1
  10
0
  20
0
  30
0
  0
VERTEX
  5
2479
  8
Layer_0
  10
-668.47314
  20
-1110.0981
  0
VERTEX
  5
247a
  8
Layer_0
  10
-668.84229
  20
-1110.0645
  42
-0.11101423
  0
VERTEX
  5
247b
  8
Layer_0
  10
-672.1665
  20
-1108.8052
  42
-0.041573426
  0
VERTEX
  5
247c
  8
Layer_0
  10
-674.01367
  20
-1107.4058
  42
-0.065058683
  0
VERTEX
  5
247d
  8
Layer_0
  10
-673.29492
  20
-1106.2979
  42
-0.32827084
  0
VERTEX
  5
247e
  8
Layer_0
  10
-670.12793
  20
-1105.4219
  42
-0.1251307
  0
VERTEX
  5
247f
  8
Layer_0
  10
-668.75391
  20
-1106.4961
  42
-0.11008264
  0
VERTEX
  5
2480
  8
Layer_0
  10
-667.43555
  20
-1109.3599
  0
VERTEX
  5
2481
  8
Layer_0
  10
-667.3208
  20
-1109.8828
  42
-0.33164209
  0
VERTEX
  5
2482
  8
Layer_0
  10
-667.53223
  20
-1110.0532
  42
-0.075148558
  0
VERTEX
  5
2483
  8
Layer_0
  10
-668.47314
  20
-1110.0981
  0
SEQEND
  0
POLYLINE
  5
2485
  8
Layer_0
  62
0
  66
1
  10
0
  20
0
  30
0
  0
VERTEX
  5
2485
  8
Layer_0
  10
-930.72314
  20
-1110.0981
  42
-0.11657032
  0
VERTEX
  5
2486
  8
Layer_0
  10
-934.04736
  20
-1109.0269
  42
-0.051531163
  0
VERTEX
  5
2487
  8
Layer_0
  10
-936.26367
  20
-1107.4058
  42
-0.064848484
  0
VERTEX
  5
2488
  8
Layer_0
  10
-935.54541
  20
-1106.2979
  42
-0.32821528
  0
VERTEX
  5
2489
  8
Layer_0
  10
-932.37793
  20
-1105.4219
  42
-0.1250728
  0
VERTEX
  5
248a
  8
Layer_0
  10
-931.00391
  20
-1106.4961
  42
-0.11000212
  0
VERTEX
  5
248b
  8
Layer_0
  10
-929.68555
  20
-1109.3599
  0
VERTEX
  5
248c
  8
Layer_0
  10
-929.5708
  20
-1109.8828
  42
-0.32871721
  0
VERTEX
  5
248d
  8
Layer_0
  10
-929.78223
  20
-1110.0532
  42
-0.07511242
  0
VERTEX
  5
248e
  8
Layer_0
  10
-930.72314
  20
-1110.0981
  0
SEQEND
  0
POLYLINE
  5
2490
  8
Layer_0
  62
0
  66
1
  10
0
  20
0
  30
0
  0
VERTEX
  5
2490
  8
Layer_0
  10
-764.88721
  20
-1123.6509
  42
0.095036648
  0
VERTEX
  5
2491
  8
Layer_0
  10
-762.96484
  20
-1120.8662
  42
0.044470196
  0
VERTEX
  5
2492
  8
Layer_0
  10
-766.57617
  20
-1117.9111
  0
VERTEX
  5
2493
  8
Layer_0
  10
-768.89941
  20
-1121.1694
  0
VERTEX
  5
2494
  8
Layer_0
  10
-767.89746
  20
-1121.8843
  42
-0.023829743
  0
VERTEX
  5
2495
  8
Layer_0
  10
-765.23779
  20
-1123.9727
  0
VERTEX
  5
2496
  8
Layer_0
  10
-764.88721
  20
-1123.6509
  0
SEQEND
  0
POLYLINE
  5
2498
  8
Layer_0
  62
0
  66
1
  10
0
  20
0
  30
0
  0
VERTEX
  5
2498
  8
Layer_0
  10
-801.15039
  20
-1125.2168
  42
0.095202185
  0
VERTEX
  5
2499
  8
Layer_0
  10
-799.22803
  20
-1122.4321
  42
0.044444181
  0
VERTEX
  5
249a
  8
Layer_0
  10
-802.83887
  20
-1119.4771
  0
VERTEX
  5
249b
  8
Layer_0
  10
-805.16211
  20
-1122.7354
  0
VERTEX
  5
249c
  8
Layer_0
  10
-804.16016
  20
-1123.4502
  42
-0.023685174
  0
VERTEX
  5
249d
  8
Layer_0
  10
-801.50049
  20
-1125.5386
  0
VERTEX
  5
249e
  8
Layer_0
  10
-801.15039
  20
-1125.2168
  0
SEQEND
  0
POLYLINE
  5
24a0
  8
Layer_0
  62
0
  66
1
  10
0
  20
0
  30
0
  0
VERTEX
  5
24a0
  8
Layer_0
  10
-894.25732
  20
-1125.5781
  42
0.070012544
  0
VERTEX
  5
24a1
  8
Layer_0
  10
-892.14551
  20
-1123.291
  42
0.052711015
  0
VERTEX
  5
24a2
  8
Layer_0
  10
-895.0249
  20
-1120.1606
  0
VERTEX
  5
24a3
  8
Layer_0
  10
-897.57568
  20
-1122.8618
  0
VERTEX
  5
24a4
  8
Layer_0
  10
-896.82275
  20
-1123.6011
  42
-0.011003396
  0
VERTEX
  5
24a5
  8
Layer_0
  10
-894.62061
  20
-1125.8672
  0
VERTEX
  5
24a6
  8
Layer_0
  10
-894.25732
  20
-1125.5781
  0
SEQEND
  0
POLYLINE
  5
24a8
  8
Layer_0
  62
0
  66
1
  10
0
  20
0
  30
0
  0
VERTEX
  5
24a8
  8
Layer_0
  10
-899.58643
  20
-1125.8057
  42
0.069970252
  0
VERTEX
  5
24a9
  8
Layer_0
  10
-897.47461
  20
-1123.5181
  42
0.052670453
  0
VERTEX
  5
24aa
  8
Layer_0
  10
-900.354
  20
-1120.3877
  0
VERTEX
  5
24ab
  8
Layer_0
  10
-902.90186
  20
-1123.0889
  0
VERTEX
  5
24ac
  8
Layer_0
  10
-902.1499
  20
-1123.8286
  42
-0.010766237
  0
VERTEX
  5
24ad
  8
Layer_0
  10
-899.94971
  20
-1126.0942
  0
VERTEX
  5
24ae
  8
Layer_0
  10
-899.58643
  20
-1125.8057
  0
SEQEND
  0
POLYLINE
  5
24b0
  8
Layer_0
  62
0
  66
1
  10
0
  20
0
  30
0
  0
VERTEX
  5
24b0
  8
Layer_0
  10
-817.29395
  20
-1131.9126
  42
0.04401971
  0
VERTEX
  5
24b1
  8
Layer_0
  10
-815.19092
  20
-1129.1758
  42
0.045980825
  0
VERTEX
  5
24b2
  8
Layer_0
  10
-818.67627
  20
-1126.0186
  0
VERTEX
  5
24b3
  8
Layer_0
  10
-821.15186
  20
-1129.1255
  0
VERTEX
  5
24b4
  8
Layer_0
  10
-820.25049
  20
-1129.8452
  42
-0.017803232
  0
VERTEX
  5
24b5
  8
Layer_0
  10
-817.59033
  20
-1132.2319
  0
VERTEX
  5
24b6
  8
Layer_0
  10
-817.29395
  20
-1131.9126
  0
SEQEND
  0
POLYLINE
  5
24b8
  8
Layer_0
  62
0
  70
1
  66
1
  10
0
  20
0
  30
0
  0
VERTEX
  5
24b8
  8
Layer_0
  10
-823.25488
  20
-1132.3169
  42
0.044198584
  0
VERTEX
  5
24b9
  8
Layer_0
  10
-821.15186
  20
-1129.5801
  42
0.046154616
  0
VERTEX
  5
24ba
  8
Layer_0
  10
-824.63721
  20
-1126.4229
  0
VERTEX
  5
24bb
  8
Layer_0
  10
-827.1123
  20
-1129.5293
  0
VERTEX
  5
24bc
  8
Layer_0
  10
-826.21143
  20
-1130.249
  42
-0.017805733
  0
VERTEX
  5
24bd
  8
Layer_0
  10
-823.55127
  20
-1132.6357
  0
SEQEND
  0
POLYLINE
  5
24bf
  8
Layer_0
  62
0
  66
1
  10
0
  20
0
  30
0
  0
VERTEX
  5
24bf
  8
Layer_0
  10
-588.56415
  20
-1220.9813
  0
VERTEX
  5
24c0
  8
Layer_0
  10
-1088.5642
  20
-1220.9813
  0
VERTEX
  5
24c1
  8
Layer_0
  10
-1088.5642
  20
-1170.9813
  0
VERTEX
  5
24c2
  8
Layer_0
  10
-588.56415
  20
-1170.9813
  0
VERTEX
  5
24c3
  8
Layer_0
  10
-588.56415
  20
-1220.9813
  0
SEQEND
  0
POLYLINE
  5
24c5
  8
Layer_0
  62
0
  66
1
  10
0
  20
0
  30
0
  0
VERTEX
  5
24c5
  8
Layer_0
  10
-1026.6758
  20
-1251.2822
  0
VERTEX
  5
24c6
  8
Layer_0
  10
-1026.3442
  20
-1250.9414
  42
0.080797388
  0
VERTEX
  5
24c7
  8
Layer_0
  10
-1024.752
  20
-1248.4976
  42
0.044499929
  0
VERTEX
  5
24c8
  8
Layer_0
  10
-1028.3657
  20
-1245.5425
  0
VERTEX
  5
24c9
  8
Layer_0
  10
-1030.6885
  20
-1248.8008
  0
VERTEX
  5
24ca
  8
Layer_0
  10
-1029.687
  20
-1249.5156
  42
-0.023764816
  0
VERTEX
  5
24cb
  8
Layer_0
  10
-1027.0264
  20
-1251.604
  0
VERTEX
  5
24cc
  8
Layer_0
  10
-1026.6758
  20
-1251.2822
  0
SEQEND
  0
POLYLINE
  5
24ce
  8
Layer_0
  62
0
  66
1
  10
0
  20
0
  30
0
  0
VERTEX
  5
24ce
  8
Layer_0
  10
-831.90332
  20
-1267.27
  42
-0.085597802
  0
VERTEX
  5
24cf
  8
Layer_0
  10
-834.73584
  20
-1266.8594
  42
-0.24522997
  0
VERTEX
  5
24d0
  8
Layer_0
  10
-835.81494
  20
-1265.5674
  0
VERTEX
  5
24d1
  8
Layer_0
  10
-835.87793
  20
-1265.2407
  0
VERTEX
  5
24d2
  8
Layer_0
  10
-836.00391
  20
-1265.1143
  0
VERTEX
  5
24d3
  8
Layer_0
  10
-837.39258
  20
-1266.2266
  42
0.053661966
  0
VERTEX
  5
24d4
  8
Layer_0
  10
-837.35449
  20
-1268.8242
  42
0.17810634
  0
VERTEX
  5
24d5
  8
Layer_0
  10
-835.95654
  20
-1271.4009
  42
0.11374792
  0
VERTEX
  5
24d6
  8
Layer_0
  10
-834.12793
  20
-1272.1108
  42
0.066815347
  0
VERTEX
  5
24d7
  8
Layer_0
  10
-829.61328
  20
-1272.2148
  42
0.23879964
  0
VERTEX
  5
24d8
  8
Layer_0
  10
-825.80176
  20
-1269.416
  42
0.12153405
  0
VERTEX
  5
24d9
  8
Layer_0
  10
-823.98145
  20
-1261.7827
  42
0.012565296
  0
VERTEX
  5
24da
  8
Layer_0
  10
-824.13281
  20
-1254.9888
  0
VERTEX
  5
24db
  8
Layer_0
  10
-821.88477
  20
-1253.271
  0
VERTEX
  5
24dc
  8
Layer_0
  10
-822.21631
  20
-1252.7173
  42
-0.04681847
  0
VERTEX
  5
24dd
  8
Layer_0
  10
-824.26416
  20
-1248.5981
  42
-0.082294608
  0
VERTEX
  5
24de
  8
Layer_0
  10
-824.66309
  20
-1246.5273
  0
VERTEX
  5
24df
  8
Layer_0
  10
-824.96338
  20
-1246.3257
  42
0.079303075
  0
VERTEX
  5
24e0
  8
Layer_0
  10
-827.09961
  20
-1248.457
  42
0.14882765
  0
VERTEX
  5
24e1
  8
Layer_0
  10
-827.6084
  20
-1250.7544
  42
0.0029717749
  0
VERTEX
  5
24e2
  8
Layer_0
  10
-827.14795
  20
-1255.8584
  0
VERTEX
  5
24e3
  8
Layer_0
  10
-827.09814
  20
-1256.48
  42
-0.027588161
  0
VERTEX
  5
24e4
  8
Layer_0
  10
-826.80664
  20
-1265.0068
  42
-0.13361916
  0
VERTEX
  5
24e5
  8
Layer_0
  10
-827.07178
  20
-1266.0552
  42
-0.1082105
  0
VERTEX
  5
24e6
  8
Layer_0
  10
-827.85303
  20
-1266.6987
  42
-0.094813864
  0
VERTEX
  5
24e7
  8
Layer_0
  10
-829.6582
  20
-1267.2046
  42
-0.02261225
  0
VERTEX
  5
24e8
  8
Layer_0
  10
-831.90332
  20
-1267.27
  0
SEQEND
  0
POLYLINE
  5
24ea
  8
Layer_0
  62
0
  66
1
  10
0
  20
0
  30
0
  0
VERTEX
  5
24ea
  8
Layer_0
  10
-769.87646
  20
-1281.4995
  42
0.14600444
  0
VERTEX
  5
24eb
  8
Layer_0
  10
-766.73047
  20
-1280.1567
  42
0.10570215
  0
VERTEX
  5
24ec
  8
Layer_0
  10
-763.61768
  20
-1276.2075
  42
0.062194939
  0
VERTEX
  5
24ed
  8
Layer_0
  10
-762.18408
  20
-1272.3115
  0
VERTEX
  5
24ee
  8
Layer_0
  10
-760.28955
  20
-1272.3115
  0
VERTEX
  5
24ef
  8
Layer_0
  10
-760.28955
  20
-1272.311
  0
VERTEX
  5
24f0
  8
Layer_0
  10
-760.28662
  20
-1272.3115
  42
0.095359653
  0
VERTEX
  5
24f1
  8
Layer_0
  10
-757.72852
  20
-1271.9487
  42
0.18160546
  0
VERTEX
  5
24f2
  8
Layer_0
  10
-754.93701
  20
-1269.416
  42
0.12141074
  0
VERTEX
  5
24f3
  8
Layer_0
  10
-753.1167
  20
-1261.7827
  42
0.012428738
  0
VERTEX
  5
24f4
  8
Layer_0
  10
-753.26807
  20
-1254.9888
  0
VERTEX
  5
24f5
  8
Layer_0
  10
-751.02051
  20
-1253.271
  0
VERTEX
  5
24f6
  8
Layer_0
  10
-751.35205
  20
-1252.7173
  42
-0.037423683
  0
VERTEX
  5
24f7
  8
Layer_0
  10
-753.25684
  20
-1248.9868
  42
-0.092647957
  0
VERTEX
  5
24f8
  8
Layer_0
  10
-753.79883
  20
-1246.5273
  0
VERTEX
  5
24f9
  8
Layer_0
  10
-754.09863
  20
-1246.3257
  42
0.079403183
  0
VERTEX
  5
24fa
  8
Layer_0
  10
-756.23535
  20
-1248.457
  42
0.14897545
  0
VERTEX
  5
24fb
  8
Layer_0
  10
-756.74365
  20
-1250.7544
  42
0.0090845848
  0
VERTEX
  5
24fc
  8
Layer_0
  10
-756.38428
  20
-1254.6943
  0
VERTEX
  5
24fd
  8
Layer_0
  10
-756.33398
  20
-1255.2632
  42
-0.025770044
  0
VERTEX
  5
24fe
  8
Layer_0
  10
-755.92383
  20
-1264.6333
  42
-0.086363495
  0
VERTEX
  5
24ff
  8
Layer_0
  10
-756.09814
  20
-1265.8477
  42
-0.096709908
  0
VERTEX
  5
2500
  8
Layer_0
  10
-756.34668
  20
-1266.228
  42
-0.12972088
  0
VERTEX
  5
2501
  8
Layer_0
  10
-757.80811
  20
-1267.0205
  42
-0.067400595
  0
VERTEX
  5
2502
  8
Layer_0
  10
-760.28955
  20
-1267.2637
  0
VERTEX
  5
2503
  8
Layer_0
  10
-760.28955
  20
-1267.2632
  0
VERTEX
  5
2504
  8
Layer_0
  10
-762.00732
  20
-1267.2632
  0
VERTEX
  5
2505
  8
Layer_0
  10
-762.20508
  20
-1266.2993
  42
0.056140439
  0
VERTEX
  5
2506
  8
Layer_0
  10
-763.49658
  20
-1262.3296
  42
0.071333817
  0
VERTEX
  5
2507
  8
Layer_0
  10
-764.70264
  20
-1260.4038
  42
0.22297614
  0
VERTEX
  5
2508
  8
Layer_0
  10
-767.66455
  20
-1258.9541
  42
0.17106771
  0
VERTEX
  5
2509
  8
Layer_0
  10
-770.52637
  20
-1260.0425
  42
0.15035951
  0
VERTEX
  5
250a
  8
Layer_0
  10
-773.35547
  20
-1264.2256
  42
0.15380092
  0
VERTEX
  5
250b
  8
Layer_0
  10
-773.17578
  20
-1268.7905
  42
0.19487206
  0
VERTEX
  5
250c
  8
Layer_0
  10
-770.85449
  20
-1271.2974
  42
0.1016934
  0
VERTEX
  5
250d
  8
Layer_0
  10
-766.91602
  20
-1272.2783
  42
0.019548728
  0
VERTEX
  5
250e
  8
Layer_0
  10
-764.88672
  20
-1272.3115
  42
-0.085013563
  0
VERTEX
  5
250f
  8
Layer_0
  10
-766.40674
  20
-1274.2881
  42
-0.084293624
  0
VERTEX
  5
2510
  8
Layer_0
  10
-770.91602
  20
-1277.3843
  42
-0.15190326
  0
VERTEX
  5
2511
  8
Layer_0
  10
-775.35547
  20
-1277.9824
  42
-0.054077708
  0
VERTEX
  5
2512
  8
Layer_0
  10
-777.2085
  20
-1277.3911
  0
VERTEX
  5
2513
  8
Layer_0
  10
-777.78955
  20
-1278.7295
  42
0.07624478
  0
VERTEX
  5
2514
  8
Layer_0
  10
-773.00781
  20
-1281.124
  42
0.093941953
  0
VERTEX
  5
2515
  8
Layer_0
  10
-769.87646
  20
-1281.4995
  0
SEQEND
  0
POLYLINE
  5
2517
  8
Layer_0
  62
0
  66
1
  10
0
  20
0
  30
0
  0
VERTEX
  5
2517
  8
Layer_0
  10
-695.64844
  20
-1272.3096
  42
0.10544233
  0
VERTEX
  5
2518
  8
Layer_0
  10
-688.96094
  20
-1271.0977
  0
VERTEX
  5
2519
  8
Layer_0
  10
-688.20557
  20
-1270.7466
  0
VERTEX
  5
251a
  8
Layer_0
  10
-687.77734
  20
-1270.8955
  42
0.035829157
  0
VERTEX
  5
251b
  8
Layer_0
  10
-683.87988
  20
-1271.9927
  42
0.046985738
  0
VERTEX
  5
251c
  8
Layer_0
  10
-679.10254
  20
-1272.3115
  42
0.12704841
  0
VERTEX
  5
251d
  8
Layer_0
  10
-676.74414
  20
-1271.8633
  42
0.17372135
  0
VERTEX
  5
251e
  8
Layer_0
  10
-674.74902
  20
-1269.6748
  0
VERTEX
  5
251f
  8
Layer_0
  10
-674.60742
  20
-1269.3311
  0
VERTEX
  5
2520
  8
Layer_0
  10
-674.53174
  20
-1269.3311
  0
VERTEX
  5
2521
  8
Layer_0
  10
-674.09961
  20
-1269.6587
  42
0.10386977
  0
VERTEX
  5
2522
  8
Layer_0
  10
-669.39697
  20
-1271.9063
  42
0.094564355
  0
VERTEX
  5
2523
  8
Layer_0
  10
-667.26465
  20
-1272.0278
  42
0.13036108
  0
VERTEX
  5
2524
  8
Layer_0
  10
-665.78125
  20
-1271.3848
  42
0.12123912
  0
VERTEX
  5
2525
  8
Layer_0
  10
-664.24951
  20
-1269.3799
  42
0.08315552
  0
VERTEX
  5
2526
  8
Layer_0
  10
-663.59766
  20
-1267.2886
  42
0.11283704
  0
VERTEX
  5
2527
  8
Layer_0
  10
-665.18506
  20
-1260.8911
  42
0.11782345
  0
VERTEX
  5
2528
  8
Layer_0
  10
-667.14063
  20
-1258.6499
  42
0.25150145
  0
VERTEX
  5
2529
  8
Layer_0
  10
-670.9126
  20
-1258.4106
  42
0.19344799
  0
VERTEX
  5
252a
  8
Layer_0
  10
-674.2583
  20
-1262.1128
  42
0.0037050352
  0
VERTEX
  5
252b
  8
Layer_0
  10
-675.19238
  20
-1264.7324
  0
VERTEX
  5
252c
  8
Layer_0
  10
-675.30615
  20
-1265.0293
  42
-0.23544038
  0
VERTEX
  5
252d
  8
Layer_0
  10
-677.59033
  20
-1267.0864
  42
-0.080821561
  0
VERTEX
  5
252e
  8
Layer_0
  10
-679.08936
  20
-1267.2632
  42
-0.037458658
  0
VERTEX
  5
252f
  8
Layer_0
  10
-683.10303
  20
-1266.9351
  42
0.074337104
  0
VERTEX
  5
2530
  8
Layer_0
  10
-681.89014
  20
-1263.0957
  42
0.11920579
  0
VERTEX
  5
2531
  8
Layer_0
  10
-682.31885
  20
-1258.4634
  42
0.074671075
  0
VERTEX
  5
2532
  8
Layer_0
  10
-683.53223
  20
-1256.2578
  42
0.10313544
  0
VERTEX
  5
2533
  8
Layer_0
  10
-684.7002
  20
-1255.2451
  42
0.18859043
  0
VERTEX
  5
2534
  8
Layer_0
  10
-686.72412
  20
-1255.1333
  42
0.078552868
  0
VERTEX
  5
2535
  8
Layer_0
  10
-688.17041
  20
-1255.8335
  42
0.13337563
  0
VERTEX
  5
2536
  8
Layer_0
  10
-691.69336
  20
-1259.917
  42
0.11855892
  0
VERTEX
  5
2537
  8
Layer_0
  10
-692.46484
  20
-1264.0762
  42
0.053632696
  0
VERTEX
  5
2538
  8
Layer_0
  10
-692.06885
  20
-1266.9604
  42
-0.056919811
  0
VERTEX
  5
2539
  8
Layer_0
  10
-695.62939
  20
-1267.2632
  0
VERTEX
  5
253a
  8
Layer_0
  10
-695.64844
  20
-1267.2651
  0
VERTEX
  5
253b
  8
Layer_0
  10
-695.64844
  20
-1267.2632
  42
-0.079838212
  0
VERTEX
  5
253c
  8
Layer_0
  10
-697.48877
  20
-1267.0898
  42
-0.27637608
  0
VERTEX
  5
253d
  8
Layer_0
  10
-699.11719
  20
-1265.4731
  42
-0.073485604
  0
VERTEX
  5
253e
  8
Layer_0
  10
-699.31055
  20
-1263.8789
  42
-0.0022295041
  0
VERTEX
  5
253f
  8
Layer_0
  10
-699.26416
  20
-1259.0435
  0
VERTEX
  5
2540
  8
Layer_0
  10
-699.26025
  20
-1257.8174
  42
0.021455379
  0
VERTEX
  5
2541
  8
Layer_0
  10
-699.58057
  20
-1247.894
  0
VERTEX
  5
2542
  8
Layer_0
  10
-699.71436
  20
-1246.5024
  0
VERTEX
  5
2543
  8
Layer_0
  10
-700.06738
  20
-1246.3257
  42
0.026687868
  0
VERTEX
  5
2544
  8
Layer_0
  10
-702.96973
  20
-1249.1289
  0
VERTEX
  5
2545
  8
Layer_0
  10
-702.81494
  20
-1250.7144
  42
-0.017858483
  0
VERTEX
  5
2546
  8
Layer_0
  10
-702.04199
  20
-1266.0947
  0
VERTEX
  5
2547
  8
Layer_0
  10
-702.01123
  20
-1266.5259
  42
0.099799764
  0
VERTEX
  5
2548
  8
Layer_0
  10
-701.19824
  20
-1269.6616
  42
0.14221652
  0
VERTEX
  5
2549
  8
Layer_0
  10
-699.45215
  20
-1271.4927
  42
0.12146631
  0
VERTEX
  5
254a
  8
Layer_0
  10
-696.71777
  20
-1272.2983
  42
0.010310968
  0
VERTEX
  5
254b
  8
Layer_0
  10
-695.64844
  20
-1272.3115
  0
VERTEX
  5
254c
  8
Layer_0
  10
-695.64844
  20
-1272.3096
  0
SEQEND
  0
POLYLINE
  5
254e
  8
Layer_0
  62
0
  66
1
  10
0
  20
0
  30
0
  0
VERTEX
  5
254e
  8
Layer_0
  10
-817.14063
  20
-1272.2656
  42
0.043576205
  0
VERTEX
  5
254f
  8
Layer_0
  10
-815.58154
  20
-1269.8794
  42
0.073666758
  0
VERTEX
  5
2550
  8
Layer_0
  10
-815.13184
  20
-1267.9497
  42
0.027951295
  0
VERTEX
  5
2551
  8
Layer_0
  10
-814.89893
  20
-1262.5879
  42
0.019451199
  0
VERTEX
  5
2552
  8
Layer_0
  10
-815.31152
  20
-1249.1592
  0
VERTEX
  5
2553
  8
Layer_0
  10
-815.47949
  20
-1247.1304
  0
VERTEX
  5
2554
  8
Layer_0
  10
-815.9082
  20
-1246.9033
  42
0.025747833
  0
VERTEX
  5
2555
  8
Layer_0
  10
-818.83594
  20
-1250.1108
  0
VERTEX
  5
2556
  8
Layer_0
  10
-818.62549
  20
-1252.1797
  42
-0.028640338
  0
VERTEX
  5
2557
  8
Layer_0
  10
-818.01514
  20
-1269.0493
  42
-0.027365541
  0
VERTEX
  5
2558
  8
Layer_0
  10
-818.30566
  20
-1272.6147
  0
VERTEX
  5
2559
  8
Layer_0
  10
-817.75
  20
-1273.0186
  0
VERTEX
  5
255a
  8
Layer_0
  10
-817.14063
  20
-1272.2656
  0
SEQEND
  0
POLYLINE
  5
255c
  8
Layer_0
  62
0
  66
1
  10
0
  20
0
  30
0
  0
VERTEX
  5
255c
  8
Layer_0
  10
-683.97656
  20
-1252.6289
  42
0.069911457
  0
VERTEX
  5
255d
  8
Layer_0
  10
-681.86719
  20
-1250.3413
  42
0.052728411
  0
VERTEX
  5
255e
  8
Layer_0
  10
-684.74414
  20
-1247.2095
  0
VERTEX
  5
255f
  8
Layer_0
  10
-687.2959
  20
-1249.9121
  0
VERTEX
  5
2560
  8
Layer_0
  10
-686.54297
  20
-1250.6514
  42
-0.011113537
  0
VERTEX
  5
2561
  8
Layer_0
  10
-684.33984
  20
-1252.9175
  0
VERTEX
  5
2562
  8
Layer_0
  10
-683.97656
  20
-1252.6289
  0
SEQEND
  0
POLYLINE
  5
2564
  8
Layer_0
  62
0
  66
1
  10
0
  20
0
  30
0
  0
VERTEX
  5
2564
  8
Layer_0
  10
-689.30859
  20
-1252.856
  42
0.070328226
  0
VERTEX
  5
2565
  8
Layer_0
  10
-687.19482
  20
-1250.5688
  42
0.052547384
  0
VERTEX
  5
2566
  8
Layer_0
  10
-690.07568
  20
-1247.437
  0
VERTEX
  5
2567
  8
Layer_0
  10
-692.62354
  20
-1250.1392
  0
VERTEX
  5
2568
  8
Layer_0
  10
-691.87207
  20
-1250.8789
  42
-0.010753473
  0
VERTEX
  5
2569
  8
Layer_0
  10
-689.67139
  20
-1253.145
  0
VERTEX
  5
256a
  8
Layer_0
  10
-689.30859
  20
-1252.856
  0
SEQEND
  0
POLYLINE
  5
256c
  8
Layer_0
  62
0
  66
1
  10
0
  20
0
  30
0
  0
VERTEX
  5
256c
  8
Layer_0
  10
-865.08447
  20
-1253.4194
  42
0.07734113
  0
VERTEX
  5
256d
  8
Layer_0
  10
-863.10596
  20
-1251.0234
  42
0.050104047
  0
VERTEX
  5
256e
  8
Layer_0
  10
-866.13623
  20
-1248.043
  0
VERTEX
  5
256f
  8
Layer_0
  10
-868.53564
  20
-1250.897
  0
VERTEX
  5
2570
  8
Layer_0
  10
-867.74463
  20
-1251.5947
  42
-0.012641682
  0
VERTEX
  5
2571
  8
Layer_0
  10
-865.4292
  20
-1253.7256
  0
VERTEX
  5
2572
  8
Layer_0
  10
-865.08447
  20
-1253.4194
  0
SEQEND
  0
POLYLINE
  5
2574
  8
Layer_0
  62
0
  66
1
  10
0
  20
0
  30
0
  0
VERTEX
  5
2574
  8
Layer_0
  10
-933.37598
  20
-1272.7173
  42
0.11061694
  0
VERTEX
  5
2575
  8
Layer_0
  10
-930.41602
  20
-1271.8882
  42
0.15336961
  0
VERTEX
  5
2576
  8
Layer_0
  10
-927.22217
  20
-1268.3574
  42
0.065202333
  0
VERTEX
  5
2577
  8
Layer_0
  10
-926.0791
  20
-1264.9644
  42
0.11410681
  0
VERTEX
  5
2578
  8
Layer_0
  10
-926.32031
  20
-1255.7095
  42
0.081273161
  0
VERTEX
  5
2579
  8
Layer_0
  10
-927.96094
  20
-1252.0547
  42
0.15166148
  0
VERTEX
  5
257a
  8
Layer_0
  10
-931.27832
  20
-1249.3979
  42
0.18702307
  0
VERTEX
  5
257b
  8
Layer_0
  10
-937.02686
  20
-1249.5854
  42
0.15766672
  0
VERTEX
  5
257c
  8
Layer_0
  10
-940.43555
  20
-1252.8945
  42
0.074865255
  0
VERTEX
  5
257d
  8
Layer_0
  10
-941.83545
  20
-1256.7393
  42
0.11611884
  0
VERTEX
  5
257e
  8
Layer_0
  10
-941.60596
  20
-1265.981
  42
0.081620935
  0
VERTEX
  5
257f
  8
Layer_0
  10
-939.95459
  20
-1269.6323
  42
0.15135628
  0
VERTEX
  5
2580
  8
Layer_0
  10
-936.60498
  20
-1272.2935
  42
0.10244091
  0
VERTEX
  5
2581
  8
Layer_0
  10
-933.37598
  20
-1272.7173
  0
SEQEND
  0
POLYLINE
  5
2583
  8
Layer_0
  62
0
  66
1
  10
0
  20
0
  30
0
  0
VERTEX
  5
2583
  8
Layer_0
  10
-843.81104
  20
-1254.793
  42
0.095050299
  0
VERTEX
  5
2584
  8
Layer_0
  10
-841.88818
  20
-1252.0083
  42
0.044534831
  0
VERTEX
  5
2585
  8
Layer_0
  10
-845.5
  20
-1249.0532
  0
VERTEX
  5
2586
  8
Layer_0
  10
-847.82373
  20
-1252.3115
  0
VERTEX
  5
2587
  8
Layer_0
  10
-846.82178
  20
-1253.0264
  42
-0.023786793
  0
VERTEX
  5
2588
  8
Layer_0
  10
-844.16113
  20
-1255.1147
  0
VERTEX
  5
2589
  8
Layer_0
  10
-843.81104
  20
-1254.793
  0
SEQEND
  0
POLYLINE
  5
258b
  8
Layer_0
  62
0
  66
1
  10
0
  20
0
  30
0
  0
VERTEX
  5
258b
  8
Layer_0
  10
-1065.9907
  20
-1272.7266
  42
0.096710626
  0
VERTEX
  5
258c
  8
Layer_0
  10
-1061.4854
  20
-1271.4805
  42
0.10116298
  0
VERTEX
  5
258d
  8
Layer_0
  10
-1057.3311
  20
-1268.4487
  42
0.18339236
  0
VERTEX
  5
258e
  8
Layer_0
  10
-1055.6152
  20
-1264.0034
  42
0.25081787
  0
VERTEX
  5
258f
  8
Layer_0
  10
-1058.2515
  20
-1259.229
  42
0.12734605
  0
VERTEX
  5
2590
  8
Layer_0
  10
-1061.957
  20
-1257.9336
  42
0.097769312
  0
VERTEX
  5
2591
  8
Layer_0
  10
-1065.2158
  20
-1258.1895
  42
0.034429195
  0
VERTEX
  5
2592
  8
Layer_0
  10
-1068.0386
  20
-1259.0786
  0
VERTEX
  5
2593
  8
Layer_0
  10
-1067.0029
  20
-1253.3691
  0
VERTEX
  5
2594
  8
Layer_0
  10
-1057.4072
  20
-1253.3691
  0
VERTEX
  5
2595
  8
Layer_0
  10
-1056.1704
  20
-1249.7603
  0
VERTEX
  5
2596
  8
Layer_0
  10
-1056.3726
  20
-1249.4067
  0
VERTEX
  5
2597
  8
Layer_0
  10
-1068.3667
  20
-1249.4067
  0
VERTEX
  5
2598
  8
Layer_0
  10
-1070.0591
  20
-1261.2495
  0
VERTEX
  5
2599
  8
Layer_0
  10
-1069.9028
  20
-1261.1914
  42
-0.077254202
  0
VERTEX
  5
259a
  8
Layer_0
  10
-1065.917
  20
-1260.4912
  42
-0.085717647
  0
VERTEX
  5
259b
  8
Layer_0
  10
-1063.625
  20
-1260.8789
  42
-0.24973584
  0
VERTEX
  5
259c
  8
Layer_0
  10
-1060.6094
  20
-1264.2261
  42
-0.13875014
  0
VERTEX
  5
259d
  8
Layer_0
  10
-1060.7153
  20
-1268.2109
  42
-0.1261057
  0
VERTEX
  5
259e
  8
Layer_0
  10
-1061.7183
  20
-1269.8525
  42
-0.1574802
  0
VERTEX
  5
259f
  8
Layer_0
  10
-1063.4204
  20
-1270.5918
  42
-0.14309445
  0
VERTEX
  5
25a0
  8
Layer_0
  10
-1066.269
  20
-1270.0186
  42
-0.069634487
  0
VERTEX
  5
25a1
  8
Layer_0
  10
-1068.854
  20
-1268.209
  0
VERTEX
  5
25a2
  8
Layer_0
  10
-1069.0322
  20
-1268.0776
  42
0.33992278
  0
VERTEX
  5
25a3
  8
Layer_0
  10
-1070.0337
  20
-1268.0454
  42
0.17094628
  0
VERTEX
  5
25a4
  8
Layer_0
  10
-1071.2437
  20
-1269.7983
  42
0.25961977
  0
VERTEX
  5
25a5
  8
Layer_0
  10
-1070.8022
  20
-1271.1455
  42
0.11325799
  0
VERTEX
  5
25a6
  8
Layer_0
  10
-1069.106
  20
-1272.2339
  42
0.10603421
  0
VERTEX
  5
25a7
  8
Layer_0
  10
-1065.9907
  20
-1272.7266
  0
SEQEND
  0
POLYLINE
  5
25a9
  8
Layer_0
  62
0
  66
1
  10
0
  20
0
  30
0
  0
VERTEX
  5
25a9
  8
Layer_0
  10
-955.29736
  20
-1272.7266
  42
0.096708584
  0
VERTEX
  5
25aa
  8
Layer_0
  10
-950.79199
  20
-1271.4805
  42
0.10117386
  0
VERTEX
  5
25ab
  8
Layer_0
  10
-946.6377
  20
-1268.4487
  42
0.18339751
  0
VERTEX
  5
25ac
  8
Layer_0
  10
-944.92188
  20
-1264.0034
  42
0.25082026
  0
VERTEX
  5
25ad
  8
Layer_0
  10
-947.55811
  20
-1259.229
  42
0.12734789
  0
VERTEX
  5
25ae
  8
Layer_0
  10
-951.26367
  20
-1257.9336
  42
0.097768879
  0
VERTEX
  5
25af
  8
Layer_0
  10
-954.52246
  20
-1258.1895
  42
0.034417724
  0
VERTEX
  5
25b0
  8
Layer_0
  10
-957.34521
  20
-1259.0786
  0
VERTEX
  5
25b1
  8
Layer_0
  10
-956.30957
  20
-1253.3691
  0
VERTEX
  5
25b2
  8
Layer_0
  10
-946.71387
  20
-1253.3691
  0
VERTEX
  5
25b3
  8
Layer_0
  10
-945.47705
  20
-1249.7603
  0
VERTEX
  5
25b4
  8
Layer_0
  10
-945.6792
  20
-1249.4067
  0
VERTEX
  5
25b5
  8
Layer_0
  10
-957.67334
  20
-1249.4067
  0
VERTEX
  5
25b6
  8
Layer_0
  10
-959.36572
  20
-1261.2495
  0
VERTEX
  5
25b7
  8
Layer_0
  10
-959.20947
  20
-1261.1914
  42
-0.077253505
  0
VERTEX
  5
25b8
  8
Layer_0
  10
-955.22363
  20
-1260.4912
  42
-0.085717066
  0
VERTEX
  5
25b9
  8
Layer_0
  10
-952.93164
  20
-1260.8789
  42
-0.24975652
  0
VERTEX
  5
25ba
  8
Layer_0
  10
-949.91602
  20
-1264.2261
  42
-0.1387907
  0
VERTEX
  5
25bb
  8
Layer_0
  10
-950.02197
  20
-1268.2109
  42
-0.1258377
  0
VERTEX
  5
25bc
  8
Layer_0
  10
-951.02441
  20
-1269.8525
  42
-0.15732022
  0
VERTEX
  5
25bd
  8
Layer_0
  10
-952.72705
  20
-1270.5918
  42
-0.14310888
  0
VERTEX
  5
25be
  8
Layer_0
  10
-955.57568
  20
-1270.0186
  42
-0.069630792
  0
VERTEX
  5
25bf
  8
Layer_0
  10
-958.16064
  20
-1268.209
  0
VERTEX
  5
25c0
  8
Layer_0
  10
-958.33887
  20
-1268.0776
  42
0.33978707
  0
VERTEX
  5
25c1
  8
Layer_0
  10
-959.34033
  20
-1268.0454
  42
0.17090644
  0
VERTEX
  5
25c2
  8
Layer_0
  10
-960.55029
  20
-1269.7983
  42
0.25956654
  0
VERTEX
  5
25c3
  8
Layer_0
  10
-960.10889
  20
-1271.1455
  42
0.11325207
  0
VERTEX
  5
25c4
  8
Layer_0
  10
-958.4126
  20
-1272.2339
  42
0.10601184
  0
VERTEX
  5
25c5
  8
Layer_0
  10
-955.29736
  20
-1272.7266
  0
SEQEND
  0
POLYLINE
  5
25c7
  8
Layer_0
  62
0
  66
1
  10
0
  20
0
  30
0
  0
VERTEX
  5
25c7
  8
Layer_0
  10
-934.2002
  20
-1271.165
  42
-0.19111731
  0
VERTEX
  5
25c8
  8
Layer_0
  10
-935.45313
  20
-1270.2588
  42
-0.072176394
  0
VERTEX
  5
25c9
  8
Layer_0
  10
-936.31494
  20
-1268.2642
  42
-0.039714756
  0
VERTEX
  5
25ca
  8
Layer_0
  10
-936.84766
  20
-1265.5938
  42
-0.064598807
  0
VERTEX
  5
25cb
  8
Layer_0
  10
-936.73682
  20
-1254.7773
  42
-0.080025213
  0
VERTEX
  5
25cc
  8
Layer_0
  10
-935.77783
  20
-1251.6982
  42
-0.13419739
  0
VERTEX
  5
25cd
  8
Layer_0
  10
-934.88525
  20
-1250.7344
  42
-0.3174865
  0
VERTEX
  5
25ce
  8
Layer_0
  10
-932.89697
  20
-1250.8901
  42
-0.12535453
  0
VERTEX
  5
25cf
  8
Layer_0
  10
-931.89697
  20
-1252.3784
  42
-0.064745904
  0
VERTEX
  5
25d0
  8
Layer_0
  10
-931.06055
  20
-1255.7925
  42
-0.064627722
  0
VERTEX
  5
25d1
  8
Layer_0
  10
-931.17627
  20
-1266.8433
  42
-0.079353379
  0
VERTEX
  5
25d2
  8
Layer_0
  10
-932.14551
  20
-1269.9761
  42
-0.13395635
  0
VERTEX
  5
25d3
  8
Layer_0
  10
-933.04248
  20
-1270.9551
  42
-0.18793206
  0
VERTEX
  5
25d4
  8
Layer_0
  10
-934.2002
  20
-1271.165
  0
SEQEND
  0
POLYLINE
  5
25d6
  8
Layer_0
  62
0
  66
1
  10
0
  20
0
  30
0
  0
VERTEX
  5
25d6
  8
Layer_0
  10
-861.7002
  20
-1258.7231
  42
0.077277724
  0
VERTEX
  5
25d7
  8
Layer_0
  10
-859.72168
  20
-1256.3271
  42
0.050104417
  0
VERTEX
  5
25d8
  8
Layer_0
  10
-862.75244
  20
-1253.3467
  0
VERTEX
  5
25d9
  8
Layer_0
  10
-865.15137
  20
-1256.2007
  0
VERTEX
  5
25da
  8
Layer_0
  10
-864.36084
  20
-1256.8984
  42
-0.012581928
  0
VERTEX
  5
25db
  8
Layer_0
  10
-862.04541
  20
-1259.0298
  0
VERTEX
  5
25dc
  8
Layer_0
  10
-861.7002
  20
-1258.7231
  0
SEQEND
  0
POLYLINE
  5
25de
  8
Layer_0
  62
0
  66
1
  10
0
  20
0
  30
0
  0
VERTEX
  5
25de
  8
Layer_0
  10
-1031.6367
  20
-1281.2734
  42
0.040810675
  0
VERTEX
  5
25df
  8
Layer_0
  10
-1029.2856
  20
-1280.9263
  42
0.14799759
  0
VERTEX
  5
25e0
  8
Layer_0
  10
-1020.9639
  20
-1276.0527
  42
0.13630698
  0
VERTEX
  5
25e1
  8
Layer_0
  10
-1019.5332
  20
-1270.3999
  42
0.23240428
  0
VERTEX
  5
25e2
  8
Layer_0
  10
-1020.7607
  20
-1268.3667
  42
0.053360555
  0
VERTEX
  5
25e3
  8
Layer_0
  10
-1021.7715
  20
-1267.8188
  0
VERTEX
  5
25e4
  8
Layer_0
  10
-1021.5972
  20
-1267.5005
  42
0.12189561
  0
VERTEX
  5
25e5
  8
Layer_0
  10
-1020.9409
  20
-1264.7852
  42
0.078184573
  0
VERTEX
  5
25e6
  8
Layer_0
  10
-1022.001
  20
-1258.2085
  42
0.060092362
  0
VERTEX
  5
25e7
  8
Layer_0
  10
-1023.0952
  20
-1255.8047
  42
0.093658634
  0
VERTEX
  5
25e8
  8
Layer_0
  10
-1024.583
  20
-1254.123
  42
0.23619062
  0
VERTEX
  5
25e9
  8
Layer_0
  10
-1027.4971
  20
-1253.6519
  42
0.13887804
  0
VERTEX
  5
25ea
  8
Layer_0
  10
-1029.96
  20
-1255.2715
  42
0.18311167
  0
VERTEX
  5
25eb
  8
Layer_0
  10
-1031.8989
  20
-1260.0645
  42
0.12748658
  0
VERTEX
  5
25ec
  8
Layer_0
  10
-1031.25
  20
-1262.7808
  42
0.13414411
  0
VERTEX
  5
25ed
  8
Layer_0
  10
-1029.8936
  20
-1264.1152
  42
0.10503303
  0
VERTEX
  5
25ee
  8
Layer_0
  10
-1027.4478
  20
-1264.9028
  42
0.091978035
  0
VERTEX
  5
25ef
  8
Layer_0
  10
-1023.3877
  20
-1264.6084
  0
VERTEX
  5
25f0
  8
Layer_0
  10
-1023.2549
  20
-1264.854
  42
-0.15987772
  0
VERTEX
  5
25f1
  8
Layer_0
  10
-1023.1133
  20
-1265.7944
  42
-0.19087768
  0
VERTEX
  5
25f2
  8
Layer_0
  10
-1023.7334
  20
-1266.4141
  42
-0.066719628
  0
VERTEX
  5
25f3
  8
Layer_0
  10
-1025.6289
  20
-1267.0127
  42
-0.028775893
  0
VERTEX
  5
25f4
  8
Layer_0
  10
-1029.4014
  20
-1267.5161
  0
VERTEX
  5
25f5
  8
Layer_0
  10
-1029.876
  20
-1268.3535
  42
0.016848143
  0
VERTEX
  5
25f6
  8
Layer_0
  10
-1031.1426
  20
-1270.9229
  0
VERTEX
  5
25f7
  8
Layer_0
  10
-1030.9409
  20
-1271.3013
  0
VERTEX
  5
25f8
  8
Layer_0
  10
-1029.9473
  20
-1271.3154
  42
-0.034912175
  0
VERTEX
  5
25f9
  8
Layer_0
  10
-1024.1421
  20
-1271.7515
  42
-0.052102763
  0
VERTEX
  5
25fa
  8
Layer_0
  10
-1022.126
  20
-1272.1992
  42
-0.20299656
  0
VERTEX
  5
25fb
  8
Layer_0
  10
-1021.9478
  20
-1272.3374
  42
-0.12010458
  0
VERTEX
  5
25fc
  8
Layer_0
  10
-1022.543
  20
-1272.9111
  42
-0.066290003
  0
VERTEX
  5
25fd
  8
Layer_0
  10
-1026.54
  20
-1275.0088
  42
-0.10195121
  0
VERTEX
  5
25fe
  8
Layer_0
  10
-1032.3018
  20
-1276.0928
  42
-0.11590197
  0
VERTEX
  5
25ff
  8
Layer_0
  10
-1035.9077
  20
-1275.1816
  42
-0.21317864
  0
VERTEX
  5
2600
  8
Layer_0
  10
-1038.8936
  20
-1271.1865
  42
-0.11033862
  0
VERTEX
  5
2601
  8
Layer_0
  10
-1038.9458
  20
-1266.5483
  42
-0.031699198
  0
VERTEX
  5
2602
  8
Layer_0
  10
-1038.3169
  20
-1264.1797
  0
VERTEX
  5
2603
  8
Layer_0
  10
-1039.8569
  20
-1263.5991
  42
0.063422509
  0
VERTEX
  5
2604
  8
Layer_0
  10
-1041.3506
  20
-1269.4419
  42
0.047923116
  0
VERTEX
  5
2605
  8
Layer_0
  10
-1041.4248
  20
-1272.7505
  42
0.10174844
  0
VERTEX
  5
2606
  8
Layer_0
  10
-1040.1079
  20
-1277.1763
  42
0.17205067
  0
VERTEX
  5
2607
  8
Layer_0
  10
-1036.0684
  20
-1280.6855
  42
0.1026961
  0
VERTEX
  5
2608
  8
Layer_0
  10
-1031.6367
  20
-1281.2734
  0
SEQEND
  0
POLYLINE
  5
260a
  8
Layer_0
  62
0
  66
1
  10
0
  20
0
  30
0
  0
VERTEX
  5
260a
  8
Layer_0
  10
-867.23096
  20
-1258.9756
  42
0.077316633
  0
VERTEX
  5
260b
  8
Layer_0
  10
-865.25244
  20
-1256.5796
  42
0.050093499
  0
VERTEX
  5
260c
  8
Layer_0
  10
-868.2832
  20
-1253.5996
  0
VERTEX
  5
260d
  8
Layer_0
  10
-870.68213
  20
-1256.4536
  0
VERTEX
  5
260e
  8
Layer_0
  10
-869.89111
  20
-1257.1514
  42
-0.012438875
  0
VERTEX
  5
260f
  8
Layer_0
  10
-867.57568
  20
-1259.2822
  0
VERTEX
  5
2610
  8
Layer_0
  10
-867.23096
  20
-1258.9756
  0
SEQEND
  0
POLYLINE
  5
2612
  8
Layer_0
  62
0
  66
1
  10
0
  20
0
  30
0
  0
VERTEX
  5
2612
  8
Layer_0
  10
-1024.1709
  20
-1261.0405
  42
-0.053198776
  0
VERTEX
  5
2613
  8
Layer_0
  10
-1027.5391
  20
-1260.6563
  42
-0.14038582
  0
VERTEX
  5
2614
  8
Layer_0
  10
-1029.5903
  20
-1259.5361
  42
-0.39881225
  0
VERTEX
  5
2615
  8
Layer_0
  10
-1029.6191
  20
-1258.1558
  42
-0.20880902
  0
VERTEX
  5
2616
  8
Layer_0
  10
-1027.8105
  20
-1257.2744
  42
-0.24251446
  0
VERTEX
  5
2617
  8
Layer_0
  10
-1025.2891
  20
-1258.3394
  42
-0.092673272
  0
VERTEX
  5
2618
  8
Layer_0
  10
-1023.7412
  20
-1261.0503
  0
VERTEX
  5
2619
  8
Layer_0
  10
-1024.1709
  20
-1261.0405
  0
SEQEND
  0
POLYLINE
  5
261b
  8
Layer_0
  62
0
  66
1
  10
0
  20
0
  30
0
  0
VERTEX
  5
261b
  8
Layer_0
  10
-1095.208
  20
-1272.3008
  42
0.021212473
  0
VERTEX
  5
261c
  8
Layer_0
  10
-1094.3984
  20
-1272.23
  42
0.16389158
  0
VERTEX
  5
261d
  8
Layer_0
  10
-1090.4067
  20
-1270.3174
  0
VERTEX
  5
261e
  8
Layer_0
  10
-1090.3311
  20
-1270.3174
  0
VERTEX
  5
261f
  8
Layer_0
  10
-1090.2656
  20
-1270.5791
  42
0.28743455
  0
VERTEX
  5
2620
  8
Layer_0
  10
-1088.5557
  20
-1272.2061
  42
0.17527521
  0
VERTEX
  5
2621
  8
Layer_0
  10
-1085.8901
  20
-1271.8892
  42
0.094990554
  0
VERTEX
  5
2622
  8
Layer_0
  10
-1083.4624
  20
-1270.0903
  0
VERTEX
  5
2623
  8
Layer_0
  10
-1083.4116
  20
-1270.0903
  0
VERTEX
  5
2624
  8
Layer_0
  10
-1083.2031
  20
-1270.3589
  42
0.12360019
  0
VERTEX
  5
2625
  8
Layer_0
  10
-1081.2568
  20
-1271.9487
  42
0.29644895
  0
VERTEX
  5
2626
  8
Layer_0
  10
-1077.7212
  20
-1271.3867
  42
0.12653051
  0
VERTEX
  5
2627
  8
Layer_0
  10
-1075.3545
  20
-1268.1128
  42
0.0721048
  0
VERTEX
  5
2628
  8
Layer_0
  10
-1074.7319
  20
-1265.8271
  42
0.040701065
  0
VERTEX
  5
2629
  8
Layer_0
  10
-1074.8325
  20
-1262.5811
  42
0.017100913
  0
VERTEX
  5
262a
  8
Layer_0
  10
-1075.2803
  20
-1259.5347
  0
VERTEX
  5
262b
  8
Layer_0
  10
-1075.6338
  20
-1259.3833
  42
0.016929728
  0
VERTEX
  5
262c
  8
Layer_0
  10
-1078.4116
  20
-1262.3384
  0
VERTEX
  5
262d
  8
Layer_0
  10
-1078.2661
  20
-1262.8423
  42
-0.026111209
  0
VERTEX
  5
262e
  8
Layer_0
  10
-1077.4771
  20
-1266.7075
  42
-0.20786933
  0
VERTEX
  5
262f
  8
Layer_0
  10
-1078.1157
  20
-1267.1221
  42
-0.26893982
  0
VERTEX
  5
2630
  8
Layer_0
  10
-1080.5835
  20
-1266.354
  42
-0.19968357
  0
VERTEX
  5
2631
  8
Layer_0
  10
-1081.3154
  20
-1264.3589
  42
-0.081191351
  0
VERTEX
  5
2632
  8
Layer_0
  10
-1080.9116
  20
-1261.9341
  0
VERTEX
  5
2633
  8
Layer_0
  10
-1081.1387
  20
-1261.7573
  42
0.034223839
  0
VERTEX
  5
2634
  8
Layer_0
  10
-1083.0327
  20
-1262.9443
  0
VERTEX
  5
2635
  8
Layer_0
  10
-1083.1631
  20
-1263.5293
  42
-0.0389371
  0
VERTEX
  5
2636
  8
Layer_0
  10
-1083.7412
  20
-1265.395
  42
-0.15981823
  0
VERTEX
  5
2637
  8
Layer_0
  10
-1085.1543
  20
-1266.7837
  42
-0.1129695
  0
VERTEX
  5
2638
  8
Layer_0
  10
-1086.8716
  20
-1267.2632
  42
-0.38087478
  0
VERTEX
  5
2639
  8
Layer_0
  10
-1088.0034
  20
-1266.3418
  42
-0.13327936
  0
VERTEX
  5
263a
  8
Layer_0
  10
-1087.8643
  20
-1265.2373
  42
-0.054276527
  0
VERTEX
  5
263b
  8
Layer_0
  10
-1086.8115
  20
-1263.2036
  0
VERTEX
  5
263c
  8
Layer_0
  10
-1086.4673
  20
-1262.6665
  0
VERTEX
  5
263d
  8
Layer_0
  10
-1086.644
  20
-1262.3887
  42
0.036435809
  0
VERTEX
  5
263e
  8
Layer_0
  10
-1088.917
  20
-1263.3486
  42
0.0018472774
  0
VERTEX
  5
263f
  8
Layer_0
  10
-1089.8545
  20
-1264.6714
  0
VERTEX
  5
2640
  8
Layer_0
  10
-1090.1064
  20
-1265.0146
  42
-0.089240281
  0
VERTEX
  5
2641
  8
Layer_0
  10
-1091.4624
  20
-1266.354
  42
-0.11007588
  0
VERTEX
  5
2642
  8
Layer_0
  10
-1094.04
  20
-1267.1748
  42
-0.047747281
  0
VERTEX
  5
2643
  8
Layer_0
  10
-1096.7925
  20
-1267.2207
  42
-0.16535915
  0
VERTEX
  5
2644
  8
Layer_0
  10
-1098.585
  20
-1266.4014
  42
-0.059931396
  0
VERTEX
  5
2645
  8
Layer_0
  10
-1100.1279
  20
-1264.6602
  0
VERTEX
  5
2646
  8
Layer_0
  10
-1100.6064
  20
-1264.0469
  42
0.036129852
  0
VERTEX
  5
2647
  8
Layer_0
  10
-1106.6641
  20
-1257.3374
  0
VERTEX
  5
2648
  8
Layer_0
  10
-1107.0684
  20
-1257.3345
  0
VERTEX
  5
2649
  8
Layer_0
  10
-1107.2256
  20
-1257.5488
  42
-0.043437136
  0
VERTEX
  5
264a
  8
Layer_0
  10
-1109.3237
  20
-1259.7666
  42
-0.0028002539
  0
VERTEX
  5
264b
  8
Layer_0
  10
-1112.3359
  20
-1262.5366
  0
VERTEX
  5
264c
  8
Layer_0
  10
-1112.9087
  20
-1263.0835
  42
0.047750159
  0
VERTEX
  5
264d
  8
Layer_0
  10
-1114.2573
  20
-1264.5376
  42
0.12546271
  0
VERTEX
  5
264e
  8
Layer_0
  10
-1115.7402
  20
-1268.2334
  42
0.104738
  0
VERTEX
  5
264f
  8
Layer_0
  10
-1115.3721
  20
-1274.3096
  42
0.025520033
  0
VERTEX
  5
2650
  8
Layer_0
  10
-1113.6143
  20
-1279.6235
  0
VERTEX
  5
2651
  8
Layer_0
  10
-1112.688
  20
-1282.0742
  42
-0.010788457
  0
VERTEX
  5
2652
  8
Layer_0
  10
-1111.3809
  20
-1285.7319
  42
-0.027882418
  0
VERTEX
  5
2653
  8
Layer_0
  10
-1110.4517
  20
-1289.2334
  0
VERTEX
  5
2654
  8
Layer_0
  10
-1109.8208
  20
-1289.2334
  42
0.048890478
  0
VERTEX
  5
2655
  8
Layer_0
  10
-1109.1279
  20
-1285.1602
  42
0.080989408
  0
VERTEX
  5
2656
  8
Layer_0
  10
-1109.376
  20
-1283.0938
  42
0.014687596
  0
VERTEX
  5
2657
  8
Layer_0
  10
-1111.1353
  20
-1277.3062
  0
VERTEX
  5
2658
  8
Layer_0
  10
-1111.5181
  20
-1276.1133
  42
-0.016339397
  0
VERTEX
  5
2659
  8
Layer_0
  10
-1112.7891
  20
-1271.7432
  42
-0.0501498
  0
VERTEX
  5
265a
  8
Layer_0
  10
-1113.1563
  20
-1269.4575
  42
-0.18582279
  0
VERTEX
  5
265b
  8
Layer_0
  10
-1112.4331
  20
-1267.5532
  42
-0.031178157
  0
VERTEX
  5
265c
  8
Layer_0
  10
-1111.335
  20
-1266.3511
  0
VERTEX
  5
265d
  8
Layer_0
  10
-1111.2588
  20
-1266.3511
  0
VERTEX
  5
265e
  8
Layer_0
  10
-1111.2041
  20
-1266.9087
  42
0.17823257
  0
VERTEX
  5
265f
  8
Layer_0
  10
-1108.3379
  20
-1272.6689
  42
0.12167264
  0
VERTEX
  5
2660
  8
Layer_0
  10
-1105.7461
  20
-1274.146
  42
0.14536337
  0
VERTEX
  5
2661
  8
Layer_0
  10
-1103.5229
  20
-1274.1421
  42
0.21602808
  0
VERTEX
  5
2662
  8
Layer_0
  10
-1100.9131
  20
-1271.6753
  42
0.052472019
  0
VERTEX
  5
2663
  8
Layer_0
  10
-1100.5508
  20
-1270.4956
  0
VERTEX
  5
2664
  8
Layer_0
  10
-1100.4248
  20
-1270.4956
  0
VERTEX
  5
2665
  8
Layer_0
  10
-1100.2632
  20
-1270.7075
  42
0.179755
  0
VERTEX
  5
2666
  8
Layer_0
  10
-1097.5918
  20
-1272.1909
  42
0.054507925
  0
VERTEX
  5
2667
  8
Layer_0
  10
-1095.208
  20
-1272.3008
  0
SEQEND
  0
POLYLINE
  5
2669
  8
Layer_0
  62
0
  66
1
  10
0
  20
0
  30
0
  0
VERTEX
  5
2669
  8
Layer_0
  10
-984.51465
  20
-1272.3008
  42
0.059501448
  0
VERTEX
  5
266a
  8
Layer_0
  10
-982.59717
  20
-1272.002
  42
0.12218201
  0
VERTEX
  5
266b
  8
Layer_0
  10
-979.71338
  20
-1270.3174
  0
VERTEX
  5
266c
  8
Layer_0
  10
-979.6377
  20
-1270.3174
  0
VERTEX
  5
266d
  8
Layer_0
  10
-979.57227
  20
-1270.5791
  42
0.28739539
  0
VERTEX
  5
266e
  8
Layer_0
  10
-977.8623
  20
-1272.2061
  42
0.17519635
  0
VERTEX
  5
266f
  8
Layer_0
  10
-975.19629
  20
-1271.8892
  42
0.094773116
  0
VERTEX
  5
2670
  8
Layer_0
  10
-972.76855
  20
-1270.0903
  0
VERTEX
  5
2671
  8
Layer_0
  10
-972.71826
  20
-1270.0903
  0
VERTEX
  5
2672
  8
Layer_0
  10
-972.50977
  20
-1270.3589
  42
0.12359518
  0
VERTEX
  5
2673
  8
Layer_0
  10
-970.56348
  20
-1271.9487
  42
0.29637231
  0
VERTEX
  5
2674
  8
Layer_0
  10
-967.02734
  20
-1271.3867
  42
0.12642676
  0
VERTEX
  5
2675
  8
Layer_0
  10
-964.66113
  20
-1268.1128
  42
0.072114973
  0
VERTEX
  5
2676
  8
Layer_0
  10
-964.03857
  20
-1265.8271
  42
0.040767772
  0
VERTEX
  5
2677
  8
Layer_0
  10
-964.13867
  20
-1262.5811
  42
0.016945042
  0
VERTEX
  5
2678
  8
Layer_0
  10
-964.58691
  20
-1259.5347
  0
VERTEX
  5
2679
  8
Layer_0
  10
-964.94043
  20
-1259.3833
  42
0.016930576
  0
VERTEX
  5
267a
  8
Layer_0
  10
-967.71826
  20
-1262.3384
  0
VERTEX
  5
267b
  8
Layer_0
  10
-967.57275
  20
-1262.8423
  42
-0.026111879
  0
VERTEX
  5
267c
  8
Layer_0
  10
-966.78369
  20
-1266.7075
  42
-0.20767814
  0
VERTEX
  5
267d
  8
Layer_0
  10
-967.42236
  20
-1267.1221
  42
-0.26895256
  0
VERTEX
  5
267e
  8
Layer_0
  10
-969.89014
  20
-1266.354
  42
-0.19969897
  0
VERTEX
  5
267f
  8
Layer_0
  10
-970.62207
  20
-1264.3589
  42
-0.08119387
  0
VERTEX
  5
2680
  8
Layer_0
  10
-970.21826
  20
-1261.9341
  0
VERTEX
  5
2681
  8
Layer_0
  10
-970.44531
  20
-1261.7573
  42
0.034182616
  0
VERTEX
  5
2682
  8
Layer_0
  10
-972.33936
  20
-1262.9443
  0
VERTEX
  5
2683
  8
Layer_0
  10
-972.46973
  20
-1263.5293
  42
-0.038942759
  0
VERTEX
  5
2684
  8
Layer_0
  10
-973.04785
  20
-1265.395
  42
-0.15986378
  0
VERTEX
  5
2685
  8
Layer_0
  10
-974.46094
  20
-1266.7837
  42
-0.11297867
  0
VERTEX
  5
2686
  8
Layer_0
  10
-976.17822
  20
-1267.2632
  42
-0.38074101
  0
VERTEX
  5
2687
  8
Layer_0
  10
-977.31006
  20
-1266.3418
  42
-0.13318982
  0
VERTEX
  5
2688
  8
Layer_0
  10
-977.1709
  20
-1265.2373
  42
-0.054269649
  0
VERTEX
  5
2689
  8
Layer_0
  10
-976.11816
  20
-1263.2036
  0
VERTEX
  5
268a
  8
Layer_0
  10
-975.77393
  20
-1262.6665
  0
VERTEX
  5
268b
  8
Layer_0
  10
-975.95068
  20
-1262.3887
  42
0.036439577
  0
VERTEX
  5
268c
  8
Layer_0
  10
-978.22363
  20
-1263.3486
  42
0.0018540218
  0
VERTEX
  5
268d
  8
Layer_0
  10
-979.16113
  20
-1264.6714
  0
VERTEX
  5
268e
  8
Layer_0
  10
-979.41309
  20
-1265.0146
  42
-0.08926783
  0
VERTEX
  5
268f
  8
Layer_0
  10
-980.76904
  20
-1266.354
  42
-0.11008966
  0
VERTEX
  5
2690
  8
Layer_0
  10
-983.34668
  20
-1267.1748
  42
-0.047749632
  0
VERTEX
  5
2691
  8
Layer_0
  10
-986.09912
  20
-1267.2207
  42
-0.16551304
  0
VERTEX
  5
2692
  8
Layer_0
  10
-987.89111
  20
-1266.4014
  42
-0.060111446
  0
VERTEX
  5
2693
  8
Layer_0
  10
-989.43457
  20
-1264.6602
  0
VERTEX
  5
2694
  8
Layer_0
  10
-989.91309
  20
-1264.0469
  42
0.036186325
  0
VERTEX
  5
2695
  8
Layer_0
  10
-995.9707
  20
-1257.3374
  0
VERTEX
  5
2696
  8
Layer_0
  10
-996.375
  20
-1257.3345
  0
VERTEX
  5
2697
  8
Layer_0
  10
-996.53223
  20
-1257.5488
  42
-0.043438517
  0
VERTEX
  5
2698
  8
Layer_0
  10
-998.63037
  20
-1259.7666
  42
-0.0028125036
  0
VERTEX
  5
2699
  8
Layer_0
  10
-1001.6426
  20
-1262.5366
  0
VERTEX
  5
269a
  8
Layer_0
  10
-1002.2153
  20
-1263.0835
  42
0.047683397
  0
VERTEX
  5
269b
  8
Layer_0
  10
-1003.564
  20
-1264.5376
  42
0.12547003
  0
VERTEX
  5
269c
  8
Layer_0
  10
-1005.0469
  20
-1268.2334
  42
0.10473975
  0
VERTEX
  5
269d
  8
Layer_0
  10
-1004.6787
  20
-1274.3096
  42
0.025499142
  0
VERTEX
  5
269e
  8
Layer_0
  10
-1002.9209
  20
-1279.6235
  0
VERTEX
  5
269f
  8
Layer_0
  10
-1001.9946
  20
-1282.0742
  42
-0.010786883
  0
VERTEX
  5
26a0
  8
Layer_0
  10
-1000.6875
  20
-1285.7319
  42
-0.027886052
  0
VERTEX
  5
26a1
  8
Layer_0
  10
-999.7583
  20
-1289.2334
  0
VERTEX
  5
26a2
  8
Layer_0
  10
-999.12744
  20
-1289.2334
  42
0.048885007
  0
VERTEX
  5
26a3
  8
Layer_0
  10
-998.43457
  20
-1285.1602
  42
0.080969781
  0
VERTEX
  5
26a4
  8
Layer_0
  10
-998.68262
  20
-1283.0938
  42
0.014684504
  0
VERTEX
  5
26a5
  8
Layer_0
  10
-1000.4419
  20
-1277.3062
  0
VERTEX
  5
26a6
  8
Layer_0
  10
-1000.8247
  20
-1276.1133
  42
-0.016340954
  0
VERTEX
  5
26a7
  8
Layer_0
  10
-1002.0957
  20
-1271.7432
  42
-0.050137352
  0
VERTEX
  5
26a8
  8
Layer_0
  10
-1002.4629
  20
-1269.4575
  42
-0.18580479
  0
VERTEX
  5
26a9
  8
Layer_0
  10
-1001.7397
  20
-1267.5532
  42
-0.031463873
  0
VERTEX
  5
26aa
  8
Layer_0
  10
-1000.6411
  20
-1266.3511
  0
VERTEX
  5
26ab
  8
Layer_0
  10
-1000.5654
  20
-1266.3511
  0
VERTEX
  5
26ac
  8
Layer_0
  10
-1000.5107
  20
-1266.9087
  42
0.178225
  0
VERTEX
  5
26ad
  8
Layer_0
  10
-997.64453
  20
-1272.6689
  42
0.12166674
  0
VERTEX
  5
26ae
  8
Layer_0
  10
-995.05273
  20
-1274.146
  42
0.14538939
  0
VERTEX
  5
26af
  8
Layer_0
  10
-992.82959
  20
-1274.1421
  42
0.21602401
  0
VERTEX
  5
26b0
  8
Layer_0
  10
-990.21973
  20
-1271.6753
  42
0.052438018
  0
VERTEX
  5
26b1
  8
Layer_0
  10
-989.85742
  20
-1270.4956
  0
VERTEX
  5
26b2
  8
Layer_0
  10
-989.73145
  20
-1270.4956
  0
VERTEX
  5
26b3
  8
Layer_0
  10
-989.56934
  20
-1270.7075
  42
0.17988165
  0
VERTEX
  5
26b4
  8
Layer_0
  10
-986.89844
  20
-1272.1909
  42
0.054510383
  0
VERTEX
  5
26b5
  8
Layer_0
  10
-984.51465
  20
-1272.3008
  0
SEQEND
  0
POLYLINE
  5
26b7
  8
Layer_0
  62
0
  66
1
  10
0
  20
0
  30
0
  0
VERTEX
  5
26b7
  8
Layer_0
  10
-898.5083
  20
-1273.4048
  42
0.068885825
  0
VERTEX
  5
26b8
  8
Layer_0
  10
-889.82666
  20
-1271.8359
  42
0.027952999
  0
VERTEX
  5
26b9
  8
Layer_0
  10
-885.66553
  20
-1270.2676
  0
VERTEX
  5
26ba
  8
Layer_0
  10
-885.58984
  20
-1270.2676
  0
VERTEX
  5
26bb
  8
Layer_0
  10
-885.37646
  20
-1270.5303
  42
0.14569466
  0
VERTEX
  5
26bc
  8
Layer_0
  10
-883.06836
  20
-1271.9512
  42
0.080637585
  0
VERTEX
  5
26bd
  8
Layer_0
  10
-879.88184
  20
-1272.3003
  42
0.14734769
  0
VERTEX
  5
26be
  8
Layer_0
  10
-875.36426
  20
-1271.2148
  42
0.038942952
  0
VERTEX
  5
26bf
  8
Layer_0
  10
-874.16699
  20
-1270.3931
  0
VERTEX
  5
26c0
  8
Layer_0
  10
-874.07471
  20
-1270.6455
  42
0.29830031
  0
VERTEX
  5
26c1
  8
Layer_0
  10
-871.92627
  20
-1272.2896
  42
0.18642592
  0
VERTEX
  5
26c2
  8
Layer_0
  10
-868.78076
  20
-1271.4429
  42
0.047863471
  0
VERTEX
  5
26c3
  8
Layer_0
  10
-867.29785
  20
-1270.166
  0
VERTEX
  5
26c4
  8
Layer_0
  10
-867.17188
  20
-1270.166
  0
VERTEX
  5
26c5
  8
Layer_0
  10
-867.08008
  20
-1270.4272
  42
0.21662671
  0
VERTEX
  5
26c6
  8
Layer_0
  10
-865.54248
  20
-1272.1035
  42
0.18508569
  0
VERTEX
  5
26c7
  8
Layer_0
  10
-862.73438
  20
-1271.9893
  42
0.10922997
  0
VERTEX
  5
26c8
  8
Layer_0
  10
-860.35742
  20
-1270.2729
  0
VERTEX
  5
26c9
  8
Layer_0
  10
-860.10059
  20
-1269.9893
  0
VERTEX
  5
26ca
  8
Layer_0
  10
-859.99951
  20
-1269.9893
  0
VERTEX
  5
26cb
  8
Layer_0
  10
-859.82275
  20
-1270.292
  42
0.16445092
  0
VERTEX
  5
26cc
  8
Layer_0
  10
-857.87207
  20
-1271.7847
  42
0.088774326
  0
VERTEX
  5
26cd
  8
Layer_0
  10
-854.26709
  20
-1272.3115
  0
VERTEX
  5
26ce
  8
Layer_0
  10
-853.91357
  20
-1272.3115
  0
VERTEX
  5
26cf
  8
Layer_0
  10
-853.91357
  20
-1272.311
  0
VERTEX
  5
26d0
  8
Layer_0
  10
-853.91064
  20
-1272.3115
  42
0.058430524
  0
VERTEX
  5
26d1
  8
Layer_0
  10
-847.99854
  20
-1271.75
  42
0.10656334
  0
VERTEX
  5
26d2
  8
Layer_0
  10
-841.60693
  20
-1268.7109
  42
0.025533985
  0
VERTEX
  5
26d3
  8
Layer_0
  10
-838.12793
  20
-1265.811
  0
VERTEX
  5
26d4
  8
Layer_0
  10
-837.87744
  20
-1265.6147
  42
-0.13872663
  0
VERTEX
  5
26d5
  8
Layer_0
  10
-835.27783
  20
-1264.5737
  42
-0.036164976
  0
VERTEX
  5
26d6
  8
Layer_0
  10
-834.03516
  20
-1264.5073
  0
VERTEX
  5
26d7
  8
Layer_0
  10
-833.71338
  20
-1264.0293
  42
0.027807423
  0
VERTEX
  5
26d8
  8
Layer_0
  10
-831.93994
  20
-1260.9995
  0
VERTEX
  5
26d9
  8
Layer_0
  10
-831.99023
  20
-1260.7979
  0
VERTEX
  5
26da
  8
Layer_0
  10
-833.8584
  20
-1260.7979
  42
-0.095733551
  0
VERTEX
  5
26db
  8
Layer_0
  10
-840.09521
  20
-1259.6104
  0
VERTEX
  5
26dc
  8
Layer_0
  10
-840.6377
  20
-1259.4072
  42
0.041841215
  0
VERTEX
  5
26dd
  8
Layer_0
  10
-845.29785
  20
-1258.0474
  42
0.098217035
  0
VERTEX
  5
26de
  8
Layer_0
  10
-848.52734
  20
-1258.0151
  42
0.18228952
  0
VERTEX
  5
26df
  8
Layer_0
  10
-851.58545
  20
-1259.9497
  42
0.10269755
  0
VERTEX
  5
26e0
  8
Layer_0
  10
-852.59717
  20
-1262.3857
  0
VERTEX
  5
26e1
  8
Layer_0
  10
-850.95557
  20
-1265.5952
  0
VERTEX
  5
26e2
  8
Layer_0
  10
-850.4502
  20
-1265.5952
  0
VERTEX
  5
26e3
  8
Layer_0
  10
-849.28857
  20
-1262.9414
  42
-0.12288464
  0
VERTEX
  5
26e4
  8
Layer_0
  10
-847.86084
  20
-1262.5151
  42
-0.070365491
  0
VERTEX
  5
26e5
  8
Layer_0
  10
-844.47705
  20
-1262.8057
  42
-0.031589147
  0
VERTEX
  5
26e6
  8
Layer_0
  10
-840.77686
  20
-1263.8262
  0
VERTEX
  5
26e7
  8
Layer_0
  10
-840.77686
  20
-1263.9526
  42
-0.12422701
  0
VERTEX
  5
26e8
  8
Layer_0
  10
-849.85791
  20
-1267.0996
  42
-0.035446302
  0
VERTEX
  5
26e9
  8
Layer_0
  10
-855.27197
  20
-1267.2231
  42
-0.093256348
  0
VERTEX
  5
26ea
  8
Layer_0
  10
-857.16895
  20
-1266.7656
  42
-0.31067943
  0
VERTEX
  5
26eb
  8
Layer_0
  10
-858.45898
  20
-1264.6367
  42
-0.065886355
  0
VERTEX
  5
26ec
  8
Layer_0
  10
-858.04346
  20
-1262.3247
  42
-0.0090898144
  0
VERTEX
  5
26ed
  8
Layer_0
  10
-857.75195
  20
-1261.3535
  0
VERTEX
  5
26ee
  8
Layer_0
  10
-857.92871
  20
-1261.1763
  42
0.034395705
  0
VERTEX
  5
26ef
  8
Layer_0
  10
-859.94922
  20
-1262.4141
  42
0.0068848587
  0
VERTEX
  5
26f0
  8
Layer_0
  10
-860.56152
  20
-1264.3179
  0
VERTEX
  5
26f1
  8
Layer_0
  10
-860.72119
  20
-1264.7793
  42
-0.089260132
  0
VERTEX
  5
26f2
  8
Layer_0
  10
-861.58838
  20
-1266.25
  42
-0.25052862
  0
VERTEX
  5
26f3
  8
Layer_0
  10
-864.20068
  20
-1267.2402
  42
-0.33076905
  0
VERTEX
  5
26f4
  8
Layer_0
  10
-865.12891
  20
-1266.2222
  42
-0.11705924
  0
VERTEX
  5
26f5
  8
Layer_0
  10
-865.08398
  20
-1265.0571
  42
-0.032880848
  0
VERTEX
  5
26f6
  8
Layer_0
  10
-864.01514
  20
-1262.2373
  0
VERTEX
  5
26f7
  8
Layer_0
  10
-864.21729
  20
-1261.9849
  42
0.037010115
  0
VERTEX
  5
26f8
  8
Layer_0
  10
-866.2627
  20
-1262.9951
  42
0.0090638179
  0
VERTEX
  5
26f9
  8
Layer_0
  10
-867.23828
  20
-1265.126
  0
VERTEX
  5
26fa
  8
Layer_0
  10
-867.47363
  20
-1265.5205
  42
-0.096815115
  0
VERTEX
  5
26fb
  8
Layer_0
  10
-868.53027
  20
-1266.6563
  42
-0.21204157
  0
VERTEX
  5
26fc
  8
Layer_0
  10
-871.02637
  20
-1267.1934
  42
-0.31509342
  0
VERTEX
  5
26fd
  8
Layer_0
  10
-871.76904
  20
-1266.2979
  42
-0.13960094
  0
VERTEX
  5
26fe
  8
Layer_0
  10
-871.55371
  20
-1264.9463
  42
-0.052469097
  0
VERTEX
  5
26ff
  8
Layer_0
  10
-870.25293
  20
-1262.6919
  0
VERTEX
  5
2700
  8
Layer_0
  10
-870.53076
  20
-1262.4395
  42
0.034195783
  0
VERTEX
  5
2701
  8
Layer_0
  10
-872.72754
  20
-1263.4497
  0
VERTEX
  5
2702
  8
Layer_0
  10
-873.85156
  20
-1265.0156
  42
-0.16512972
  0
VERTEX
  5
2703
  8
Layer_0
  10
-876.19336
  20
-1266.8081
  42
-0.082344771
  0
VERTEX
  5
2704
  8
Layer_0
  10
-879.41992
  20
-1267.2632
  0
VERTEX
  5
2705
  8
Layer_0
  10
-879.77344
  20
-1267.2632
  0
VERTEX
  5
2706
  8
Layer_0
  10
-879.88184
  20
-1267.2744
  0
VERTEX
  5
2707
  8
Layer_0
  10
-879.88184
  20
-1267.2632
  0
VERTEX
  5
2708
  8
Layer_0
  10
-880.23535
  20
-1267.2632
  42
-0.13698126
  0
VERTEX
  5
2709
  8
Layer_0
  10
-882.95361
  20
-1266.6069
  42
-0.2705307
  0
VERTEX
  5
270a
  8
Layer_0
  10
-884.09961
  20
-1264.5859
  42
-0.062638049
  0
VERTEX
  5
270b
  8
Layer_0
  10
-883.62158
  20
-1262.1602
  0
VERTEX
  5
270c
  8
Layer_0
  10
-883.49316
  20
-1261.7319
  0
VERTEX
  5
270d
  8
Layer_0
  10
-883.74609
  20
-1261.5303
  42
0.025342099
  0
VERTEX
  5
270e
  8
Layer_0
  10
-885.74121
  20
-1262.894
  0
VERTEX
  5
270f
  8
Layer_0
  10
-886.92822
  20
-1266.1772
  42
-0.059813694
  0
VERTEX
  5
2710
  8
Layer_0
  10
-894.41162
  20
-1267.9302
  42
-0.066737826
  0
VERTEX
  5
2711
  8
Layer_0
  10
-901.79932
  20
-1267.9209
  42
-0.0834045
  0
VERTEX
  5
2712
  8
Layer_0
  10
-905.8291
  20
-1266.7031
  42
-0.096243939
  0
VERTEX
  5
2713
  8
Layer_0
  10
-907.99463
  20
-1265.0811
  42
-0.22813036
  0
VERTEX
  5
2714
  8
Layer_0
  10
-909.34229
  20
-1260.1108
  42
-0.036319347
  0
VERTEX
  5
2715
  8
Layer_0
  10
-908.85107
  20
-1258.1455
  0
VERTEX
  5
2716
  8
Layer_0
  10
-910.39063
  20
-1257.6152
  42
0.094806151
  0
VERTEX
  5
2717
  8
Layer_0
  10
-911.8833
  20
-1263.5
  42
0.087490323
  0
VERTEX
  5
2718
  8
Layer_0
  10
-911.51563
  20
-1267.0913
  42
0.17922794
  0
VERTEX
  5
2719
  8
Layer_0
  10
-908.27002
  20
-1271.3027
  42
0.086480265
  0
VERTEX
  5
271a
  8
Layer_0
  10
-904.12305
  20
-1272.9629
  42
0.06075754
  0
VERTEX
  5
271b
  8
Layer_0
  10
-898.5083
  20
-1273.4048
  0
SEQEND
  0
POLYLINE
  5
271d
  8
Layer_0
  62
0
  66
1
  10
0
  20
0
  30
0
  0
VERTEX
  5
271d
  8
Layer_0
  10
-786.57324
  20
-1285.9385
  42
0.052502366
  0
VERTEX
  5
271e
  8
Layer_0
  10
-784.06445
  20
-1285.6484
  42
0.082609566
  0
VERTEX
  5
271f
  8
Layer_0
  10
-782.84082
  20
-1285.168
  42
0.037583532
  0
VERTEX
  5
2720
  8
Layer_0
  10
-778.29834
  20
-1281.6392
  0
VERTEX
  5
2721
  8
Layer_0
  10
-777.5625
  20
-1280.978
  0
VERTEX
  5
2722
  8
Layer_0
  10
-777.84033
  20
-1280.3716
  0
VERTEX
  5
2723
  8
Layer_0
  10
-778.61963
  20
-1280.5381
  42
-0.090164409
  0
VERTEX
  5
2724
  8
Layer_0
  10
-788.51904
  20
-1280.6704
  42
-0.084271999
  0
VERTEX
  5
2725
  8
Layer_0
  10
-793.23438
  20
-1279.0073
  42
-0.10966674
  0
VERTEX
  5
2726
  8
Layer_0
  10
-795.75098
  20
-1276.7866
  42
-0.18701596
  0
VERTEX
  5
2727
  8
Layer_0
  10
-796.59277
  20
-1273.5747
  42
-0.1313778
  0
VERTEX
  5
2728
  8
Layer_0
  10
-795.5
  20
-1271.1211
  42
-0.075843749
  0
VERTEX
  5
2729
  8
Layer_0
  10
-792.96143
  20
-1268.832
  42
-0.056012562
  0
VERTEX
  5
272a
  8
Layer_0
  10
-788.32031
  20
-1266.4673
  42
-0.044482653
  0
VERTEX
  5
272b
  8
Layer_0
  10
-781.12354
  20
-1264.457
  0
VERTEX
  5
272c
  8
Layer_0
  10
-779.30518
  20
-1261.1489
  0
VERTEX
  5
272d
  8
Layer_0
  10
-779.48193
  20
-1260.7954
  0
VERTEX
  5
272e
  8
Layer_0
  10
-782.36133
  20
-1260.7954
  42
-0.081599272
  0
VERTEX
  5
272f
  8
Layer_0
  10
-786.49463
  20
-1260.0103
  0
VERTEX
  5
2730
  8
Layer_0
  10
-788.49854
  20
-1259.2813
  42
0.010318045
  0
VERTEX
  5
2731
  8
Layer_0
  10
-791.01758
  20
-1258.3804
  42
0.070640122
  0
VERTEX
  5
2732
  8
Layer_0
  10
-794.71191
  20
-1257.7666
  42
0.11242061
  0
VERTEX
  5
2733
  8
Layer_0
  10
-797.26123
  20
-1258.2998
  42
0.14957398
  0
VERTEX
  5
2734
  8
Layer_0
  10
-799.30078
  20
-1260.2485
  42
0.083437961
  0
VERTEX
  5
2735
  8
Layer_0
  10
-800.23975
  20
-1262.8149
  0
VERTEX
  5
2736
  8
Layer_0
  10
-798.59863
  20
-1266.2759
  0
VERTEX
  5
2737
  8
Layer_0
  10
-798.11963
  20
-1266.2759
  0
VERTEX
  5
2738
  8
Layer_0
  10
-796.83301
  20
-1262.8149
  42
-0.11190731
  0
VERTEX
  5
2739
  8
Layer_0
  10
-795.00293
  20
-1262.3916
  42
-0.05869191
  0
VERTEX
  5
273a
  8
Layer_0
  10
-792.67871
  20
-1262.6255
  42
-0.022190743
  0
VERTEX
  5
273b
  8
Layer_0
  10
-789.91309
  20
-1263.3203
  0
VERTEX
  5
273c
  8
Layer_0
  10
-789.91309
  20
-1263.396
  0
VERTEX
  5
273d
  8
Layer_0
  10
-790.55078
  20
-1263.6455
  42
0.13610327
  0
VERTEX
  5
273e
  8
Layer_0
  10
-796.89014
  20
-1268.5322
  42
0.18609765
  0
VERTEX
  5
273f
  8
Layer_0
  10
-799.18262
  20
-1276.7402
  42
0.11706295
  0
VERTEX
  5
2740
  8
Layer_0
  10
-797.81934
  20
-1281.2656
  42
0.16205453
  0
VERTEX
  5
2741
  8
Layer_0
  10
-793.59766
  20
-1284.8496
  42
0.08249483
  0
VERTEX
  5
2742
  8
Layer_0
  10
-788.77344
  20
-1285.8979
  42
0.025645534
  0
VERTEX
  5
2743
  8
Layer_0
  10
-786.57324
  20
-1285.9385
  0
SEQEND
  0
POLYLINE
  5
2745
  8
Layer_0
  62
0
  66
1
  10
0
  20
0
  30
0
  0
VERTEX
  5
2745
  8
Layer_0
  10
-729.37549
  20
-1281.2583
  42
0.20990527
  0
VERTEX
  5
2746
  8
Layer_0
  10
-722.27148
  20
-1277.6685
  42
0.091847856
  0
VERTEX
  5
2747
  8
Layer_0
  10
-720.80322
  20
-1274.708
  42
0.036338139
  0
VERTEX
  5
2748
  8
Layer_0
  10
-720.30127
  20
-1272.438
  42
0.086368525
  0
VERTEX
  5
2749
  8
Layer_0
  10
-718.00439
  20
-1272.0698
  42
0.15183625
  0
VERTEX
  5
274a
  8
Layer_0
  10
-715.7041
  20
-1270.1899
  0
VERTEX
  5
274b
  8
Layer_0
  10
-715.57764
  20
-1270.1899
  0
VERTEX
  5
274c
  8
Layer_0
  10
-715.34326
  20
-1270.4404
  42
0.11687311
  0
VERTEX
  5
274d
  8
Layer_0
  10
-713.39893
  20
-1271.8027
  42
0.27089508
  0
VERTEX
  5
274e
  8
Layer_0
  10
-710.25146
  20
-1271.2637
  42
0.13634771
  0
VERTEX
  5
274f
  8
Layer_0
  10
-707.41553
  20
-1267.1182
  42
0.089380805
  0
VERTEX
  5
2750
  8
Layer_0
  10
-707.05469
  20
-1263.9102
  42
0.03716841
  0
VERTEX
  5
2751
  8
Layer_0
  10
-707.59863
  20
-1259.1021
  0
VERTEX
  5
2752
  8
Layer_0
  10
-707.92627
  20
-1259.0015
  42
0.025924697
  0
VERTEX
  5
2753
  8
Layer_0
  10
-710.70264
  20
-1261.9058
  0
VERTEX
  5
2754
  8
Layer_0
  10
-710.52246
  20
-1262.6787
  42
-0.034278982
  0
VERTEX
  5
2755
  8
Layer_0
  10
-709.8916
  20
-1266.1782
  42
-0.013214952
  0
VERTEX
  5
2756
  8
Layer_0
  10
-709.86914
  20
-1266.5532
  42
-0.16957267
  0
VERTEX
  5
2757
  8
Layer_0
  10
-710.60791
  20
-1266.8867
  42
-0.28870534
  0
VERTEX
  5
2758
  8
Layer_0
  10
-713.30615
  20
-1265.5845
  42
-0.12892498
  0
VERTEX
  5
2759
  8
Layer_0
  10
-713.6582
  20
-1263.9009
  42
-0.066749988
  0
VERTEX
  5
275a
  8
Layer_0
  10
-713.35498
  20
-1261.8804
  0
VERTEX
  5
275b
  8
Layer_0
  10
-713.53174
  20
-1261.729
  42
0.02668489
  0
VERTEX
  5
275c
  8
Layer_0
  10
-715.52734
  20
-1262.916
  0
VERTEX
  5
275d
  8
Layer_0
  10
-715.80371
  20
-1263.9731
  42
-0.015825008
  0
VERTEX
  5
275e
  8
Layer_0
  10
-716.16797
  20
-1265.3052
  42
-0.30223744
  0
VERTEX
  5
275f
  8
Layer_0
  10
-718.42627
  20
-1267.2505
  42
-0.15862349
  0
VERTEX
  5
2760
  8
Layer_0
  10
-719.51465
  20
-1267.019
  42
-0.1472395
  0
VERTEX
  5
2761
  8
Layer_0
  10
-720.42773
  20
-1265.7954
  0
VERTEX
  5
2762
  8
Layer_0
  10
-720.65381
  20
-1265.2275
  42
0.0086277989
  0
VERTEX
  5
2763
  8
Layer_0
  10
-722.17041
  20
-1261.6533
  0
VERTEX
  5
2764
  8
Layer_0
  10
-722.42334
  20
-1261.6025
  42
0.026524047
  0
VERTEX
  5
2765
  8
Layer_0
  10
-724.97461
  20
-1265.6943
  0
VERTEX
  5
2766
  8
Layer_0
  10
-724.41553
  20
-1266.5996
  42
-0.030789703
  0
VERTEX
  5
2767
  8
Layer_0
  10
-722.84668
  20
-1269.5786
  42
-0.096030487
  0
VERTEX
  5
2768
  8
Layer_0
  10
-722.22119
  20
-1272.0845
  42
-0.14247293
  0
VERTEX
  5
2769
  8
Layer_0
  10
-722.94434
  20
-1273.332
  42
-0.13004987
  0
VERTEX
  5
276a
  8
Layer_0
  10
-727.33936
  20
-1275.9048
  42
-0.10139201
  0
VERTEX
  5
276b
  8
Layer_0
  10
-730.52588
  20
-1276.0601
  42
-0.12300058
  0
VERTEX
  5
276c
  8
Layer_0
  10
-733.58789
  20
-1274.7129
  42
-0.17152891
  0
VERTEX
  5
276d
  8
Layer_0
  10
-735.20166
  20
-1272.0718
  42
-0.13710413
  0
VERTEX
  5
276e
  8
Layer_0
  10
-735.03467
  20
-1268.2607
  42
-0.034317525
  0
VERTEX
  5
276f
  8
Layer_0
  10
-734.19434
  20
-1266.0732
  0
VERTEX
  5
2770
  8
Layer_0
  10
-735.55811
  20
-1265.3911
  42
0.15821342
  0
VERTEX
  5
2771
  8
Layer_0
  10
-737.59863
  20
-1273.8809
  42
0.13039604
  0
VERTEX
  5
2772
  8
Layer_0
  10
-736.04053
  20
-1278.3359
  42
0.21463031
  0
VERTEX
  5
2773
  8
Layer_0
  10
-731.18457
  20
-1281.1919
  42
0.051111043
  0
VERTEX
  5
2774
  8
Layer_0
  10
-729.37549
  20
-1281.2583
  0
SEQEND
  0
POLYLINE
  5
2776
  8
Layer_0
  62
0
  66
1
  10
0
  20
0
  30
0
  0
VERTEX
  5
2776
  8
Layer_0
  10
-687.74561
  20
-1265.9702
  0
VERTEX
  5
2777
  8
Layer_0
  10
-688.07666
  20
-1265.8315
  42
-0.10726025
  0
VERTEX
  5
2778
  8
Layer_0
  10
-690.09082
  20
-1264.4556
  42
-0.12865453
  0
VERTEX
  5
2779
  8
Layer_0
  10
-690.7832
  20
-1263.0962
  42
-0.16203908
  0
VERTEX
  5
277a
  8
Layer_0
  10
-688.26758
  20
-1260.1812
  42
-0.14662731
  0
VERTEX
  5
277b
  8
Layer_0
  10
-686.55469
  20
-1259.7769
  42
-0.16250892
  0
VERTEX
  5
277c
  8
Layer_0
  10
-685.24658
  20
-1260.4263
  42
-0.18394437
  0
VERTEX
  5
277d
  8
Layer_0
  10
-683.80908
  20
-1263.3721
  42
-0.16206741
  0
VERTEX
  5
277e
  8
Layer_0
  10
-684.19141
  20
-1264.2388
  42
-0.11587809
  0
VERTEX
  5
277f
  8
Layer_0
  10
-686.23828
  20
-1265.6733
  42
-0.027424037
  0
VERTEX
  5
2780
  8
Layer_0
  10
-687.39697
  20
-1266.1011
  0
VERTEX
  5
2781
  8
Layer_0
  10
-687.74561
  20
-1265.9702
  0
SEQEND
  0
POLYLINE
  5
2783
  8
Layer_0
  62
0
  66
1
  10
0
  20
0
  30
0
  0
VERTEX
  5
2783
  8
Layer_0
  10
-667.5
  20
-1267.2515
  0
VERTEX
  5
2784
  8
Layer_0
  10
-667.86914
  20
-1267.2178
  42
-0.11101624
  0
VERTEX
  5
2785
  8
Layer_0
  10
-671.19385
  20
-1265.9585
  42
-0.041505688
  0
VERTEX
  5
2786
  8
Layer_0
  10
-673.04053
  20
-1264.5591
  42
-0.064755332
  0
VERTEX
  5
2787
  8
Layer_0
  10
-672.32227
  20
-1263.4512
  42
-0.32819583
  0
VERTEX
  5
2788
  8
Layer_0
  10
-669.15479
  20
-1262.5752
  42
-0.12504546
  0
VERTEX
  5
2789
  8
Layer_0
  10
-667.78076
  20
-1263.6494
  42
-0.11000166
  0
VERTEX
  5
278a
  8
Layer_0
  10
-666.4624
  20
-1266.5132
  0
VERTEX
  5
278b
  8
Layer_0
  10
-666.34766
  20
-1267.0361
  42
-0.32924809
  0
VERTEX
  5
278c
  8
Layer_0
  10
-666.55908
  20
-1267.2065
  42
-0.075187227
  0
VERTEX
  5
278d
  8
Layer_0
  10
-667.5
  20
-1267.2515
  0
SEQEND
  0
POLYLINE
  5
278f
  8
Layer_0
  62
0
  66
1
  10
0
  20
0
  30
0
  0
VERTEX
  5
278f
  8
Layer_0
  10
-1104.2656
  20
-1269.1416
  42
-0.17728538
  0
VERTEX
  5
2790
  8
Layer_0
  10
-1107.1948
  20
-1267.7119
  42
-0.17585563
  0
VERTEX
  5
2791
  8
Layer_0
  10
-1108.5957
  20
-1264.9126
  42
-0.21740592
  0
VERTEX
  5
2792
  8
Layer_0
  10
-1108.1929
  20
-1263.623
  42
-0.059113085
  0
VERTEX
  5
2793
  8
Layer_0
  10
-1107.0938
  20
-1262.5908
  42
-0.035295829
  0
VERTEX
  5
2794
  8
Layer_0
  10
-1103.6382
  20
-1266.1646
  42
-0.065273938
  0
VERTEX
  5
2795
  8
Layer_0
  10
-1102.5962
  20
-1267.7598
  42
-0.10082199
  0
VERTEX
  5
2796
  8
Layer_0
  10
-1102.4189
  20
-1268.4507
  42
-0.2281722
  0
VERTEX
  5
2797
  8
Layer_0
  10
-1102.6587
  20
-1268.8276
  42
-0.14747663
  0
VERTEX
  5
2798
  8
Layer_0
  10
-1103.9604
  20
-1269.1577
  0
VERTEX
  5
2799
  8
Layer_0
  10
-1104.2656
  20
-1269.1416
  0
SEQEND
  0
POLYLINE
  5
279b
  8
Layer_0
  62
0
  66
1
  10
0
  20
0
  30
0
  0
VERTEX
  5
279b
  8
Layer_0
  10
-993.57227
  20
-1269.1416
  42
-0.17726257
  0
VERTEX
  5
279c
  8
Layer_0
  10
-996.50146
  20
-1267.7119
  42
-0.17582898
  0
VERTEX
  5
279d
  8
Layer_0
  10
-997.90234
  20
-1264.9126
  42
-0.21727007
  0
VERTEX
  5
279e
  8
Layer_0
  10
-997.49951
  20
-1263.623
  42
-0.059136835
  0
VERTEX
  5
279f
  8
Layer_0
  10
-996.40039
  20
-1262.5908
  42
-0.035297739
  0
VERTEX
  5
27a0
  8
Layer_0
  10
-992.94482
  20
-1266.1646
  42
-0.065340472
  0
VERTEX
  5
27a1
  8
Layer_0
  10
-991.90283
  20
-1267.7598
  42
-0.10123919
  0
VERTEX
  5
27a2
  8
Layer_0
  10
-991.72559
  20
-1268.4507
  42
-0.22684906
  0
VERTEX
  5
27a3
  8
Layer_0
  10
-991.96533
  20
-1268.8276
  42
-0.14741564
  0
VERTEX
  5
27a4
  8
Layer_0
  10
-993.26709
  20
-1269.1577
  0
VERTEX
  5
27a5
  8
Layer_0
  10
-993.57227
  20
-1269.1416
  0
SEQEND
  0
POLYLINE
  5
27a7
  8
Layer_0
  62
0
  66
1
  10
0
  20
0
  30
0
  0
VERTEX
  5
27a7
  8
Layer_0
  10
-766.16406
  20
-1267.3257
  42
-0.030335011
  0
VERTEX
  5
27a8
  8
Layer_0
  10
-767.8584
  20
-1267.166
  42
-0.092988715
  0
VERTEX
  5
27a9
  8
Layer_0
  10
-770.44922
  20
-1266.3223
  42
-0.14984575
  0
VERTEX
  5
27aa
  8
Layer_0
  10
-771.2998
  20
-1265.4404
  42
-0.16054193
  0
VERTEX
  5
27ab
  8
Layer_0
  10
-771.41602
  20
-1264.7788
  42
-0.15453271
  0
VERTEX
  5
27ac
  8
Layer_0
  10
-770.75879
  20
-1263.7534
  42
-0.16459348
  0
VERTEX
  5
27ad
  8
Layer_0
  10
-769.17334
  20
-1263.0908
  42
-0.21131079
  0
VERTEX
  5
27ae
  8
Layer_0
  10
-766.61475
  20
-1263.9536
  42
-0.10054509
  0
VERTEX
  5
27af
  8
Layer_0
  10
-764.93213
  20
-1266.3525
  42
-0.020628967
  0
VERTEX
  5
27b0
  8
Layer_0
  10
-764.55811
  20
-1267.2632
  0
VERTEX
  5
27b1
  8
Layer_0
  10
-765.03174
  20
-1267.3203
  42
-0.029644612
  0
VERTEX
  5
27b2
  8
Layer_0
  10
-766.16406
  20
-1267.3257
  0
SEQEND
  0
POLYLINE
  5
27b4
  8
Layer_0
  62
0
  66
1
  10
0
  20
0
  30
0
  0
VERTEX
  5
27b4
  8
Layer_0
  10
-896.56689
  20
-1283.1299
  42
0.053943534
  0
VERTEX
  5
27b5
  8
Layer_0
  10
-894.37891
  20
-1279.939
  42
0.054346526
  0
VERTEX
  5
27b6
  8
Layer_0
  10
-898.54639
  20
-1276.6558
  0
VERTEX
  5
27b7
  8
Layer_0
  10
-901.12256
  20
-1280.3433
  0
VERTEX
  5
27b8
  8
Layer_0
  10
-900.05225
  20
-1281.0972
  42
-0.024756291
  0
VERTEX
  5
27b9
  8
Layer_0
  10
-896.95508
  20
-1283.5762
  0
VERTEX
  5
27ba
  8
Layer_0
  10
-896.56689
  20
-1283.1299
  0
SEQEND
  0
POLYLINE
  5
27bc
  8
Layer_0
  62
0
  66
1
  10
0
  20
0
  30
0
  0
VERTEX
  5
27bc
  8
Layer_0
  10
-1027.8667
  20
-1288.5605
  0
VERTEX
  5
27bd
  8
Layer_0
  10
-1027.5679
  20
-1288.2251
  42
0.039311621
  0
VERTEX
  5
27be
  8
Layer_0
  10
-1025.7627
  20
-1285.8237
  42
0.045958956
  0
VERTEX
  5
27bf
  8
Layer_0
  10
-1029.25
  20
-1282.667
  0
VERTEX
  5
27c0
  8
Layer_0
  10
-1031.7227
  20
-1285.7734
  0
VERTEX
  5
27c1
  8
Layer_0
  10
-1030.8228
  20
-1286.4932
  42
-0.017646215
  0
VERTEX
  5
27c2
  8
Layer_0
  10
-1028.1636
  20
-1288.8799
  0
VERTEX
  5
27c3
  8
Layer_0
  10
-1027.8667
  20
-1288.5605
  0
SEQEND
  0
POLYLINE
  5
27c5
  8
Layer_0
  62
0
  70
1
  66
1
  10
0
  20
0
  30
0
  0
VERTEX
  5
27c5
  8
Layer_0
  10
-1033.8262
  20
-1288.9648
  0
VERTEX
  5
27c6
  8
Layer_0
  10
-1033.5273
  20
-1288.6289
  42
0.039593094
  0
VERTEX
  5
27c7
  8
Layer_0
  10
-1031.7227
  20
-1286.228
  42
0.046128137
  0
VERTEX
  5
27c8
  8
Layer_0
  10
-1035.209
  20
-1283.0708
  0
VERTEX
  5
27c9
  8
Layer_0
  10
-1037.6855
  20
-1286.1777
  0
VERTEX
  5
27ca
  8
Layer_0
  10
-1036.7842
  20
-1286.8975
  42
-0.017806079
  0
VERTEX
  5
27cb
  8
Layer_0
  10
-1034.1226
  20
-1289.2842
  0
SEQEND
  0
POLYLINE
  5
27cd
  8
Layer_0
  62
0
  66
1
  10
0
  20
0
  30
0
  0
VERTEX
  5
27cd
  8
Layer_0
  10
-270.9435
  20
-4.6012798
  0
VERTEX
  5
27ce
  8
Layer_0
  10
-272.63512
  20
-4.8106631
  0
VERTEX
  5
27cf
  8
Layer_0
  10
-274.30297
  20
-5.0396684
  0
VERTEX
  5
27d0
  8
Layer_0
  10
-275.95382
  20
-5.2909248
  0
VERTEX
  5
27d1
  8
Layer_0
  10
-277.59444
  20
-5.5670615
  0
VERTEX
  5
27d2
  8
Layer_0
  10
-279.23161
  20
-5.8707078
  0
VERTEX
  5
27d3
  8
Layer_0
  10
-280.87209
  20
-6.2044929
  0
VERTEX
  5
27d4
  8
Layer_0
  10
-282.52267
  20
-6.571046
  0
VERTEX
  5
27d5
  8
Layer_0
  10
-284.19012
  20
-6.9729964
  0
VERTEX
  5
27d6
  8
Layer_0
  10
-285.88122
  20
-7.4129732
  0
VERTEX
  5
27d7
  8
Layer_0
  10
-287.60273
  20
-7.8936057
  0
VERTEX
  5
27d8
  8
Layer_0
  10
-289.36143
  20
-8.4175231
  0
VERTEX
  5
27d9
  8
Layer_0
  10
-291.1641
  20
-8.9873547
  0
VERTEX
  5
27da
  8
Layer_0
  10
-293.0175
  20
-9.6057295
  0
VERTEX
  5
27db
  8
Layer_0
  10
-294.92843
  20
-10.275277
  0
VERTEX
  5
27dc
  8
Layer_0
  10
-296.90364
  20
-10.998626
  0
VERTEX
  5
27dd
  8
Layer_0
  10
-298.94991
  20
-11.778407
  0
VERTEX
  5
27de
  8
Layer_0
  10
-300.00181
  20
-12.19028
  0
VERTEX
  5
27df
  8
Layer_0
  10
-301.07402
  20
-12.617247
  0
VERTEX
  5
27e0
  8
Layer_0
  10
-302.16738
  20
-13.059637
  0
VERTEX
  5
27e1
  8
Layer_0
  10
-303.28274
  20
-13.517777
  0
VERTEX
  5
27e2
  8
Layer_0
  10
-304.42095
  20
-13.991997
  0
VERTEX
  5
27e3
  8
Layer_0
  10
-305.58285
  20
-14.482626
  0
VERTEX
  5
27e4
  8
Layer_0
  10
-306.76928
  20
-14.989991
  0
VERTEX
  5
27e5
  8
Layer_0
  10
-307.98111
  20
-15.514422
  0
VERTEX
  5
27e6
  8
Layer_0
  10
-309.21917
  20
-16.056248
  0
VERTEX
  5
27e7
  8
Layer_0
  10
-310.48431
  20
-16.615796
  0
VERTEX
  5
27e8
  8
Layer_0
  10
-311.77738
  20
-17.193396
  0
VERTEX
  5
27e9
  8
Layer_0
  10
-313.09922
  20
-17.789376
  0
VERTEX
  5
27ea
  8
Layer_0
  10
-314.45068
  20
-18.404065
  0
VERTEX
  5
27eb
  8
Layer_0
  10
-315.8326
  20
-19.037792
  0
VERTEX
  5
27ec
  8
Layer_0
  10
-317.24584
  20
-19.690884
  0
VERTEX
  5
27ed
  8
Layer_0
  10
-318.69125
  20
-20.363672
  0
VERTEX
  5
27ee
  8
Layer_0
  10
-320.16966
  20
-21.056483
  0
VERTEX
  5
27ef
  8
Layer_0
  10
-321.68192
  20
-21.769647
  0
VERTEX
  5
27f0
  8
Layer_0
  10
-323.22889
  20
-22.503491
  0
VERTEX
  5
27f1
  8
Layer_0
  10
-324.8114
  20
-23.258344
  0
VERTEX
  5
27f2
  8
Layer_0
  10
-326.43031
  20
-24.034536
  0
VERTEX
  5
27f3
  8
Layer_0
  10
-328.08646
  20
-24.832394
  0
VERTEX
  5
27f4
  8
Layer_0
  10
-329.7807
  20
-25.652248
  0
VERTEX
  5
27f5
  8
Layer_0
  10
-331.51387
  20
-26.494426
  0
VERTEX
  5
27f6
  8
Layer_0
  10
-333.28682
  20
-27.359257
  0
VERTEX
  5
27f7
  8
Layer_0
  10
-335.10041
  20
-28.247069
  0
VERTEX
  5
27f8
  8
Layer_0
  10
-336.95547
  20
-29.158191
  0
VERTEX
  5
27f9
  8
Layer_0
  10
-338.85285
  20
-30.092952
  0
VERTEX
  5
27fa
  8
Layer_0
  10
-340.7934
  20
-31.05168
  0
VERTEX
  5
27fb
  8
Layer_0
  10
-342.77796
  20
-32.034704
  0
VERTEX
  5
27fc
  8
Layer_0
  10
-344.80739
  20
-33.042353
  0
VERTEX
  5
27fd
  8
Layer_0
  10
-346.88252
  20
-34.074955
  0
VERTEX
  5
27fe
  8
Layer_0
  10
-349.74967
  20
-35.500479
  0
VERTEX
  5
27ff
  8
Layer_0
  10
-352.59291
  20
-36.908744
  0
VERTEX
  5
2800
  8
Layer_0
  10
-355.41334
  20
-38.300197
  0
VERTEX
  5
2801
  8
Layer_0
  10
-358.21202
  20
-39.675288
  0
VERTEX
  5
2802
  8
Layer_0
  10
-363.74844
  20
-42.378176
  0
VERTEX
  5
2803
  8
Layer_0
  10
-369.21079
  20
-45.020997
  0
VERTEX
  5
2804
  8
Layer_0
  10
-374.60767
  20
-47.607338
  0
VERTEX
  5
2805
  8
Layer_0
  10
-379.94767
  20
-50.140789
  0
VERTEX
  5
2806
  8
Layer_0
  10
-385.23942
  20
-52.624937
  0
VERTEX
  5
2807
  8
Layer_0
  10
-390.4915
  20
-55.063372
  0
VERTEX
  5
2808
  8
Layer_0
  10
-395.71253
  20
-57.45968
  0
VERTEX
  5
2809
  8
Layer_0
  10
-400.91111
  20
-59.817452
  0
VERTEX
  5
280a
  8
Layer_0
  10
-406.09584
  20
-62.140275
  0
VERTEX
  5
280b
  8
Layer_0
  10
-411.27532
  20
-64.431738
  0
VERTEX
  5
280c
  8
Layer_0
  10
-416.45816
  20
-66.695428
  0
VERTEX
  5
280d
  8
Layer_0
  10
-421.65297
  20
-68.934936
  0
VERTEX
  5
280e
  8
Layer_0
  10
-426.86835
  20
-71.153848
  0
VERTEX
  5
280f
  8
Layer_0
  10
-432.1129
  20
-73.355754
  0
VERTEX
  5
2810
  8
Layer_0
  10
-437.39522
  20
-75.544241
  0
VERTEX
  5
2811
  8
Layer_0
  10
-442.72392
  20
-77.722898
  0
VERTEX
  5
2812
  8
Layer_0
  10
-448.10761
  20
-79.895315
  0
VERTEX
  5
2813
  8
Layer_0
  10
-453.55489
  20
-82.065078
  0
VERTEX
  5
2814
  8
Layer_0
  10
-459.07435
  20
-84.235776
  0
VERTEX
  5
2815
  8
Layer_0
  10
-464.67462
  20
-86.410999
  0
VERTEX
  5
2816
  8
Layer_0
  10
-470.36428
  20
-88.594333
  0
VERTEX
  5
2817
  8
Layer_0
  10
-476.15195
  20
-90.789369
  0
VERTEX
  5
2818
  8
Layer_0
  10
-479.08522
  20
-91.892396
  0
VERTEX
  5
2819
  8
Layer_0
  10
-482.04622
  20
-92.999693
  0
VERTEX
  5
281a
  8
Layer_0
  10
-485.03602
  20
-94.11171
  0
VERTEX
  5
281b
  8
Layer_0
  10
-488.05571
  20
-95.228895
  0
VERTEX
  5
281c
  8
Layer_0
  10
-491.10634
  20
-96.351696
  0
VERTEX
  5
281d
  8
Layer_0
  10
-494.18901
  20
-97.480563
  0
VERTEX
  5
281e
  8
Layer_0
  10
-497.30478
  20
-98.615943
  0
VERTEX
  5
281f
  8
Layer_0
  10
-500.45473
  20
-99.758285
  0
VERTEX
  5
2820
  8
Layer_0
  10
-503.63994
  20
-100.90804
  0
VERTEX
  5
2821
  8
Layer_0
  10
-506.86148
  20
-102.06565
  0
VERTEX
  5
2822
  8
Layer_0
  10
-510.12042
  20
-103.23157
  0
VERTEX
  5
2823
  8
Layer_0
  10
-513.41785
  20
-104.40625
  0
VERTEX
  5
2824
  8
Layer_0
  10
-516.75483
  20
-105.59013
  0
VERTEX
  5
2825
  8
Layer_0
  10
-520.13245
  20
-106.78366
  0
VERTEX
  5
2826
  8
Layer_0
  10
-523.55178
  20
-107.9873
  0
VERTEX
  5
2827
  8
Layer_0
  10
-527.01389
  20
-109.20149
  0
VERTEX
  5
2828
  8
Layer_0
  10
-537.05508
  20
-112.68798
  0
VERTEX
  5
2829
  8
Layer_0
  10
-547.07636
  20
-116.1101
  0
VERTEX
  5
282a
  8
Layer_0
  10
-557.0784
  20
-119.46794
  0
VERTEX
  5
282b
  8
Layer_0
  10
-567.06187
  20
-122.7616
  0
VERTEX
  5
282c
  8
Layer_0
  10
-577.02745
  20
-125.9912
  0
VERTEX
  5
282d
  8
Layer_0
  10
-586.97581
  20
-129.15684
  0
VERTEX
  5
282e
  8
Layer_0
  10
-596.90762
  20
-132.25861
  0
VERTEX
  5
282f
  8
Layer_0
  10
-606.82354
  20
-135.29663
  0
VERTEX
  5
2830
  8
Layer_0
  10
-616.72427
  20
-138.27099
  0
VERTEX
  5
2831
  8
Layer_0
  10
-626.61045
  20
-141.18181
  0
VERTEX
  5
2832
  8
Layer_0
  10
-636.48277
  20
-144.02918
  0
VERTEX
  5
2833
  8
Layer_0
  10
-646.3419
  20
-146.81321
  0
VERTEX
  5
2834
  8
Layer_0
  10
-656.18851
  20
-149.534
  0
VERTEX
  5
2835
  8
Layer_0
  10
-666.02327
  20
-152.19167
  0
VERTEX
  5
2836
  8
Layer_0
  10
-675.84685
  20
-154.7863
  0
VERTEX
  5
2837
  8
Layer_0
  10
-685.65993
  20
-157.31801
  0
VERTEX
  5
2838
  8
Layer_0
  10
-695.46317
  20
-159.7869
  0
VERTEX
  5
2839
  8
Layer_0
  10
-705.25725
  20
-162.19308
  0
VERTEX
  5
283a
  8
Layer_0
  10
-715.04284
  20
-164.53664
  0
VERTEX
  5
283b
  8
Layer_0
  10
-724.82062
  20
-166.8177
  0
VERTEX
  5
283c
  8
Layer_0
  10
-734.59124
  20
-169.03635
  0
VERTEX
  5
283d
  8
Layer_0
  10
-744.35539
  20
-171.1927
  0
VERTEX
  5
283e
  8
Layer_0
  10
-754.11373
  20
-173.28686
  0
VERTEX
  5
283f
  8
Layer_0
  10
-763.86695
  20
-175.31892
  0
VERTEX
  5
2840
  8
Layer_0
  10
-773.6157
  20
-177.289
  0
VERTEX
  5
2841
  8
Layer_0
  10
-783.36066
  20
-179.1972
  0
VERTEX
  5
2842
  8
Layer_0
  10
-793.10251
  20
-181.04361
  0
VERTEX
  5
2843
  8
Layer_0
  10
-802.84191
  20
-182.82835
  0
VERTEX
  5
2844
  8
Layer_0
  10
-812.57953
  20
-184.55152
  0
VERTEX
  5
2845
  8
Layer_0
  10
-822.31606
  20
-186.21322
  0
VERTEX
  5
2846
  8
Layer_0
  10
-832.05215
  20
-187.81356
  0
VERTEX
  5
2847
  8
Layer_0
  10
-841.78848
  20
-189.35264
  0
VERTEX
  5
2848
  8
Layer_0
  10
-851.52573
  20
-190.83056
  0
VERTEX
  5
2849
  8
Layer_0
  10
-861.26456
  20
-192.24744
  0
VERTEX
  5
284a
  8
Layer_0
  10
-871.00565
  20
-193.60336
  0
VERTEX
  5
284b
  8
Layer_0
  10
-880.74967
  20
-194.89845
  0
VERTEX
  5
284c
  8
Layer_0
  10
-890.49728
  20
-196.13279
  0
VERTEX
  5
284d
  8
Layer_0
  10
-900.24917
  20
-197.3065
  0
VERTEX
  5
284e
  8
Layer_0
  10
-910.006
  20
-198.41968
  0
VERTEX
  5
284f
  8
Layer_0
  10
-919.76844
  20
-199.47244
  0
VERTEX
  5
2850
  8
Layer_0
  10
-929.53717
  20
-200.46487
  0
VERTEX
  5
2851
  8
Layer_0
  10
-939.31286
  20
-201.39708
  0
VERTEX
  5
2852
  8
Layer_0
  10
-949.09618
  20
-202.26918
  0
VERTEX
  5
2853
  8
Layer_0
  10
-958.88779
  20
-203.08126
  0
VERTEX
  5
2854
  8
Layer_0
  10
-968.68839
  20
-203.83345
  0
VERTEX
  5
2855
  8
Layer_0
  10
-978.49862
  20
-204.52582
  0
VERTEX
  5
2856
  8
Layer_0
  10
-988.31917
  20
-205.15851
  0
VERTEX
  5
2857
  8
Layer_0
  10
-998.15071
  20
-205.73159
  0
VERTEX
  5
2858
  8
Layer_0
  10
-1007.9939
  20
-206.24519
  0
VERTEX
  5
2859
  8
Layer_0
  10
-1017.8494
  20
-206.6994
  0
VERTEX
  5
285a
  8
Layer_0
  10
-1027.718
  20
-207.09433
  0
VERTEX
  5
285b
  8
Layer_0
  10
-1037.6002
  20
-207.43008
  0
VERTEX
  5
285c
  8
Layer_0
  10
-1047.4967
  20
-207.70676
  0
VERTEX
  5
285d
  8
Layer_0
  10
-1057.4083
  20
-207.92446
  0
VERTEX
  5
285e
  8
Layer_0
  10
-1067.3356
  20
-208.08331
  0
VERTEX
  5
285f
  8
Layer_0
  10
-1077.2792
  20
-208.18339
  0
VERTEX
  5
2860
  8
Layer_0
  10
-1087.2398
  20
-208.22481
  0
VERTEX
  5
2861
  8
Layer_0
  10
-1097.2182
  20
-208.20768
  0
VERTEX
  5
2862
  8
Layer_0
  10
-1107.2149
  20
-208.1321
  0
VERTEX
  5
2863
  8
Layer_0
  10
-1117.2307
  20
-207.99817
  0
VERTEX
  5
2864
  8
Layer_0
  10
-1127.2662
  20
-207.80601
  0
VERTEX
  5
2865
  8
Layer_0
  10
-1137.3221
  20
-207.5557
  0
VERTEX
  5
2866
  8
Layer_0
  10
-1147.3991
  20
-207.24737
  0
VERTEX
  5
2867
  8
Layer_0
  10
-1157.4978
  20
-206.8811
  0
VERTEX
  5
2868
  8
Layer_0
  10
-1160.909
  20
-206.74504
  0
VERTEX
  5
2869
  8
Layer_0
  10
-1164.2941
  20
-206.60454
  0
VERTEX
  5
286a
  8
Layer_0
  10
-1167.6533
  20
-206.45951
  0
VERTEX
  5
286b
  8
Layer_0
  10
-1170.987
  20
-206.30986
  0
VERTEX
  5
286c
  8
Layer_0
  10
-1177.5793
  20
-205.9964
  0
VERTEX
  5
286d
  8
Layer_0
  10
-1184.0738
  20
-205.66348
  0
VERTEX
  5
286e
  8
Layer_0
  10
-1190.4733
  20
-205.31042
  0
VERTEX
  5
286f
  8
Layer_0
  10
-1196.7806
  20
-204.93655
  0
VERTEX
  5
2870
  8
Layer_0
  10
-1202.9986
  20
-204.54119
  0
VERTEX
  5
2871
  8
Layer_0
  10
-1209.1301
  20
-204.12368
  0
VERTEX
  5
2872
  8
Layer_0
  10
-1215.1779
  20
-203.68333
  0
VERTEX
  5
2873
  8
Layer_0
  10
-1221.1447
  20
-203.21948
  0
VERTEX
  5
2874
  8
Layer_0
  10
-1227.0335
  20
-202.73145
  0
VERTEX
  5
2875
  8
Layer_0
  10
-1232.847
  20
-202.21856
  0
VERTEX
  5
2876
  8
Layer_0
  10
-1238.588
  20
-201.68014
  0
VERTEX
  5
2877
  8
Layer_0
  10
-1244.2594
  20
-201.11552
  0
VERTEX
  5
2878
  8
Layer_0
  10
-1249.864
  20
-200.52402
  0
VERTEX
  5
2879
  8
Layer_0
  10
-1255.4046
  20
-199.90497
  0
VERTEX
  5
287a
  8
Layer_0
  10
-1260.884
  20
-199.25769
  0
VERTEX
  5
287b
  8
Layer_0
  10
-1266.305
  20
-198.58152
  0
VERTEX
  5
287c
  8
Layer_0
  10
-1271.6705
  20
-197.87576
  0
VERTEX
  5
287d
  8
Layer_0
  10
-1276.9832
  20
-197.13976
  0
VERTEX
  5
287e
  8
Layer_0
  10
-1282.246
  20
-196.37284
  0
VERTEX
  5
287f
  8
Layer_0
  10
-1287.4617
  20
-195.57432
  0
VERTEX
  5
2880
  8
Layer_0
  10
-1292.6331
  20
-194.74353
  0
VERTEX
  5
2881
  8
Layer_0
  10
-1297.7631
  20
-193.87979
  0
VERTEX
  5
2882
  8
Layer_0
  10
-1302.8543
  20
-192.98244
  0
VERTEX
  5
2883
  8
Layer_0
  10
-1307.9098
  20
-192.05079
  0
VERTEX
  5
2884
  8
Layer_0
  10
-1312.9322
  20
-191.08417
  0
VERTEX
  5
2885
  8
Layer_0
  10
-1317.9243
  20
-190.08191
  0
VERTEX
  5
2886
  8
Layer_0
  10
-1322.8891
  20
-189.04333
  0
VERTEX
  5
2887
  8
Layer_0
  10
-1327.8293
  20
-187.96777
  0
VERTEX
  5
2888
  8
Layer_0
  10
-1332.7478
  20
-186.85454
  0
VERTEX
  5
2889
  8
Layer_0
  10
-1337.6473
  20
-185.70297
  0
VERTEX
  5
288a
  8
Layer_0
  10
-1342.5306
  20
-184.51238
  0
VERTEX
  5
288b
  8
Layer_0
  10
-1347.4007
  20
-183.28211
  0
VERTEX
  5
288c
  8
Layer_0
  10
-1352.2602
  20
-182.01148
  0
VERTEX
  5
288d
  8
Layer_0
  10
-1357.1121
  20
-180.69981
  0
VERTEX
  5
288e
  8
Layer_0
  10
-1361.959
  20
-179.34644
  0
VERTEX
  5
288f
  8
Layer_0
  10
-1366.804
  20
-177.95068
  0
VERTEX
  5
2890
  8
Layer_0
  10
-1371.6497
  20
-176.51186
  0
VERTEX
  5
2891
  8
Layer_0
  10
-1376.4989
  20
-175.02931
  0
VERTEX
  5
2892
  8
Layer_0
  10
-1381.3546
  20
-173.50235
  0
VERTEX
  5
2893
  8
Layer_0
  10
-1386.2195
  20
-171.93031
  0
VERTEX
  5
2894
  8
Layer_0
  10
-1391.0964
  20
-170.31252
  0
VERTEX
  5
2895
  8
Layer_0
  10
-1395.9882
  20
-168.6483
  0
VERTEX
  5
2896
  8
Layer_0
  10
-1400.8976
  20
-166.93697
  0
VERTEX
  5
2897
  8
Layer_0
  10
-1405.8275
  20
-165.17787
  0
VERTEX
  5
2898
  8
Layer_0
  10
-1410.7806
  20
-163.37031
  0
VERTEX
  5
2899
  8
Layer_0
  10
-1415.7599
  20
-161.51363
  0
VERTEX
  5
289a
  8
Layer_0
  10
-1420.7681
  20
-159.60716
  0
VERTEX
  5
289b
  8
Layer_0
  10
-1425.8081
  20
-157.6502
  0
VERTEX
  5
289c
  8
Layer_0
  10
-1430.8826
  20
-155.6421
  0
VERTEX
  5
289d
  8
Layer_0
  10
-1435.9944
  20
-153.58218
  0
VERTEX
  5
289e
  8
Layer_0
  10
-1441.1465
  20
-151.46975
  0
VERTEX
  5
289f
  8
Layer_0
  10
-1446.3415
  20
-149.30416
  0
VERTEX
  5
28a0
  8
Layer_0
  10
-1451.5824
  20
-147.08473
  0
VERTEX
  5
28a1
  8
Layer_0
  10
-1456.8719
  20
-144.81077
  0
VERTEX
  5
28a2
  8
Layer_0
  10
-1462.2129
  20
-142.48162
  0
VERTEX
  5
28a3
  8
Layer_0
  10
-1467.6081
  20
-140.0966
  0
VERTEX
  5
28a4
  8
Layer_0
  10
-1473.0604
  20
-137.65504
  0
VERTEX
  5
28a5
  8
Layer_0
  10
-1478.5726
  20
-135.15627
  0
VERTEX
  5
28a6
  8
Layer_0
  10
-1484.1476
  20
-132.5996
  0
VERTEX
  5
28a7
  8
Layer_0
  10
-1489.788
  20
-129.98438
  0
VERTEX
  5
28a8
  8
Layer_0
  10
-1495.4968
  20
-127.30991
  0
VERTEX
  5
28a9
  8
Layer_0
  10
-1501.2768
  20
-124.57553
  0
VERTEX
  5
28aa
  8
Layer_0
  10
-1504.3547
  20
-123.11419
  0
VERTEX
  5
28ab
  8
Layer_0
  10
-1507.3535
  20
-121.69384
  0
VERTEX
  5
28ac
  8
Layer_0
  10
-1510.2748
  20
-120.31402
  0
VERTEX
  5
28ad
  8
Layer_0
  10
-1513.1201
  20
-118.97429
  0
VERTEX
  5
28ae
  8
Layer_0
  10
-1515.8909
  20
-117.67417
  0
VERTEX
  5
28af
  8
Layer_0
  10
-1518.5889
  20
-116.41323
  0
VERTEX
  5
28b0
  8
Layer_0
  10
-1521.2156
  20
-115.191
  0
VERTEX
  5
28b1
  8
Layer_0
  10
-1523.7725
  20
-114.00704
  0
VERTEX
  5
28b2
  8
Layer_0
  10
-1526.2613
  20
-112.86088
  0
VERTEX
  5
28b3
  8
Layer_0
  10
-1528.6835
  20
-111.75208
  0
VERTEX
  5
28b4
  8
Layer_0
  10
-1531.0406
  20
-110.68018
  0
VERTEX
  5
28b5
  8
Layer_0
  10
-1533.3343
  20
-109.64472
  0
VERTEX
  5
28b6
  8
Layer_0
  10
-1535.566
  20
-108.64525
  0
VERTEX
  5
28b7
  8
Layer_0
  10
-1537.7374
  20
-107.68132
  0
VERTEX
  5
28b8
  8
Layer_0
  10
-1539.85
  20
-106.75247
  0
VERTEX
  5
28b9
  8
Layer_0
  10
-1541.9053
  20
-105.85824
  0
VERTEX
  5
28ba
  8
Layer_0
  10
-1543.905
  20
-104.9982
  0
VERTEX
  5
28bb
  8
Layer_0
  10
-1545.8506
  20
-104.17187
  0
VERTEX
  5
28bc
  8
Layer_0
  10
-1547.7436
  20
-103.3788
  0
VERTEX
  5
28bd
  8
Layer_0
  10
-1549.5857
  20
-102.61855
  0
VERTEX
  5
28be
  8
Layer_0
  10
-1551.3783
  20
-101.89065
  0
VERTEX
  5
28bf
  8
Layer_0
  10
-1553.1231
  20
-101.19466
  0
VERTEX
  5
28c0
  8
Layer_0
  10
-1554.8216
  20
-100.53012
  0
VERTEX
  5
28c1
  8
Layer_0
  10
-1556.4754
  20
-99.896563
  0
VERTEX
  5
28c2
  8
Layer_0
  10
-1558.086
  20
-99.293551
  0
VERTEX
  5
28c3
  8
Layer_0
  10
-1559.6551
  20
-98.720625
  0
VERTEX
  5
28c4
  8
Layer_0
  10
-1561.184
  20
-98.177329
  0
VERTEX
  5
28c5
  8
Layer_0
  10
-1562.6746
  20
-97.66321
  0
VERTEX
  5
28c6
  8
Layer_0
  10
-1564.1282
  20
-97.177814
  0
VERTEX
  5
28c7
  8
Layer_0
  10
-1565.5465
  20
-96.720687
  0
VERTEX
  5
28c8
  8
Layer_0
  10
-1566.9309
  20
-96.291373
  0
VERTEX
  5
28c9
  8
Layer_0
  10
-1568.2832
  20
-95.88942
  0
VERTEX
  5
28ca
  8
Layer_0
  10
-1569.6048
  20
-95.514372
  0
VERTEX
  5
28cb
  8
Layer_0
  10
-1570.8973
  20
-95.165775
  0
VERTEX
  5
28cc
  8
Layer_0
  10
-1572.1623
  20
-94.843176
  0
VERTEX
  5
28cd
  8
Layer_0
  10
-1573.4014
  20
-94.546119
  0
VERTEX
  5
28ce
  8
Layer_0
  10
-1574.616
  20
-94.274151
  0
VERTEX
  5
28cf
  8
Layer_0
  10
-1575.8078
  20
-94.026818
  0
VERTEX
  5
28d0
  8
Layer_0
  10
-1576.9783
  20
-93.803664
  0
VERTEX
  5
28d1
  8
Layer_0
  10
-1578.1291
  20
-93.604237
  0
VERTEX
  5
28d2
  8
Layer_0
  10
-1579.2617
  20
-93.428081
  0
VERTEX
  5
28d3
  8
Layer_0
  10
-1580.3778
  20
-93.274742
  0
VERTEX
  5
28d4
  8
Layer_0
  10
-1581.4788
  20
-93.143767
  0
VERTEX
  5
28d5
  8
Layer_0
  10
-1582.5664
  20
-93.0347
  0
VERTEX
  5
28d6
  8
Layer_0
  10
-1584.7074
  20
-92.880477
  0
VERTEX
  5
28d7
  8
Layer_0
  10
-1586.8134
  20
-92.808438
  0
VERTEX
  5
28d8
  8
Layer_0
  10
-1588.8967
  20
-92.814949
  0
VERTEX
  5
28d9
  8
Layer_0
  10
-1590.97
  20
-92.896377
  0
VERTEX
  5
28da
  8
Layer_0
  10
-1593.0458
  20
-93.049087
  0
VERTEX
  5
28db
  8
Layer_0
  10
-1595.1365
  20
-93.269445
  0
VERTEX
  5
28dc
  8
Layer_0
  10
-1597.2546
  20
-93.553818
  0
VERTEX
  5
28dd
  8
Layer_0
  10
-1599.4127
  20
-93.898571
  0
VERTEX
  5
28de
  8
Layer_0
  10
-1601.6232
  20
-94.300071
  0
VERTEX
  5
28df
  8
Layer_0
  10
-1603.8987
  20
-94.754683
  0
VERTEX
  5
28e0
  8
Layer_0
  10
-1605.9283
  20
-95.2001
  0
VERTEX
  5
28e1
  8
Layer_0
  10
-1607.9318
  20
-95.688104
  0
VERTEX
  5
28e2
  8
Layer_0
  10
-1609.909
  20
-96.218271
  0
VERTEX
  5
28e3
  8
Layer_0
  10
-1611.8597
  20
-96.790173
  0
VERTEX
  5
28e4
  8
Layer_0
  10
-1613.7834
  20
-97.403386
  0
VERTEX
  5
28e5
  8
Layer_0
  10
-1615.68
  20
-98.057483
  0
VERTEX
  5
28e6
  8
Layer_0
  10
-1617.5491
  20
-98.752039
  0
VERTEX
  5
28e7
  8
Layer_0
  10
-1619.3904
  20
-99.486627
  0
VERTEX
  5
28e8
  8
Layer_0
  10
-1621.2037
  20
-100.26082
  0
VERTEX
  5
28e9
  8
Layer_0
  10
-1622.9887
  20
-101.0742
  0
VERTEX
  5
28ea
  8
Layer_0
  10
-1624.745
  20
-101.92633
  0
VERTEX
  5
28eb
  8
Layer_0
  10
-1626.4724
  20
-102.81679
  0
VERTEX
  5
28ec
  8
Layer_0
  10
-1628.1707
  20
-103.74515
  0
VERTEX
  5
28ed
  8
Layer_0
  10
-1629.8394
  20
-104.71099
  0
VERTEX
  5
28ee
  8
Layer_0
  10
-1631.4784
  20
-105.71388
  0
VERTEX
  5
28ef
  8
Layer_0
  10
-1633.0873
  20
-106.7534
  0
VERTEX
  5
28f0
  8
Layer_0
  10
-1634.6659
  20
-107.82912
  0
VERTEX
  5
28f1
  8
Layer_0
  10
-1636.2138
  20
-108.94061
  0
VERTEX
  5
28f2
  8
Layer_0
  10
-1637.7309
  20
-110.08744
  0
VERTEX
  5
28f3
  8
Layer_0
  10
-1639.2166
  20
-111.26921
  0
VERTEX
  5
28f4
  8
Layer_0
  10
-1640.6709
  20
-112.48546
  0
VERTEX
  5
28f5
  8
Layer_0
  10
-1642.0934
  20
-113.73579
  0
VERTEX
  5
28f6
  8
Layer_0
  10
-1643.4839
  20
-115.01976
  0
VERTEX
  5
28f7
  8
Layer_0
  10
-1644.8419
  20
-116.33695
  0
VERTEX
  5
28f8
  8
Layer_0
  10
-1646.1673
  20
-117.68694
  0
VERTEX
  5
28f9
  8
Layer_0
  10
-1647.4598
  20
-119.06929
  0
VERTEX
  5
28fa
  8
Layer_0
  10
-1648.719
  20
-120.48358
  0
VERTEX
  5
28fb
  8
Layer_0
  10
-1649.9447
  20
-121.92939
  0
VERTEX
  5
28fc
  8
Layer_0
  10
-1651.1365
  20
-123.40628
  0
VERTEX
  5
28fd
  8
Layer_0
  10
-1652.2943
  20
-124.91384
  0
VERTEX
  5
28fe
  8
Layer_0
  10
-1653.4177
  20
-126.45164
  0
VERTEX
  5
28ff
  8
Layer_0
  10
-1654.5065
  20
-128.01925
  0
VERTEX
  5
2900
  8
Layer_0
  10
-1655.5602
  20
-129.61625
  0
VERTEX
  5
2901
  8
Layer_0
  10
-1656.5787
  20
-131.2422
  0
VERTEX
  5
2902
  8
Layer_0
  10
-1657.5617
  20
-132.89669
  0
VERTEX
  5
2903
  8
Layer_0
  10
-1658.5089
  20
-134.57929
  0
VERTEX
  5
2904
  8
Layer_0
  10
-1659.4199
  20
-136.28957
  0
VERTEX
  5
2905
  8
Layer_0
  10
-1660.2945
  20
-138.02711
  0
VERTEX
  5
2906
  8
Layer_0
  10
-1661.1325
  20
-139.79147
  0
VERTEX
  5
2907
  8
Layer_0
  10
-1661.9334
  20
-141.58225
  0
VERTEX
  5
2908
  8
Layer_0
  10
-1662.6971
  20
-143.399
  0
VERTEX
  5
2909
  8
Layer_0
  10
-1663.4232
  20
-145.2413
  0
VERTEX
  5
290a
  8
Layer_0
  10
-1664.1115
  20
-147.10873
  0
VERTEX
  5
290b
  8
Layer_0
  10
-1664.7616
  20
-149.00087
  0
VERTEX
  5
290c
  8
Layer_0
  10
-1665.3734
  20
-150.91728
  0
VERTEX
  5
290d
  8
Layer_0
  10
-1665.9464
  20
-152.85753
  0
VERTEX
  5
290e
  8
Layer_0
  10
-1666.4804
  20
-154.82122
  0
VERTEX
  5
290f
  8
Layer_0
  10
-1666.9751
  20
-156.8079
  0
VERTEX
  5
2910
  8
Layer_0
  10
-1667.4303
  20
-158.81715
  0
VERTEX
  5
2911
  8
Layer_0
  10
-1667.8455
  20
-160.84855
  0
VERTEX
  5
2912
  8
Layer_0
  10
-1668.2207
  20
-162.90166
  0
VERTEX
  5
2913
  8
Layer_0
  10
-1668.5554
  20
-164.97608
  0
VERTEX
  5
2914
  8
Layer_0
  10
-1668.8493
  20
-167.07136
  0
VERTEX
  5
2915
  8
Layer_0
  10
-1669.1023
  20
-169.18708
  0
VERTEX
  5
2916
  8
Layer_0
  10
-1669.3139
  20
-171.32282
  0
VERTEX
  5
2917
  8
Layer_0
  10
-1669.484
  20
-173.47816
  0
VERTEX
  5
2918
  8
Layer_0
  10
-1669.6121
  20
-175.65265
  0
VERTEX
  5
2919
  8
Layer_0
  10
-1669.6981
  20
-177.84589
  0
VERTEX
  5
291a
  8
Layer_0
  10
-1669.7416
  20
-180.05744
  0
VERTEX
  5
291b
  8
Layer_0
  10
-1669.7424
  20
-182.28688
  0
VERTEX
  5
291c
  8
Layer_0
  10
-1669.7002
  20
-184.53378
  0
VERTEX
  5
291d
  8
Layer_0
  10
-1669.6146
  20
-186.79771
  0
VERTEX
  5
291e
  8
Layer_0
  10
-1669.4854
  20
-189.07825
  0
VERTEX
  5
291f
  8
Layer_0
  10
-1669.3123
  20
-191.37498
  0
VERTEX
  5
2920
  8
Layer_0
  10
-1669.1806
  20
-192.88008
  0
VERTEX
  5
2921
  8
Layer_0
  10
-1669.0425
  20
-194.3574
  0
VERTEX
  5
2922
  8
Layer_0
  10
-1668.8975
  20
-195.80782
  0
VERTEX
  5
2923
  8
Layer_0
  10
-1668.7453
  20
-197.23216
  0
VERTEX
  5
2924
  8
Layer_0
  10
-1668.5852
  20
-198.63129
  0
VERTEX
  5
2925
  8
Layer_0
  10
-1668.4169
  20
-200.00603
  0
VERTEX
  5
2926
  8
Layer_0
  10
-1668.24
  20
-201.35725
  0
VERTEX
  5
2927
  8
Layer_0
  10
-1668.054
  20
-202.68579
  0
VERTEX
  5
2928
  8
Layer_0
  10
-1667.6528
  20
-205.27821
  0
VERTEX
  5
2929
  8
Layer_0
  10
-1667.2098
  20
-207.79006
  0
VERTEX
  5
292a
  8
Layer_0
  10
-1666.7214
  20
-210.22813
  0
VERTEX
  5
292b
  8
Layer_0
  10
-1666.184
  20
-212.59919
  0
VERTEX
  5
292c
  8
Layer_0
  10
-1665.594
  20
-214.91001
  0
VERTEX
  5
292d
  8
Layer_0
  10
-1664.9479
  20
-217.16737
  0
VERTEX
  5
292e
  8
Layer_0
  10
-1664.2421
  20
-219.37804
  0
VERTEX
  5
292f
  8
Layer_0
  10
-1663.4728
  20
-221.54879
  0
VERTEX
  5
2930
  8
Layer_0
  10
-1662.6367
  20
-223.68642
  0
VERTEX
  5
2931
  8
Layer_0
  10
-1661.7301
  20
-225.79768
  0
VERTEX
  5
2932
  8
Layer_0
  10
-1660.7493
  20
-227.88935
  0
VERTEX
  5
2933
  8
Layer_0
  10
-1659.6909
  20
-229.96822
  0
VERTEX
  5
2934
  8
Layer_0
  10
-1658.5512
  20
-232.04105
  0
VERTEX
  5
2935
  8
Layer_0
  10
-1657.3267
  20
-234.11462
  0
VERTEX
  5
2936
  8
Layer_0
  10
-1656.0137
  20
-236.1957
  0
VERTEX
  5
2937
  8
Layer_0
  10
-1654.6086
  20
-238.29107
  0
VERTEX
  5
2938
  8
Layer_0
  10
-1653.8705
  20
-239.34624
  0
VERTEX
  5
2939
  8
Layer_0
  10
-1653.108
  20
-240.40751
  0
VERTEX
  5
293a
  8
Layer_0
  10
-1652.3207
  20
-241.47575
  0
VERTEX
  5
293b
  8
Layer_0
  10
-1651.5081
  20
-242.55179
  0
VERTEX
  5
293c
  8
Layer_0
  10
-1650.6699
  20
-243.63649
  0
VERTEX
  5
293d
  8
Layer_0
  10
-1649.8055
  20
-244.73069
  0
VERTEX
  5
293e
  8
Layer_0
  10
-1648.9145
  20
-245.83523
  0
VERTEX
  5
293f
  8
Layer_0
  10
-1647.9964
  20
-246.95097
  0
VERTEX
  5
2940
  8
Layer_0
  10
-1647.0509
  20
-248.07875
  0
VERTEX
  5
2941
  8
Layer_0
  10
-1646.0774
  20
-249.21942
  0
VERTEX
  5
2942
  8
Layer_0
  10
-1645.0756
  20
-250.37383
  0
VERTEX
  5
2943
  8
Layer_0
  10
-1644.0449
  20
-251.54282
  0
VERTEX
  5
2944
  8
Layer_0
  10
-1642.9849
  20
-252.72723
  0
VERTEX
  5
2945
  8
Layer_0
  10
-1641.8952
  20
-253.92793
  0
VERTEX
  5
2946
  8
Layer_0
  10
-1640.7753
  20
-255.14574
  0
VERTEX
  5
2947
  8
Layer_0
  10
-1639.6248
  20
-256.38153
  0
VERTEX
  5
2948
  8
Layer_0
  10
-1638.4431
  20
-257.63613
  0
VERTEX
  5
2949
  8
Layer_0
  10
-1637.23
  20
-258.91039
  0
VERTEX
  5
294a
  8
Layer_0
  10
-1635.9849
  20
-260.20517
  0
VERTEX
  5
294b
  8
Layer_0
  10
-1634.7074
  20
-261.5213
  0
VERTEX
  5
294c
  8
Layer_0
  10
-1633.3969
  20
-262.85964
  0
VERTEX
  5
294d
  8
Layer_0
  10
-1632.0532
  20
-264.22103
  0
VERTEX
  5
294e
  8
Layer_0
  10
-1630.6757
  20
-265.60632
  0
VERTEX
  5
294f
  8
Layer_0
  10
-1629.264
  20
-267.01635
  0
VERTEX
  5
2950
  8
Layer_0
  10
-1626.3257
  20
-269.90304
  0
VERTEX
  5
2951
  8
Layer_0
  10
-1623.3838
  20
-272.71491
  0
VERTEX
  5
2952
  8
Layer_0
  10
-1620.4345
  20
-275.4541
  0
VERTEX
  5
2953
  8
Layer_0
  10
-1617.4742
  20
-278.12277
  0
VERTEX
  5
2954
  8
Layer_0
  10
-1614.4991
  20
-280.72306
  0
VERTEX
  5
2955
  8
Layer_0
  10
-1611.5055
  20
-283.25713
  0
VERTEX
  5
2956
  8
Layer_0
  10
-1608.4897
  20
-285.72713
  0
VERTEX
  5
2957
  8
Layer_0
  10
-1605.4478
  20
-288.13522
  0
VERTEX
  5
2958
  8
Layer_0
  10
-1602.3763
  20
-290.48354
  0
VERTEX
  5
2959
  8
Layer_0
  10
-1599.2713
  20
-292.77424
  0
VERTEX
  5
295a
  8
Layer_0
  10
-1596.1291
  20
-295.00948
  0
VERTEX
  5
295b
  8
Layer_0
  10
-1592.9461
  20
-297.19141
  0
VERTEX
  5
295c
  8
Layer_0
  10
-1589.7184
  20
-299.32218
  0
VERTEX
  5
295d
  8
Layer_0
  10
-1586.4423
  20
-301.40394
  0
VERTEX
  5
295e
  8
Layer_0
  10
-1583.1141
  20
-303.43885
  0
VERTEX
  5
295f
  8
Layer_0
  10
-1579.7302
  20
-305.42905
  0
VERTEX
  5
2960
  8
Layer_0
  10
-1576.2866
  20
-307.3767
  0
VERTEX
  5
2961
  8
Layer_0
  10
-1572.7798
  20
-309.28394
  0
VERTEX
  5
2962
  8
Layer_0
  10
-1569.2059
  20
-311.15294
  0
VERTEX
  5
2963
  8
Layer_0
  10
-1565.5613
  20
-312.98584
  0
VERTEX
  5
2964
  8
Layer_0
  10
-1561.8423
  20
-314.7848
  0
VERTEX
  5
2965
  8
Layer_0
  10
-1558.045
  20
-316.55196
  0
VERTEX
  5
2966
  8
Layer_0
  10
-1554.1657
  20
-318.28948
  0
VERTEX
  5
2967
  8
Layer_0
  10
-1550.2008
  20
-319.9995
  0
VERTEX
  5
2968
  8
Layer_0
  10
-1546.1465
  20
-321.68419
  0
VERTEX
  5
2969
  8
Layer_0
  10
-1541.9991
  20
-323.34569
  0
VERTEX
  5
296a
  8
Layer_0
  10
-1539.8893
  20
-324.16842
  0
VERTEX
  5
296b
  8
Layer_0
  10
-1537.7548
  20
-324.98616
  0
VERTEX
  5
296c
  8
Layer_0
  10
-1535.5952
  20
-325.79918
  0
VERTEX
  5
296d
  8
Layer_0
  10
-1533.4099
  20
-326.60774
  0
VERTEX
  5
296e
  8
Layer_0
  10
-1531.1986
  20
-327.41212
  0
VERTEX
  5
296f
  8
Layer_0
  10
-1528.9607
  20
-328.21259
  0
VERTEX
  5
2970
  8
Layer_0
  10
-1526.6958
  20
-329.00941
  0
VERTEX
  5
2971
  8
Layer_0
  10
-1524.4034
  20
-329.80286
  0
VERTEX
  5
2972
  8
Layer_0
  10
-1522.0831
  20
-330.5932
  0
VERTEX
  5
2973
  8
Layer_0
  10
-1519.7344
  20
-331.3807
  0
VERTEX
  5
2974
  8
Layer_0
  10
-1517.3568
  20
-332.16563
  0
VERTEX
  5
2975
  8
Layer_0
  10
-1514.9498
  20
-332.94826
  0
VERTEX
  5
2976
  8
Layer_0
  10
-1509.2404
  20
-334.75763
  0
VERTEX
  5
2977
  8
Layer_0
  10
-1503.45
  20
-336.52663
  0
VERTEX
  5
2978
  8
Layer_0
  10
-1497.5771
  20
-338.25554
  0
VERTEX
  5
2979
  8
Layer_0
  10
-1491.6199
  20
-339.94461
  0
VERTEX
  5
297a
  8
Layer_0
  10
-1485.5772
  20
-341.59409
  0
VERTEX
  5
297b
  8
Layer_0
  10
-1479.4473
  20
-343.20426
  0
VERTEX
  5
297c
  8
Layer_0
  10
-1473.2286
  20
-344.77537
  0
VERTEX
  5
297d
  8
Layer_0
  10
-1466.9198
  20
-346.30768
  0
VERTEX
  5
297e
  8
Layer_0
  10
-1463.731
  20
-347.05937
  0
VERTEX
  5
297f
  8
Layer_0
  10
-1460.5192
  20
-347.80145
  0
VERTEX
  5
2980
  8
Layer_0
  10
-1457.284
  20
-348.53396
  0
VERTEX
  5
2981
  8
Layer_0
  10
-1454.0252
  20
-349.25694
  0
VERTEX
  5
2982
  8
Layer_0
  10
-1450.7428
  20
-349.97041
  0
VERTEX
  5
2983
  8
Layer_0
  10
-1447.4365
  20
-350.67441
  0
VERTEX
  5
2984
  8
Layer_0
  10
-1444.1061
  20
-351.36896
  0
VERTEX
  5
2985
  8
Layer_0
  10
-1440.7514
  20
-352.05411
  0
VERTEX
  5
2986
  8
Layer_0
  10
-1437.3723
  20
-352.72989
  0
VERTEX
  5
2987
  8
Layer_0
  10
-1433.9685
  20
-353.39632
  0
VERTEX
  5
2988
  8
Layer_0
  10
-1430.5398
  20
-354.05344
  0
VERTEX
  5
2989
  8
Layer_0
  10
-1427.0861
  20
-354.70129
  0
VERTEX
  5
298a
  8
Layer_0
  10
-1423.6072
  20
-355.33989
  0
VERTEX
  5
298b
  8
Layer_0
  10
-1420.1028
  20
-355.96927
  0
VERTEX
  5
298c
  8
Layer_0
  10
-1416.5728
  20
-356.58948
  0
VERTEX
  5
298d
  8
Layer_0
  10
-1413.017
  20
-357.20054
  0
VERTEX
  5
298e
  8
Layer_0
  10
-1409.4352
  20
-357.80248
  0
VERTEX
  5
298f
  8
Layer_0
  10
-1405.8272
  20
-358.39534
  0
VERTEX
  5
2990
  8
Layer_0
  10
-1402.1929
  20
-358.97915
  0
VERTEX
  5
2991
  8
Layer_0
  10
-1398.532
  20
-359.55394
  0
VERTEX
  5
2992
  8
Layer_0
  10
-1394.8443
  20
-360.11975
  0
VERTEX
  5
2993
  8
Layer_0
  10
-1391.1296
  20
-360.67661
  0
VERTEX
  5
2994
  8
Layer_0
  10
-1387.3878
  20
-361.22454
  0
VERTEX
  5
2995
  8
Layer_0
  10
-1383.6187
  20
-361.76358
  0
VERTEX
  5
2996
  8
Layer_0
  10
-1379.822
  20
-362.29378
  0
VERTEX
  5
2997
  8
Layer_0
  10
-1375.9977
  20
-362.81514
  0
VERTEX
  5
2998
  8
Layer_0
  10
-1372.1454
  20
-363.32772
  0
VERTEX
  5
2999
  8
Layer_0
  10
-1368.265
  20
-363.83154
  0
VERTEX
  5
299a
  8
Layer_0
  10
-1364.3563
  20
-364.32663
  0
VERTEX
  5
299b
  8
Layer_0
  10
-1360.4191
  20
-364.81303
  0
VERTEX
  5
299c
  8
Layer_0
  10
-1356.4533
  20
-365.29077
  0
VERTEX
  5
299d
  8
Layer_0
  10
-1352.4586
  20
-365.75989
  0
VERTEX
  5
299e
  8
Layer_0
  10
-1348.4348
  20
-366.2204
  0
VERTEX
  5
299f
  8
Layer_0
  10
-1344.3818
  20
-366.67236
  0
VERTEX
  5
29a0
  8
Layer_0
  10
-1340.2994
  20
-367.11578
  0
VERTEX
  5
29a1
  8
Layer_0
  10
-1336.1873
  20
-367.55071
  0
VERTEX
  5
29a2
  8
Layer_0
  10
-1332.0454
  20
-367.97716
  0
VERTEX
  5
29a3
  8
Layer_0
  10
-1327.8735
  20
-368.39519
  0
VERTEX
  5
29a4
  8
Layer_0
  10
-1323.6714
  20
-368.80482
  0
VERTEX
  5
29a5
  8
Layer_0
  10
-1319.4389
  20
-369.20607
  0
VERTEX
  5
29a6
  8
Layer_0
  10
-1315.1758
  20
-369.599
  0
VERTEX
  5
29a7
  8
Layer_0
  10
-1310.8819
  20
-369.98362
  0
VERTEX
  5
29a8
  8
Layer_0
  10
-1306.557
  20
-370.35996
  0
VERTEX
  5
29a9
  8
Layer_0
  10
-1302.201
  20
-370.72807
  0
VERTEX
  5
29aa
  8
Layer_0
  10
-1297.8137
  20
-371.08798
  0
VERTEX
  5
29ab
  8
Layer_0
  10
-1293.3948
  20
-371.43971
  0
VERTEX
  5
29ac
  8
Layer_0
  10
-1288.9442
  20
-371.7833
  0
VERTEX
  5
29ad
  8
Layer_0
  10
-1284.4616
  20
-372.11878
  0
VERTEX
  5
29ae
  8
Layer_0
  10
-1281.4695
  20
-372.33426
  0
VERTEX
  5
29af
  8
Layer_0
  10
-1278.5291
  20
-372.53554
  0
VERTEX
  5
29b0
  8
Layer_0
  10
-1275.6378
  20
-372.72214
  0
VERTEX
  5
29b1
  8
Layer_0
  10
-1272.7926
  20
-372.89357
  0
VERTEX
  5
29b2
  8
Layer_0
  10
-1269.9907
  20
-373.04936
  0
VERTEX
  5
29b3
  8
Layer_0
  10
-1267.2295
  20
-373.18903
  0
VERTEX
  5
29b4
  8
Layer_0
  10
-1264.5059
  20
-373.3121
  0
VERTEX
  5
29b5
  8
Layer_0
  10
-1261.8174
  20
-373.41809
  0
VERTEX
  5
29b6
  8
Layer_0
  10
-1259.1609
  20
-373.50652
  0
VERTEX
  5
29b7
  8
Layer_0
  10
-1256.5337
  20
-373.57692
  0
VERTEX
  5
29b8
  8
Layer_0
  10
-1253.9331
  20
-373.62881
  0
VERTEX
  5
29b9
  8
Layer_0
  10
-1251.3562
  20
-373.6617
  0
VERTEX
  5
29ba
  8
Layer_0
  10
-1248.8001
  20
-373.67512
  0
VERTEX
  5
29bb
  8
Layer_0
  10
-1246.2622
  20
-373.66858
  0
VERTEX
  5
29bc
  8
Layer_0
  10
-1243.7395
  20
-373.64162
  0
VERTEX
  5
29bd
  8
Layer_0
  10
-1241.2293
  20
-373.59375
  0
VERTEX
  5
29be
  8
Layer_0
  10
-1236.235
  20
-373.43336
  0
VERTEX
  5
29bf
  8
Layer_0
  10
-1231.2569
  20
-373.18359
  0
VERTEX
  5
29c0
  8
Layer_0
  10
-1228.7669
  20
-373.02399
  0
VERTEX
  5
29c1
  8
Layer_0
  10
-1226.2724
  20
-372.84061
  0
VERTEX
  5
29c2
  8
Layer_0
  10
-1223.7708
  20
-372.63296
  0
VERTEX
  5
29c3
  8
Layer_0
  10
-1221.2592
  20
-372.40058
  0
VERTEX
  5
29c4
  8
Layer_0
  10
-1218.7348
  20
-372.14298
  0
VERTEX
  5
29c5
  8
Layer_0
  10
-1216.1947
  20
-371.85968
  0
VERTEX
  5
29c6
  8
Layer_0
  10
-1213.6362
  20
-371.5502
  0
VERTEX
  5
29c7
  8
Layer_0
  10
-1211.0565
  20
-371.21407
  0
VERTEX
  5
29c8
  8
Layer_0
  10
-1208.4527
  20
-370.8508
  0
VERTEX
  5
29c9
  8
Layer_0
  10
-1205.8221
  20
-370.45992
  0
VERTEX
  5
29ca
  8
Layer_0
  10
-1203.1618
  20
-370.04095
  0
VERTEX
  5
29cb
  8
Layer_0
  10
-1200.469
  20
-369.59341
  0
VERTEX
  5
29cc
  8
Layer_0
  10
-1197.7409
  20
-369.11682
  0
VERTEX
  5
29cd
  8
Layer_0
  10
-1194.9747
  20
-368.6107
  0
VERTEX
  5
29ce
  8
Layer_0
  10
-1192.1677
  20
-368.07457
  0
VERTEX
  5
29cf
  8
Layer_0
  10
-1189.3169
  20
-367.50795
  0
VERTEX
  5
29d0
  8
Layer_0
  10
-1186.4195
  20
-366.91037
  0
VERTEX
  5
29d1
  8
Layer_0
  10
-1183.4729
  20
-366.28135
  0
VERTEX
  5
29d2
  8
Layer_0
  10
-1180.4741
  20
-365.6204
  0
VERTEX
  5
29d3
  8
Layer_0
  10
-1177.4204
  20
-364.92706
  0
VERTEX
  5
29d4
  8
Layer_0
  10
-1174.3089
  20
-364.20083
  0
VERTEX
  5
29d5
  8
Layer_0
  10
-1171.1368
  20
-363.44124
  0
VERTEX
  5
29d6
  8
Layer_0
  10
-1167.9014
  20
-362.64781
  0
VERTEX
  5
29d7
  8
Layer_0
  10
-1164.5998
  20
-361.82007
  0
VERTEX
  5
29d8
  8
Layer_0
  10
-1161.2292
  20
-360.95753
  0
VERTEX
  5
29d9
  8
Layer_0
  10
-1157.7868
  20
-360.05972
  0
VERTEX
  5
29da
  8
Layer_0
  10
-1154.2697
  20
-359.12615
  0
VERTEX
  5
29db
  8
Layer_0
  10
-1150.6753
  20
-358.15635
  0
VERTEX
  5
29dc
  8
Layer_0
  10
-1147.0006
  20
-357.14984
  0
VERTEX
  5
29dd
  8
Layer_0
  10
-1143.2429
  20
-356.10614
  0
VERTEX
  5
29de
  8
Layer_0
  10
-1139.3993
  20
-355.02476
  0
VERTEX
  5
29df
  8
Layer_0
  10
-1135.4671
  20
-353.90525
  0
VERTEX
  5
29e0
  8
Layer_0
  10
-1133.4669
  20
-353.33103
  0
VERTEX
  5
29e1
  8
Layer_0
  10
-1131.4434
  20
-352.7471
  0
VERTEX
  5
29e2
  8
Layer_0
  10
-1129.3964
  20
-352.15339
  0
VERTEX
  5
29e3
  8
Layer_0
  10
-1127.3255
  20
-351.54985
  0
VERTEX
  5
29e4
  8
Layer_0
  10
-1125.2303
  20
-350.93641
  0
VERTEX
  5
29e5
  8
Layer_0
  10
-1123.1104
  20
-350.31301
  0
VERTEX
  5
29e6
  8
Layer_0
  10
-1120.9656
  20
-349.6796
  0
VERTEX
  5
29e7
  8
Layer_0
  10
-1118.7955
  20
-349.03611
  0
VERTEX
  5
29e8
  8
Layer_0
  10
-1116.5997
  20
-348.38249
  0
VERTEX
  5
29e9
  8
Layer_0
  10
-1114.3779
  20
-347.71867
  0
VERTEX
  5
29ea
  8
Layer_0
  10
-1112.1296
  20
-347.0446
  0
VERTEX
  5
29eb
  8
Layer_0
  10
-1109.8547
  20
-346.36021
  0
VERTEX
  5
29ec
  8
Layer_0
  10
-1107.5527
  20
-345.66544
  0
VERTEX
  5
29ed
  8
Layer_0
  10
-1105.2232
  20
-344.96024
  0
VERTEX
  5
29ee
  8
Layer_0
  10
-1102.866
  20
-344.24455
  0
VERTEX
  5
29ef
  8
Layer_0
  10
-1100.4807
  20
-343.5183
  0
VERTEX
  5
29f0
  8
Layer_0
  10
-1098.0668
  20
-342.78144
  0
VERTEX
  5
29f1
  8
Layer_0
  10
-1095.6241
  20
-342.0339
  0
VERTEX
  5
29f2
  8
Layer_0
  10
-1093.1523
  20
-341.27563
  0
VERTEX
  5
29f3
  8
Layer_0
  10
-1090.6508
  20
-340.50656
  0
VERTEX
  5
29f4
  8
Layer_0
  10
-1088.1196
  20
-339.72664
  0
VERTEX
  5
29f5
  8
Layer_0
  10
-1085.558
  20
-338.93581
  0
VERTEX
  5
29f6
  8
Layer_0
  10
-1082.9659
  20
-338.13401
  0
VERTEX
  5
29f7
  8
Layer_0
  10
-1080.3428
  20
-337.32117
  0
VERTEX
  5
29f8
  8
Layer_0
  10
-1077.3789
  20
-336.40403
  0
VERTEX
  5
29f9
  8
Layer_0
  10
-1074.4612
  20
-335.50559
  0
VERTEX
  5
29fa
  8
Layer_0
  10
-1071.5889
  20
-334.62564
  0
VERTEX
  5
29fb
  8
Layer_0
  10
-1068.7611
  20
-333.76397
  0
VERTEX
  5
29fc
  8
Layer_0
  10
-1065.9768
  20
-332.92037
  0
VERTEX
  5
29fd
  8
Layer_0
  10
-1063.235
  20
-332.09466
  0
VERTEX
  5
29fe
  8
Layer_0
  10
-1060.5349
  20
-331.28661
  0
VERTEX
  5
29ff
  8
Layer_0
  10
-1057.8754
  20
-330.49603
  0
VERTEX
  5
2a00
  8
Layer_0
  10
-1055.2557
  20
-329.72271
  0
VERTEX
  5
2a01
  8
Layer_0
  10
-1052.6748
  20
-328.96645
  0
VERTEX
  5
2a02
  8
Layer_0
  10
-1050.1318
  20
-328.22704
  0
VERTEX
  5
2a03
  8
Layer_0
  10
-1047.6257
  20
-327.50427
  0
VERTEX
  5
2a04
  8
Layer_0
  10
-1045.1556
  20
-326.79795
  0
VERTEX
  5
2a05
  8
Layer_0
  10
-1042.7206
  20
-326.10787
  0
VERTEX
  5
2a06
  8
Layer_0
  10
-1040.3197
  20
-325.43382
  0
VERTEX
  5
2a07
  8
Layer_0
  10
-1037.952
  20
-324.77561
  0
VERTEX
  5
2a08
  8
Layer_0
  10
-1035.6166
  20
-324.13301
  0
VERTEX
  5
2a09
  8
Layer_0
  10
-1033.3124
  20
-323.50584
  0
VERTEX
  5
2a0a
  8
Layer_0
  10
-1031.0387
  20
-322.89388
  0
VERTEX
  5
2a0b
  8
Layer_0
  10
-1028.7944
  20
-322.29694
  0
VERTEX
  5
2a0c
  8
Layer_0
  10
-1026.5785
  20
-321.7148
  0
VERTEX
  5
2a0d
  8
Layer_0
  10
-1024.3903
  20
-321.14727
  0
VERTEX
  5
2a0e
  8
Layer_0
  10
-1022.2287
  20
-320.59413
  0
VERTEX
  5
2a0f
  8
Layer_0
  10
-1020.0927
  20
-320.05519
  0
VERTEX
  5
2a10
  8
Layer_0
  10
-1017.9816
  20
-319.53024
  0
VERTEX
  5
2a11
  8
Layer_0
  10
-1015.8942
  20
-319.01907
  0
VERTEX
  5
2a12
  8
Layer_0
  10
-1013.8297
  20
-318.52148
  0
VERTEX
  5
2a13
  8
Layer_0
  10
-1011.7871
  20
-318.03727
  0
VERTEX
  5
2a14
  8
Layer_0
  10
-1007.7641
  20
-317.10816
  0
VERTEX
  5
2a15
  8
Layer_0
  10
-1003.8176
  20
-316.23009
  0
VERTEX
  5
2a16
  8
Layer_0
  10
-999.94008
  20
-315.40144
  0
VERTEX
  5
2a17
  8
Layer_0
  10
-996.12407
  20
-314.62057
  0
VERTEX
  5
2a18
  8
Layer_0
  10
-992.36208
  20
-313.88583
  0
VERTEX
  5
2a19
  8
Layer_0
  10
-988.6466
  20
-313.19561
  0
VERTEX
  5
2a1a
  8
Layer_0
  10
-984.97014
  20
-312.54825
  0
VERTEX
  5
2a1b
  8
Layer_0
  10
-981.32518
  20
-311.94213
  0
VERTEX
  5
2a1c
  8
Layer_0
  10
-977.70425
  20
-311.3756
  0
VERTEX
  5
2a1d
  8
Layer_0
  10
-974.09982
  20
-310.84704
  0
VERTEX
  5
2a1e
  8
Layer_0
  10
-970.50441
  20
-310.35481
  0
VERTEX
  5
2a1f
  8
Layer_0
  10
-966.91052
  20
-309.89726
  0
VERTEX
  5
2a20
  8
Layer_0
  10
-963.31064
  20
-309.47277
  0
VERTEX
  5
2a21
  8
Layer_0
  10
-959.69728
  20
-309.0797
  0
VERTEX
  5
2a22
  8
Layer_0
  10
-956.06293
  20
-308.71641
  0
VERTEX
  5
2a23
  8
Layer_0
  10
-952.4001
  20
-308.38126
  0
VERTEX
  5
2a24
  8
Layer_0
  10
-948.7013
  20
-308.07263
  0
VERTEX
  5
2a25
  8
Layer_0
  10
-944.95901
  20
-307.78887
  0
VERTEX
  5
2a26
  8
Layer_0
  10
-942.57558
  20
-307.62334
  0
VERTEX
  5
2a27
  8
Layer_0
  10
-940.22085
  20
-307.47313
  0
VERTEX
  5
2a28
  8
Layer_0
  10
-937.89348
  20
-307.33853
  0
VERTEX
  5
2a29
  8
Layer_0
  10
-935.59214
  20
-307.21982
  0
VERTEX
  5
2a2a
  8
Layer_0
  10
-933.31549
  20
-307.1173
  0
VERTEX
  5
2a2b
  8
Layer_0
  10
-931.06221
  20
-307.03124
  0
VERTEX
  5
2a2c
  8
Layer_0
  10
-928.83095
  20
-306.96194
  0
VERTEX
  5
2a2d
  8
Layer_0
  10
-926.62038
  20
-306.90967
  0
VERTEX
  5
2a2e
  8
Layer_0
  10
-922.256
  20
-306.8574
  0
VERTEX
  5
2a2f
  8
Layer_0
  10
-917.9584
  20
-306.87672
  0
VERTEX
  5
2a30
  8
Layer_0
  10
-913.71692
  20
-306.9699
  0
VERTEX
  5
2a31
  8
Layer_0
  10
-909.52089
  20
-307.13924
  0
VERTEX
  5
2a32
  8
Layer_0
  10
-905.35964
  20
-307.38703
  0
VERTEX
  5
2a33
  8
Layer_0
  10
-901.2225
  20
-307.71555
  0
VERTEX
  5
2a34
  8
Layer_0
  10
-897.09882
  20
-308.12708
  0
VERTEX
  5
2a35
  8
Layer_0
  10
-892.97793
  20
-308.62391
  0
VERTEX
  5
2a36
  8
Layer_0
  10
-888.84916
  20
-309.20834
  0
VERTEX
  5
2a37
  8
Layer_0
  10
-884.70185
  20
-309.88264
  0
VERTEX
  5
2a38
  8
Layer_0
  10
-882.61791
  20
-310.2542
  0
VERTEX
  5
2a39
  8
Layer_0
  10
-880.52533
  20
-310.6491
  0
VERTEX
  5
2a3a
  8
Layer_0
  10
-878.42279
  20
-311.0676
  0
VERTEX
  5
2a3b
  8
Layer_0
  10
-876.30894
  20
-311.51
  0
VERTEX
  5
2a3c
  8
Layer_0
  10
-874.18245
  20
-311.97659
  0
VERTEX
  5
2a3d
  8
Layer_0
  10
-872.042
  20
-312.46765
  0
VERTEX
  5
2a3e
  8
Layer_0
  10
-869.88625
  20
-312.98346
  0
VERTEX
  5
2a3f
  8
Layer_0
  10
-867.71387
  20
-313.52431
  0
VERTEX
  5
2a40
  8
Layer_0
  10
-865.52351
  20
-314.09049
  0
VERTEX
  5
2a41
  8
Layer_0
  10
-863.31386
  20
-314.68228
  0
VERTEX
  5
2a42
  8
Layer_0
  10
-861.08357
  20
-315.29997
  0
VERTEX
  5
2a43
  8
Layer_0
  10
-858.83131
  20
-315.94384
  0
VERTEX
  5
2a44
  8
Layer_0
  10
-856.55576
  20
-316.61418
  0
VERTEX
  5
2a45
  8
Layer_0
  10
-854.25557
  20
-317.31128
  0
VERTEX
  5
2a46
  8
Layer_0
  10
-851.92941
  20
-318.03542
  0
VERTEX
  5
2a47
  8
Layer_0
  10
-849.57596
  20
-318.78689
  0
VERTEX
  5
2a48
  8
Layer_0
  10
-847.19387
  20
-319.56597
  0
VERTEX
  5
2a49
  8
Layer_0
  10
-844.78181
  20
-320.37295
  0
VERTEX
  5
2a4a
  8
Layer_0
  10
-842.33846
  20
-321.20811
  0
VERTEX
  5
2a4b
  8
Layer_0
  10
-839.86247
  20
-322.07174
  0
VERTEX
  5
2a4c
  8
Layer_0
  10
-837.35252
  20
-322.96413
  0
VERTEX
  5
2a4d
  8
Layer_0
  10
-834.80727
  20
-323.88557
  0
VERTEX
  5
2a4e
  8
Layer_0
  10
-832.22539
  20
-324.83633
  0
VERTEX
  5
2a4f
  8
Layer_0
  10
-829.60554
  20
-325.8167
  0
VERTEX
  5
2a50
  8
Layer_0
  10
-826.9464
  20
-326.82697
  0
VERTEX
  5
2a51
  8
Layer_0
  10
-824.24662
  20
-327.86743
  0
VERTEX
  5
2a52
  8
Layer_0
  10
-821.50488
  20
-328.93836
  0
VERTEX
  5
2a53
  8
Layer_0
  10
-818.71984
  20
-330.04004
  0
VERTEX
  5
2a54
  8
Layer_0
  10
-815.89017
  20
-331.17277
  0
VERTEX
  5
2a55
  8
Layer_0
  10
-813.01453
  20
-332.33683
  0
VERTEX
  5
2a56
  8
Layer_0
  10
-810.0916
  20
-333.5325
  0
VERTEX
  5
2a57
  8
Layer_0
  10
-807.12003
  20
-334.76007
  0
VERTEX
  5
2a58
  8
Layer_0
  10
-804.09851
  20
-336.01982
  0
VERTEX
  5
2a59
  8
Layer_0
  10
-801.02568
  20
-337.31205
  0
VERTEX
  5
2a5a
  8
Layer_0
  10
-797.90023
  20
-338.63703
  0
VERTEX
  5
2a5b
  8
Layer_0
  10
-794.72081
  20
-339.99506
  0
VERTEX
  5
2a5c
  8
Layer_0
  10
-791.53015
  20
-341.35966
  0
VERTEX
  5
2a5d
  8
Layer_0
  10
-788.39585
  20
-342.69376
  0
VERTEX
  5
2a5e
  8
Layer_0
  10
-785.31659
  20
-343.99774
  0
VERTEX
  5
2a5f
  8
Layer_0
  10
-782.29103
  20
-345.27198
  0
VERTEX
  5
2a60
  8
Layer_0
  10
-779.31784
  20
-346.51685
  0
VERTEX
  5
2a61
  8
Layer_0
  10
-776.39567
  20
-347.73275
  0
VERTEX
  5
2a62
  8
Layer_0
  10
-773.5232
  20
-348.92005
  0
VERTEX
  5
2a63
  8
Layer_0
  10
-770.69909
  20
-350.07913
  0
VERTEX
  5
2a64
  8
Layer_0
  10
-767.922
  20
-351.21038
  0
VERTEX
  5
2a65
  8
Layer_0
  10
-765.19059
  20
-352.31417
  0
VERTEX
  5
2a66
  8
Layer_0
  10
-762.50353
  20
-353.39089
  0
VERTEX
  5
2a67
  8
Layer_0
  10
-759.85949
  20
-354.44091
  0
VERTEX
  5
2a68
  8
Layer_0
  10
-757.25712
  20
-355.46463
  0
VERTEX
  5
2a69
  8
Layer_0
  10
-754.6951
  20
-356.46241
  0
VERTEX
  5
2a6a
  8
Layer_0
  10
-752.17208
  20
-357.43465
  0
VERTEX
  5
2a6b
  8
Layer_0
  10
-749.68673
  20
-358.38172
  0
VERTEX
  5
2a6c
  8
Layer_0
  10
-747.23772
  20
-359.304
  0
VERTEX
  5
2a6d
  8
Layer_0
  10
-744.8237
  20
-360.20188
  0
VERTEX
  5
2a6e
  8
Layer_0
  10
-742.44335
  20
-361.07574
  0
VERTEX
  5
2a6f
  8
Layer_0
  10
-740.09533
  20
-361.92595
  0
VERTEX
  5
2a70
  8
Layer_0
  10
-737.77829
  20
-362.7529
  0
VERTEX
  5
2a71
  8
Layer_0
  10
-735.49092
  20
-363.55696
  0
VERTEX
  5
2a72
  8
Layer_0
  10
-733.23186
  20
-364.33853
  0
VERTEX
  5
2a73
  8
Layer_0
  10
-730.99978
  20
-365.09799
  0
VERTEX
  5
2a74
  8
Layer_0
  10
-728.79335
  20
-365.8357
  0
VERTEX
  5
2a75
  8
Layer_0
  10
-726.61124
  20
-366.55206
  0
VERTEX
  5
2a76
  8
Layer_0
  10
-724.4521
  20
-367.24744
  0
VERTEX
  5
2a77
  8
Layer_0
  10
-722.3146
  20
-367.92223
  0
VERTEX
  5
2a78
  8
Layer_0
  10
-720.1974
  20
-368.57681
  0
VERTEX
  5
2a79
  8
Layer_0
  10
-718.09918
  20
-369.21156
  0
VERTEX
  5
2a7a
  8
Layer_0
  10
-716.01858
  20
-369.82686
  0
VERTEX
  5
2a7b
  8
Layer_0
  10
-713.95428
  20
-370.42308
  0
VERTEX
  5
2a7c
  8
Layer_0
  10
-709.86923
  20
-371.55986
  0
VERTEX
  5
2a7d
  8
Layer_0
  10
-705.83334
  20
-372.62493
  0
VERTEX
  5
2a7e
  8
Layer_0
  10
-701.83591
  20
-373.62135
  0
VERTEX
  5
2a7f
  8
Layer_0
  10
-697.86627
  20
-374.55217
  0
VERTEX
  5
2a80
  8
Layer_0
  10
-693.91373
  20
-375.42044
  0
VERTEX
  5
2a81
  8
Layer_0
  10
-689.96759
  20
-376.2292
  0
VERTEX
  5
2a82
  8
Layer_0
  10
-686.01717
  20
-376.98151
  0
VERTEX
  5
2a83
  8
Layer_0
  10
-682.05179
  20
-377.68041
  0
VERTEX
  5
2a84
  8
Layer_0
  10
-678.06076
  20
-378.32896
  0
VERTEX
  5
2a85
  8
Layer_0
  10
-674.03339
  20
-378.9302
  0
VERTEX
  5
2a86
  8
Layer_0
  10
-669.95899
  20
-379.48718
  0
VERTEX
  5
2a87
  8
Layer_0
  10
-665.82688
  20
-380.00296
  0
VERTEX
  5
2a88
  8
Layer_0
  10
-661.62638
  20
-380.48057
  0
VERTEX
  5
2a89
  8
Layer_0
  10
-657.34678
  20
-380.92308
  0
VERTEX
  5
2a8a
  8
Layer_0
  10
-655.17399
  20
-381.13212
  0
VERTEX
  5
2a8b
  8
Layer_0
  10
-652.97741
  20
-381.33353
  0
VERTEX
  5
2a8c
  8
Layer_0
  10
-650.75573
  20
-381.52768
  0
VERTEX
  5
2a8d
  8
Layer_0
  10
-648.50759
  20
-381.71497
  0
VERTEX
  5
2a8e
  8
Layer_0
  10
-645.95367
  20
-381.90934
  0
VERTEX
  5
2a8f
  8
Layer_0
  10
-643.36791
  20
-382.07967
  0
VERTEX
  5
2a90
  8
Layer_0
  10
-640.751
  20
-382.22609
  0
VERTEX
  5
2a91
  8
Layer_0
  10
-638.10365
  20
-382.34869
  0
VERTEX
  5
2a92
  8
Layer_0
  10
-635.42656
  20
-382.4476
  0
VERTEX
  5
2a93
  8
Layer_0
  10
-632.72043
  20
-382.52293
  0
VERTEX
  5
2a94
  8
Layer_0
  10
-629.98597
  20
-382.57477
  0
VERTEX
  5
2a95
  8
Layer_0
  10
-627.22388
  20
-382.60325
  0
VERTEX
  5
2a96
  8
Layer_0
  10
-624.43487
  20
-382.60848
  0
VERTEX
  5
2a97
  8
Layer_0
  10
-621.61963
  20
-382.59057
  0
VERTEX
  5
2a98
  8
Layer_0
  10
-618.77886
  20
-382.54963
  0
VERTEX
  5
2a99
  8
Layer_0
  10
-615.91328
  20
-382.48577
  0
VERTEX
  5
2a9a
  8
Layer_0
  10
-613.02359
  20
-382.39909
  0
VERTEX
  5
2a9b
  8
Layer_0
  10
-610.11048
  20
-382.28973
  0
VERTEX
  5
2a9c
  8
Layer_0
  10
-607.17467
  20
-382.15777
  0
VERTEX
  5
2a9d
  8
Layer_0
  10
-604.21685
  20
-382.00334
  0
VERTEX
  5
2a9e
  8
Layer_0
  10
-601.23773
  20
-381.82655
  0
VERTEX
  5
2a9f
  8
Layer_0
  10
-598.238
  20
-381.62751
  0
VERTEX
  5
2aa0
  8
Layer_0
  10
-595.21838
  20
-381.40632
  0
VERTEX
  5
2aa1
  8
Layer_0
  10
-592.17957
  20
-381.1631
  0
VERTEX
  5
2aa2
  8
Layer_0
  10
-589.12226
  20
-380.89797
  0
VERTEX
  5
2aa3
  8
Layer_0
  10
-586.04717
  20
-380.61103
  0
VERTEX
  5
2aa4
  8
Layer_0
  10
-582.955
  20
-380.30239
  0
VERTEX
  5
2aa5
  8
Layer_0
  10
-579.84644
  20
-379.97217
  0
VERTEX
  5
2aa6
  8
Layer_0
  10
-576.7222
  20
-379.62047
  0
VERTEX
  5
2aa7
  8
Layer_0
  10
-573.58299
  20
-379.24741
  0
VERTEX
  5
2aa8
  8
Layer_0
  10
-570.4295
  20
-378.8531
  0
VERTEX
  5
2aa9
  8
Layer_0
  10
-567.26245
  20
-378.43765
  0
VERTEX
  5
2aaa
  8
Layer_0
  10
-560.89044
  20
-377.54376
  0
VERTEX
  5
2aab
  8
Layer_0
  10
-554.4726
  20
-376.56666
  0
VERTEX
  5
2aac
  8
Layer_0
  10
-548.01453
  20
-375.50721
  0
VERTEX
  5
2aad
  8
Layer_0
  10
-541.52188
  20
-374.36632
  0
VERTEX
  5
2aae
  8
Layer_0
  10
-535.00025
  20
-373.14487
  0
VERTEX
  5
2aaf
  8
Layer_0
  10
-528.45528
  20
-371.84375
  0
VERTEX
  5
2ab0
  8
Layer_0
  10
-521.89259
  20
-370.46385
  0
VERTEX
  5
2ab1
  8
Layer_0
  10
-515.3178
  20
-369.00606
  0
VERTEX
  5
2ab2
  8
Layer_0
  10
-508.73654
  20
-367.47127
  0
VERTEX
  5
2ab3
  8
Layer_0
  10
-502.15444
  20
-365.86037
  0
VERTEX
  5
2ab4
  8
Layer_0
  10
-495.57711
  20
-364.17425
  0
VERTEX
  5
2ab5
  8
Layer_0
  10
-489.01018
  20
-362.4138
  0
VERTEX
  5
2ab6
  8
Layer_0
  10
-482.45927
  20
-360.5799
  0
VERTEX
  5
2ab7
  8
Layer_0
  10
-475.93002
  20
-358.67346
  0
VERTEX
  5
2ab8
  8
Layer_0
  10
-469.42804
  20
-356.69535
  0
VERTEX
  5
2ab9
  8
Layer_0
  10
-462.95895
  20
-354.64646
  0
VERTEX
  5
2aba
  8
Layer_0
  10
-456.52839
  20
-352.5277
  0
VERTEX
  5
2abb
  8
Layer_0
  10
-450.14198
  20
-350.33994
  0
VERTEX
  5
2abc
  8
Layer_0
  10
-445.97612
  20
-348.868
  0
VERTEX
  5
2abd
  8
Layer_0
  10
-441.8354
  20
-347.37065
  0
VERTEX
  5
2abe
  8
Layer_0
  10
-437.71979
  20
-345.84784
  0
VERTEX
  5
2abf
  8
Layer_0
  10
-433.62925
  20
-344.29957
  0
VERTEX
  5
2ac0
  8
Layer_0
  10
-429.56374
  20
-342.72579
  0
VERTEX
  5
2ac1
  8
Layer_0
  10
-425.52321
  20
-341.12649
  0
VERTEX
  5
2ac2
  8
Layer_0
  10
-421.50763
  20
-339.50163
  0
VERTEX
  5
2ac3
  8
Layer_0
  10
-417.51695
  20
-337.85119
  0
VERTEX
  5
2ac4
  8
Layer_0
  10
-413.55114
  20
-336.17514
  0
VERTEX
  5
2ac5
  8
Layer_0
  10
-409.61016
  20
-334.47346
  0
VERTEX
  5
2ac6
  8
Layer_0
  10
-405.69396
  20
-332.74612
  0
VERTEX
  5
2ac7
  8
Layer_0
  10
-401.80251
  20
-330.99309
  0
VERTEX
  5
2ac8
  8
Layer_0
  10
-397.93577
  20
-329.21434
  0
VERTEX
  5
2ac9
  8
Layer_0
  10
-394.09369
  20
-327.40985
  0
VERTEX
  5
2aca
  8
Layer_0
  10
-390.27624
  20
-325.57959
  0
VERTEX
  5
2acb
  8
Layer_0
  10
-386.48338
  20
-323.72353
  0
VERTEX
  5
2acc
  8
Layer_0
  10
-382.71506
  20
-321.84166
  0
VERTEX
  5
2acd
  8
Layer_0
  10
-378.97125
  20
-319.93393
  0
VERTEX
  5
2ace
  8
Layer_0
  10
-375.25191
  20
-318.00032
  0
VERTEX
  5
2acf
  8
Layer_0
  10
-371.55699
  20
-316.04081
  0
VERTEX
  5
2ad0
  8
Layer_0
  10
-367.88646
  20
-314.05537
  0
VERTEX
  5
2ad1
  8
Layer_0
  10
-364.24028
  20
-312.04397
  0
VERTEX
  5
2ad2
  8
Layer_0
  10
-360.61841
  20
-310.00659
  0
VERTEX
  5
2ad3
  8
Layer_0
  10
-357.0208
  20
-307.94319
  0
VERTEX
  5
2ad4
  8
Layer_0
  10
-353.44742
  20
-305.85376
  0
VERTEX
  5
2ad5
  8
Layer_0
  10
-349.89822
  20
-303.73826
  0
VERTEX
  5
2ad6
  8
Layer_0
  10
-346.37318
  20
-301.59667
  0
VERTEX
  5
2ad7
  8
Layer_0
  10
-342.87224
  20
-299.42896
  0
VERTEX
  5
2ad8
  8
Layer_0
  10
-339.39536
  20
-297.2351
  0
VERTEX
  5
2ad9
  8
Layer_0
  10
-335.94252
  20
-295.01507
  0
VERTEX
  5
2ada
  8
Layer_0
  10
-332.51366
  20
-292.76884
  0
VERTEX
  5
2adb
  8
Layer_0
  10
-329.10875
  20
-290.49639
  0
VERTEX
  5
2adc
  8
Layer_0
  10
-325.72775
  20
-288.19767
  0
VERTEX
  5
2add
  8
Layer_0
  10
-322.37062
  20
-285.87268
  0
VERTEX
  5
2ade
  8
Layer_0
  10
-319.03731
  20
-283.52138
  0
VERTEX
  5
2adf
  8
Layer_0
  10
-315.72779
  20
-281.14375
  0
VERTEX
  5
2ae0
  8
Layer_0
  10
-312.44202
  20
-278.73975
  0
VERTEX
  5
2ae1
  8
Layer_0
  10
-309.17995
  20
-276.30937
  0
VERTEX
  5
2ae2
  8
Layer_0
  10
-305.94156
  20
-273.85257
  0
VERTEX
  5
2ae3
  8
Layer_0
  10
-302.72679
  20
-271.36933
  0
VERTEX
  5
2ae4
  8
Layer_0
  10
-299.53561
  20
-268.85962
  0
VERTEX
  5
2ae5
  8
Layer_0
  10
-296.36797
  20
-266.32341
  0
VERTEX
  5
2ae6
  8
Layer_0
  10
-293.22385
  20
-263.76068
  0
VERTEX
  5
2ae7
  8
Layer_0
  10
-290.10319
  20
-261.1714
  0
VERTEX
  5
2ae8
  8
Layer_0
  10
-287.00596
  20
-258.55555
  0
VERTEX
  5
2ae9
  8
Layer_0
  10
-283.93212
  20
-255.91309
  0
VERTEX
  5
2aea
  8
Layer_0
  10
-280.88163
  20
-253.244
  0
VERTEX
  5
2aeb
  8
Layer_0
  10
-277.85444
  20
-250.54825
  0
VERTEX
  5
2aec
  8
Layer_0
  10
-274.85052
  20
-247.82581
  0
VERTEX
  5
2aed
  8
Layer_0
  10
-271.86983
  20
-245.07667
  0
VERTEX
  5
2aee
  8
Layer_0
  10
-268.91233
  20
-242.30079
  0
VERTEX
  5
2aef
  8
Layer_0
  10
-265.97798
  20
-239.49814
  0
VERTEX
  5
2af0
  8
Layer_0
  10
-263.06674
  20
-236.6687
  0
VERTEX
  5
2af1
  8
Layer_0
  10
-260.17856
  20
-233.81244
  0
VERTEX
  5
2af2
  8
Layer_0
  10
-257.31341
  20
-230.92933
  0
VERTEX
  5
2af3
  8
Layer_0
  10
-254.47126
  20
-228.01935
  0
VERTEX
  5
2af4
  8
Layer_0
  10
-251.65205
  20
-225.08248
  0
VERTEX
  5
2af5
  8
Layer_0
  10
-248.85574
  20
-222.11867
  0
VERTEX
  5
2af6
  8
Layer_0
  10
-246.08231
  20
-219.12791
  0
VERTEX
  5
2af7
  8
Layer_0
  10
-243.33171
  20
-216.11017
  0
VERTEX
  5
2af8
  8
Layer_0
  10
-240.60389
  20
-213.06542
  0
VERTEX
  5
2af9
  8
Layer_0
  10
-237.89882
  20
-209.99364
  0
VERTEX
  5
2afa
  8
Layer_0
  10
-235.21647
  20
-206.8948
  0
VERTEX
  5
2afb
  8
Layer_0
  10
-232.55678
  20
-203.76887
  0
VERTEX
  5
2afc
  8
Layer_0
  10
-230.21834
  20
-200.95962
  0
VERTEX
  5
2afd
  8
Layer_0
  10
-227.8756
  20
-198.07204
  0
VERTEX
  5
2afe
  8
Layer_0
  10
-225.53204
  20
-195.11199
  0
VERTEX
  5
2aff
  8
Layer_0
  10
-223.19116
  20
-192.08531
  0
VERTEX
  5
2b00
  8
Layer_0
  10
-220.85646
  20
-188.99784
  0
VERTEX
  5
2b01
  8
Layer_0
  10
-218.53142
  20
-185.85542
  0
VERTEX
  5
2b02
  8
Layer_0
  10
-216.21955
  20
-182.66391
  0
VERTEX
  5
2b03
  8
Layer_0
  10
-213.92433
  20
-179.42914
  0
VERTEX
  5
2b04
  8
Layer_0
  10
-211.64925
  20
-176.15695
  0
VERTEX
  5
2b05
  8
Layer_0
  10
-209.39782
  20
-172.8532
  0
VERTEX
  5
2b06
  8
Layer_0
  10
-207.17353
  20
-169.52373
  0
VERTEX
  5
2b07
  8
Layer_0
  10
-204.97987
  20
-166.17438
  0
VERTEX
  5
2b08
  8
Layer_0
  10
-202.82033
  20
-162.81099
  0
VERTEX
  5
2b09
  8
Layer_0
  10
-200.69841
  20
-159.43942
  0
VERTEX
  5
2b0a
  8
Layer_0
  10
-198.6176
  20
-156.06549
  0
VERTEX
  5
2b0b
  8
Layer_0
  10
-196.5814
  20
-152.69507
  0
VERTEX
  5
2b0c
  8
Layer_0
  10
-194.5933
  20
-149.33398
  0
VERTEX
  5
2b0d
  8
Layer_0
  10
-192.65679
  20
-145.98809
  0
VERTEX
  5
2b0e
  8
Layer_0
  10
-190.77537
  20
-142.66322
  0
VERTEX
  5
2b0f
  8
Layer_0
  10
-188.95253
  20
-139.36523
  0
VERTEX
  5
2b10
  8
Layer_0
  10
-187.19176
  20
-136.09996
  0
VERTEX
  5
2b11
  8
Layer_0
  10
-185.49657
  20
-132.87325
  0
VERTEX
  5
2b12
  8
Layer_0
  10
-183.87043
  20
-129.69094
  0
VERTEX
  5
2b13
  8
Layer_0
  10
-182.31686
  20
-126.55889
  0
VERTEX
  5
2b14
  8
Layer_0
  10
-181.56837
  20
-125.01354
  0
VERTEX
  5
2b15
  8
Layer_0
  10
-180.83933
  20
-123.48294
  0
VERTEX
  5
2b16
  8
Layer_0
  10
-180.13018
  20
-121.96782
  0
VERTEX
  5
2b17
  8
Layer_0
  10
-179.44135
  20
-120.46892
  0
VERTEX
  5
2b18
  8
Layer_0
  10
-178.77328
  20
-118.98697
  0
VERTEX
  5
2b19
  8
Layer_0
  10
-178.12641
  20
-117.52269
  0
VERTEX
  5
2b1a
  8
Layer_0
  10
-177.50117
  20
-116.07682
  0
VERTEX
  5
2b1b
  8
Layer_0
  10
-176.898
  20
-114.65009
  0
VERTEX
  5
2b1c
  8
Layer_0
  10
-176.31734
  20
-113.24322
  0
VERTEX
  5
2b1d
  8
Layer_0
  10
-175.75962
  20
-111.85696
  0
VERTEX
  5
2b1e
  8
Layer_0
  10
-175.22528
  20
-110.49202
  0
VERTEX
  5
2b1f
  8
Layer_0
  10
-174.71476
  20
-109.14914
  0
VERTEX
  5
2b20
  8
Layer_0
  10
-174.22849
  20
-107.82905
  0
VERTEX
  5
2b21
  8
Layer_0
  10
-173.76691
  20
-106.53249
  0
VERTEX
  5
2b22
  8
Layer_0
  10
-173.33045
  20
-105.26017
  0
VERTEX
  5
2b23
  8
Layer_0
  10
-172.91956
  20
-104.01284
  0
VERTEX
  5
2b24
  8
Layer_0
  10
-172.52645
  20
-102.7364
  0
VERTEX
  5
2b25
  8
Layer_0
  10
-172.16551
  20
-101.4468
  0
VERTEX
  5
2b26
  8
Layer_0
  10
-171.83652
  20
-100.1446
  0
VERTEX
  5
2b27
  8
Layer_0
  10
-171.53928
  20
-98.830387
  0
VERTEX
  5
2b28
  8
Layer_0
  10
-171.27358
  20
-97.504738
  0
VERTEX
  5
2b29
  8
Layer_0
  10
-171.03919
  20
-96.168229
  0
VERTEX
  5
2b2a
  8
Layer_0
  10
-170.83592
  20
-94.821436
  0
VERTEX
  5
2b2b
  8
Layer_0
  10
-170.66355
  20
-93.464935
  0
VERTEX
  5
2b2c
  8
Layer_0
  10
-170.52186
  20
-92.099304
  0
VERTEX
  5
2b2d
  8
Layer_0
  10
-170.41066
  20
-90.72512
  0
VERTEX
  5
2b2e
  8
Layer_0
  10
-170.32971
  20
-89.342959
  0
VERTEX
  5
2b2f
  8
Layer_0
  10
-170.27882
  20
-87.953398
  0
VERTEX
  5
2b30
  8
Layer_0
  10
-170.25778
  20
-86.557014
  0
VERTEX
  5
2b31
  8
Layer_0
  10
-170.26636
  20
-85.154383
  0
VERTEX
  5
2b32
  8
Layer_0
  10
-170.30436
  20
-83.746083
  0
VERTEX
  5
2b33
  8
Layer_0
  10
-170.37157
  20
-82.33269
  0
VERTEX
  5
2b34
  8
Layer_0
  10
-170.46778
  20
-80.91478
  0
VERTEX
  5
2b35
  8
Layer_0
  10
-170.59277
  20
-79.492932
  0
VERTEX
  5
2b36
  8
Layer_0
  10
-170.74633
  20
-78.067721
  0
VERTEX
  5
2b37
  8
Layer_0
  10
-170.92826
  20
-76.639724
  0
VERTEX
  5
2b38
  8
Layer_0
  10
-171.13833
  20
-75.209518
  0
VERTEX
  5
2b39
  8
Layer_0
  10
-171.37635
  20
-73.77768
  0
VERTEX
  5
2b3a
  8
Layer_0
  10
-171.64209
  20
-72.344787
  0
VERTEX
  5
2b3b
  8
Layer_0
  10
-171.93534
  20
-70.911415
  0
VERTEX
  5
2b3c
  8
Layer_0
  10
-172.2559
  20
-69.478142
  0
VERTEX
  5
2b3d
  8
Layer_0
  10
-172.60355
  20
-68.045543
  0
VERTEX
  5
2b3e
  8
Layer_0
  10
-172.97809
  20
-66.614196
  0
VERTEX
  5
2b3f
  8
Layer_0
  10
-173.37929
  20
-65.184678
  0
VERTEX
  5
2b40
  8
Layer_0
  10
-173.80695
  20
-63.757564
  0
VERTEX
  5
2b41
  8
Layer_0
  10
-174.26086
  20
-62.333433
  0
VERTEX
  5
2b42
  8
Layer_0
  10
-174.7408
  20
-60.912861
  0
VERTEX
  5
2b43
  8
Layer_0
  10
-175.24656
  20
-59.496425
  0
VERTEX
  5
2b44
  8
Layer_0
  10
-175.77794
  20
-58.084701
  0
VERTEX
  5
2b45
  8
Layer_0
  10
-176.33471
  20
-56.678266
  0
VERTEX
  5
2b46
  8
Layer_0
  10
-176.91668
  20
-55.277697
  0
VERTEX
  5
2b47
  8
Layer_0
  10
-177.52362
  20
-53.883571
  0
VERTEX
  5
2b48
  8
Layer_0
  10
-178.15533
  20
-52.496464
  0
VERTEX
  5
2b49
  8
Layer_0
  10
-178.81159
  20
-51.116954
  0
VERTEX
  5
2b4a
  8
Layer_0
  10
-179.4922
  20
-49.745617
  0
VERTEX
  5
2b4b
  8
Layer_0
  10
-180.19693
  20
-48.383029
  0
VERTEX
  5
2b4c
  8
Layer_0
  10
-180.92559
  20
-47.029769
  0
VERTEX
  5
2b4d
  8
Layer_0
  10
-181.67795
  20
-45.686412
  0
VERTEX
  5
2b4e
  8
Layer_0
  10
-182.45381
  20
-44.353535
  0
VERTEX
  5
2b4f
  8
Layer_0
  10
-183.25296
  20
-43.031715
  0
VERTEX
  5
2b50
  8
Layer_0
  10
-184.07518
  20
-41.721529
  0
VERTEX
  5
2b51
  8
Layer_0
  10
-184.92026
  20
-40.423553
  0
VERTEX
  5
2b52
  8
Layer_0
  10
-185.78799
  20
-39.138365
  0
VERTEX
  5
2b53
  8
Layer_0
  10
-186.67816
  20
-37.866541
  0
VERTEX
  5
2b54
  8
Layer_0
  10
-187.59056
  20
-36.608658
  0
VERTEX
  5
2b55
  8
Layer_0
  10
-188.52497
  20
-35.365293
  0
VERTEX
  5
2b56
  8
Layer_0
  10
-189.48119
  20
-34.137022
  0
VERTEX
  5
2b57
  8
Layer_0
  10
-190.459
  20
-32.924423
  0
VERTEX
  5
2b58
  8
Layer_0
  10
-191.45819
  20
-31.728071
  0
VERTEX
  5
2b59
  8
Layer_0
  10
-192.47856
  20
-30.548544
  0
VERTEX
  5
2b5a
  8
Layer_0
  10
-193.51988
  20
-29.386419
  0
VERTEX
  5
2b5b
  8
Layer_0
  10
-194.58195
  20
-28.242273
  0
VERTEX
  5
2b5c
  8
Layer_0
  10
-195.66455
  20
-27.116681
  0
VERTEX
  5
2b5d
  8
Layer_0
  10
-196.76748
  20
-26.010222
  0
VERTEX
  5
2b5e
  8
Layer_0
  10
-197.89052
  20
-24.923471
  0
VERTEX
  5
2b5f
  8
Layer_0
  10
-199.03346
  20
-23.857006
  0
VERTEX
  5
2b60
  8
Layer_0
  10
-200.19609
  20
-22.811403
  0
VERTEX
  5
2b61
  8
Layer_0
  10
-201.37819
  20
-21.787239
  0
VERTEX
  5
2b62
  8
Layer_0
  10
-202.57957
  20
-20.785091
  0
VERTEX
  5
2b63
  8
Layer_0
  10
-203.8
  20
-19.805535
  0
VERTEX
  5
2b64
  8
Layer_0
  10
-205.41862
  20
-18.567882
  0
VERTEX
  5
2b65
  8
Layer_0
  10
-207.06691
  20
-17.379712
  0
VERTEX
  5
2b66
  8
Layer_0
  10
-208.74499
  20
-16.240997
  0
VERTEX
  5
2b67
  8
Layer_0
  10
-210.453
  20
-15.151706
  0
VERTEX
  5
2b68
  8
Layer_0
  10
-212.19106
  20
-14.111813
  0
VERTEX
  5
2b69
  8
Layer_0
  10
-213.9593
  20
-13.121287
  0
VERTEX
  5
2b6a
  8
Layer_0
  10
-215.75785
  20
-12.180101
  0
VERTEX
  5
2b6b
  8
Layer_0
  10
-217.58683
  20
-11.288224
  0
VERTEX
  5
2b6c
  8
Layer_0
  10
-219.44637
  20
-10.445629
  0
VERTEX
  5
2b6d
  8
Layer_0
  10
-221.33659
  20
-9.6522869
  0
VERTEX
  5
2b6e
  8
Layer_0
  10
-223.25764
  20
-8.9081681
  0
VERTEX
  5
2b6f
  8
Layer_0
  10
-225.20962
  20
-8.2132441
  0
VERTEX
  5
2b70
  8
Layer_0
  10
-227.19268
  20
-7.5674862
  0
VERTEX
  5
2b71
  8
Layer_0
  10
-229.20693
  20
-6.9708654
  0
VERTEX
  5
2b72
  8
Layer_0
  10
-231.25251
  20
-6.423353
  0
VERTEX
  5
2b73
  8
Layer_0
  10
-233.32954
  20
-5.9249202
  0
VERTEX
  5
2b74
  8
Layer_0
  10
-235.43815
  20
-5.475538
  0
VERTEX
  5
2b75
  8
Layer_0
  10
-237.57847
  20
-5.0751776
  0
VERTEX
  5
2b76
  8
Layer_0
  10
-239.75062
  20
-4.7238103
  0
VERTEX
  5
2b77
  8
Layer_0
  10
-241.95474
  20
-4.4214071
  0
VERTEX
  5
2b78
  8
Layer_0
  10
-244.19094
  20
-4.1679393
  0
VERTEX
  5
2b79
  8
Layer_0
  10
-246.45936
  20
-3.963378
  0
VERTEX
  5
2b7a
  8
Layer_0
  10
-248.76012
  20
-3.8076944
  0
VERTEX
  5
2b7b
  8
Layer_0
  10
-251.09336
  20
-3.7008596
  0
VERTEX
  5
2b7c
  8
Layer_0
  10
-253.45919
  20
-3.6428449
  0
VERTEX
  5
2b7d
  8
Layer_0
  10
-255.85775
  20
-3.6336213
  0
VERTEX
  5
2b7e
  8
Layer_0
  10
-258.28917
  20
-3.67316
  0
VERTEX
  5
2b7f
  8
Layer_0
  10
-260.75356
  20
-3.7614323
  0
VERTEX
  5
2b80
  8
Layer_0
  10
-263.25107
  20
-3.8984092
  0
VERTEX
  5
2b81
  8
Layer_0
  10
-265.7818
  20
-4.084062
  0
VERTEX
  5
2b82
  8
Layer_0
  10
-268.34591
  20
-4.3183618
  0
VERTEX
  5
2b83
  8
Layer_0
  10
-270.9435
  20
-4.6012798
  0
SEQEND
  0
POLYLINE
  5
2b85
  8
Layer_1
  62
1
  66
1
  10
0
  20
0
  30
0
  0
VERTEX
  5
2b85
  8
Layer_1
  10
-280.99201
  20
483.90946
  0
VERTEX
  5
2b86
  8
Layer_1
  10
-282.37074
  20
483.58692
  0
VERTEX
  5
2b87
  8
Layer_1
  10
-283.81336
  20
483.20765
  0
VERTEX
  5
2b88
  8
Layer_1
  10
-284.56983
  20
482.99223
  0
VERTEX
  5
2b89
  8
Layer_1
  10
-285.35572
  20
482.75721
  0
VERTEX
  5
2b8a
  8
Layer_1
  10
-286.17551
  20
482.50078
  0
VERTEX
  5
2b8b
  8
Layer_1
  10
-287.03368
  20
482.22115
  0
VERTEX
  5
2b8c
  8
Layer_1
  10
-287.93472
  20
481.91651
  0
VERTEX
  5
2b8d
  8
Layer_1
  10
-288.88312
  20
481.58505
  0
VERTEX
  5
2b8e
  8
Layer_1
  10
-289.88334
  20
481.22497
  0
VERTEX
  5
2b8f
  8
Layer_1
  10
-290.93988
  20
480.83446
  0
VERTEX
  5
2b90
  8
Layer_1
  10
-292.05722
  20
480.41171
  0
VERTEX
  5
2b91
  8
Layer_1
  10
-293.23984
  20
479.95493
  0
VERTEX
  5
2b92
  8
Layer_1
  10
-294.49222
  20
479.46231
  0
VERTEX
  5
2b93
  8
Layer_1
  10
-295.81885
  20
478.93204
  0
VERTEX
  5
2b94
  8
Layer_1
  10
-297.22422
  20
478.36232
  0
VERTEX
  5
2b95
  8
Layer_1
  10
-298.71279
  20
477.75135
  0
VERTEX
  5
2b96
  8
Layer_1
  10
-299.48968
  20
477.42982
  0
VERTEX
  5
2b97
  8
Layer_1
  10
-300.28906
  20
477.09731
  0
VERTEX
  5
2b98
  8
Layer_1
  10
-301.11148
  20
476.75358
  0
VERTEX
  5
2b99
  8
Layer_1
  10
-301.95751
  20
476.3984
  0
VERTEX
  5
2b9a
  8
Layer_1
  10
-302.8277
  20
476.03156
  0
VERTEX
  5
2b9b
  8
Layer_1
  10
-303.72262
  20
475.65282
  0
VERTEX
  5
2b9c
  8
Layer_1
  10
-304.64282
  20
475.26197
  0
VERTEX
  5
2b9d
  8
Layer_1
  10
-305.58887
  20
474.85877
  0
VERTEX
  5
2b9e
  8
Layer_1
  10
-306.56132
  20
474.443
  0
VERTEX
  5
2b9f
  8
Layer_1
  10
-307.56075
  20
474.01443
  0
VERTEX
  5
2ba0
  8
Layer_1
  10
-308.5877
  20
473.57285
  0
VERTEX
  5
2ba1
  8
Layer_1
  10
-309.64274
  20
473.11801
  0
VERTEX
  5
2ba2
  8
Layer_1
  10
-310.72642
  20
472.6497
  0
VERTEX
  5
2ba3
  8
Layer_1
  10
-311.83932
  20
472.1677
  0
VERTEX
  5
2ba4
  8
Layer_1
  10
-312.98198
  20
471.67177
  0
VERTEX
  5
2ba5
  8
Layer_1
  10
-314.15498
  20
471.16169
  0
VERTEX
  5
2ba6
  8
Layer_1
  10
-315.35886
  20
470.63723
  0
VERTEX
  5
2ba7
  8
Layer_1
  10
-316.59419
  20
470.09817
  0
VERTEX
  5
2ba8
  8
Layer_1
  10
-317.86153
  20
469.54429
  0
VERTEX
  5
2ba9
  8
Layer_1
  10
-319.16145
  20
468.97535
  0
VERTEX
  5
2baa
  8
Layer_1
  10
-320.49449
  20
468.39114
  0
VERTEX
  5
2bab
  8
Layer_1
  10
-321.86123
  20
467.79142
  0
VERTEX
  5
2bac
  8
Layer_1
  10
-323.26222
  20
467.17598
  0
VERTEX
  5
2bad
  8
Layer_1
  10
-324.69802
  20
466.54458
  0
VERTEX
  5
2bae
  8
Layer_1
  10
-326.16919
  20
465.897
  0
VERTEX
  5
2baf
  8
Layer_1
  10
-327.67629
  20
465.23301
  0
VERTEX
  5
2bb0
  8
Layer_1
  10
-329.21989
  20
464.55239
  0
VERTEX
  5
2bb1
  8
Layer_1
  10
-330.80054
  20
463.85492
  0
VERTEX
  5
2bb2
  8
Layer_1
  10
-334.18131
  20
462.36298
  0
VERTEX
  5
2bb3
  8
Layer_1
  10
-337.49198
  20
460.90275
  0
VERTEX
  5
2bb4
  8
Layer_1
  10
-340.734
  20
459.47363
  0
VERTEX
  5
2bb5
  8
Layer_1
  10
-343.90881
  20
458.07501
  0
VERTEX
  5
2bb6
  8
Layer_1
  10
-347.01784
  20
456.70628
  0
VERTEX
  5
2bb7
  8
Layer_1
  10
-350.06256
  20
455.36684
  0
VERTEX
  5
2bb8
  8
Layer_1
  10
-353.04439
  20
454.05607
  0
VERTEX
  5
2bb9
  8
Layer_1
  10
-355.96479
  20
452.77338
  0
VERTEX
  5
2bba
  8
Layer_1
  10
-358.82519
  20
451.51815
  0
VERTEX
  5
2bbb
  8
Layer_1
  10
-361.62705
  20
450.28978
  0
VERTEX
  5
2bbc
  8
Layer_1
  10
-364.3718
  20
449.08766
  0
VERTEX
  5
2bbd
  8
Layer_1
  10
-367.06088
  20
447.91119
  0
VERTEX
  5
2bbe
  8
Layer_1
  10
-369.69575
  20
446.75975
  0
VERTEX
  5
2bbf
  8
Layer_1
  10
-372.27784
  20
445.63275
  0
VERTEX
  5
2bc0
  8
Layer_1
  10
-374.80859
  20
444.52957
  0
VERTEX
  5
2bc1
  8
Layer_1
  10
-377.28946
  20
443.4496
  0
VERTEX
  5
2bc2
  8
Layer_1
  10
-379.72189
  20
442.39225
  0
VERTEX
  5
2bc3
  8
Layer_1
  10
-382.10731
  20
441.3569
  0
VERTEX
  5
2bc4
  8
Layer_1
  10
-384.44717
  20
440.34294
  0
VERTEX
  5
2bc5
  8
Layer_1
  10
-386.74292
  20
439.34978
  0
VERTEX
  5
2bc6
  8
Layer_1
  10
-388.996
  20
438.3768
  0
VERTEX
  5
2bc7
  8
Layer_1
  10
-391.20785
  20
437.42339
  0
VERTEX
  5
2bc8
  8
Layer_1
  10
-393.37992
  20
436.48895
  0
VERTEX
  5
2bc9
  8
Layer_1
  10
-395.51364
  20
435.57288
  0
VERTEX
  5
2bca
  8
Layer_1
  10
-397.61047
  20
434.67456
  0
VERTEX
  5
2bcb
  8
Layer_1
  10
-399.67185
  20
433.79339
  0
VERTEX
  5
2bcc
  8
Layer_1
  10
-401.69921
  20
432.92876
  0
VERTEX
  5
2bcd
  8
Layer_1
  10
-403.69401
  20
432.08007
  0
VERTEX
  5
2bce
  8
Layer_1
  10
-405.65769
  20
431.2467
  0
VERTEX
  5
2bcf
  8
Layer_1
  10
-407.59169
  20
430.42806
  0
VERTEX
  5
2bd0
  8
Layer_1
  10
-409.49745
  20
429.62353
  0
VERTEX
  5
2bd1
  8
Layer_1
  10
-411.37642
  20
428.8325
  0
VERTEX
  5
2bd2
  8
Layer_1
  10
-413.23004
  20
428.05438
  0
VERTEX
  5
2bd3
  8
Layer_1
  10
-415.05975
  20
427.28855
  0
VERTEX
  5
2bd4
  8
Layer_1
  10
-416.867
  20
426.53441
  0
VERTEX
  5
2bd5
  8
Layer_1
  10
-418.65324
  20
425.79135
  0
VERTEX
  5
2bd6
  8
Layer_1
  10
-422.16843
  20
424.33604
  0
VERTEX
  5
2bd7
  8
Layer_1
  10
-425.61687
  20
422.91777
  0
VERTEX
  5
2bd8
  8
Layer_1
  10
-429.0101
  20
421.53168
  0
VERTEX
  5
2bd9
  8
Layer_1
  10
-432.35969
  20
420.17293
  0
VERTEX
  5
2bda
  8
Layer_1
  10
-435.67716
  20
418.83664
  0
VERTEX
  5
2bdb
  8
Layer_1
  10
-438.97408
  20
417.51798
  0
VERTEX
  5
2bdc
  8
Layer_1
  10
-445.55244
  20
414.91408
  0
VERTEX
  5
2bdd
  8
Layer_1
  10
-452.18714
  20
412.32241
  0
VERTEX
  5
2bde
  8
Layer_1
  10
-455.55449
  20
411.01902
  0
VERTEX
  5
2bdf
  8
Layer_1
  10
-458.97058
  20
409.70412
  0
VERTEX
  5
2be0
  8
Layer_1
  10
-462.44694
  20
408.37286
  0
VERTEX
  5
2be1
  8
Layer_1
  10
-465.99514
  20
407.02037
  42
-8.3969756e-05
  0
VERTEX
  5
2be2
  8
Layer_1
  10
-500.55615
  20
393.88345
  0
VERTEX
  5
2be3
  8
Layer_1
  10
-501.7194
  20
393.44364
  0
VERTEX
  5
2be4
  8
Layer_1
  10
-502.95435
  20
392.98091
  0
VERTEX
  5
2be5
  8
Layer_1
  10
-504.25828
  20
392.49617
  0
VERTEX
  5
2be6
  8
Layer_1
  10
-505.62847
  20
391.99035
  0
VERTEX
  5
2be7
  8
Layer_1
  10
-507.0622
  20
391.46437
  0
VERTEX
  5
2be8
  8
Layer_1
  10
-508.55674
  20
390.91916
  0
VERTEX
  5
2be9
  8
Layer_1
  10
-510.10936
  20
390.35565
  0
VERTEX
  5
2bea
  8
Layer_1
  10
-511.71734
  20
389.77476
  0
VERTEX
  5
2beb
  8
Layer_1
  10
-513.37796
  20
389.17742
  0
VERTEX
  5
2bec
  8
Layer_1
  10
-515.08849
  20
388.56454
  0
VERTEX
  5
2bed
  8
Layer_1
  10
-516.8462
  20
387.93707
  0
VERTEX
  5
2bee
  8
Layer_1
  10
-518.64837
  20
387.29592
  0
VERTEX
  5
2bef
  8
Layer_1
  10
-520.49227
  20
386.64201
  0
VERTEX
  5
2bf0
  8
Layer_1
  10
-522.37519
  20
385.97628
  0
VERTEX
  5
2bf1
  8
Layer_1
  10
-524.29438
  20
385.29965
  0
VERTEX
  5
2bf2
  8
Layer_1
  10
-526.24714
  20
384.61305
  0
VERTEX
  5
2bf3
  8
Layer_1
  10
-528.23073
  20
383.91739
  0
VERTEX
  5
2bf4
  8
Layer_1
  10
-530.24243
  20
383.21361
  0
VERTEX
  5
2bf5
  8
Layer_1
  10
-532.27951
  20
382.50263
  0
VERTEX
  5
2bf6
  8
Layer_1
  10
-534.33925
  20
381.78538
  0
VERTEX
  5
2bf7
  8
Layer_1
  10
-538.51581
  20
380.33575
  0
VERTEX
  5
2bf8
  8
Layer_1
  10
-542.7503
  20
378.87214
  0
VERTEX
  5
2bf9
  8
Layer_1
  10
-551.30587
  20
375.93256
  0
VERTEX
  5
2bfa
  8
Layer_1
  10
-559.83157
  20
373.02586
  0
VERTEX
  5
2bfb
  8
Layer_1
  10
-564.02871
  20
371.60335
  0
VERTEX
  5
2bfc
  8
Layer_1
  10
-568.15299
  20
370.21127
  0
VERTEX
  5
2bfd
  8
Layer_1
  10
-570.18098
  20
369.52896
  0
VERTEX
  5
2bfe
  8
Layer_1
  10
-572.18259
  20
368.85703
  0
VERTEX
  5
2bff
  8
Layer_1
  10
-574.15507
  20
368.19642
  0
VERTEX
  5
2c00
  8
Layer_1
  10
-576.09571
  20
367.54803
  0
VERTEX
  5
2c01
  8
Layer_1
  10
-578.00179
  20
366.91281
  0
VERTEX
  5
2c02
  8
Layer_1
  10
-579.87057
  20
366.29167
  0
VERTEX
  5
2c03
  8
Layer_1
  10
-581.69933
  20
365.68555
  0
VERTEX
  5
2c04
  8
Layer_1
  10
-583.48535
  20
365.09536
  0
VERTEX
  5
2c05
  8
Layer_1
  10
-585.22589
  20
364.52204
  0
VERTEX
  5
2c06
  8
Layer_1
  10
-586.91825
  20
363.9665
  0
VERTEX
  5
2c07
  8
Layer_1
  10
-588.55968
  20
363.42967
  0
VERTEX
  5
2c08
  8
Layer_1
  10
-590.14748
  20
362.91249
  0
VERTEX
  5
2c09
  8
Layer_1
  10
-591.6789
  20
362.41587
  0
VERTEX
  5
2c0a
  8
Layer_1
  10
-593.15123
  20
361.94074
  0
VERTEX
  5
2c0b
  8
Layer_1
  10
-594.56174
  20
361.48802
  0
VERTEX
  5
2c0c
  8
Layer_1
  10
-595.9077
  20
361.05864
  0
VERTEX
  5
2c0d
  8
Layer_1
  10
-597.1864
  20
360.65353
  0
VERTEX
  5
2c0e
  8
Layer_1
  10
-598.3951
  20
360.27362
  0
VERTEX
  5
2c0f
  8
Layer_1
  10
-599.53108
  20
359.91981
  0
VERTEX
  5
2c10
  8
Layer_1
  10
-600.59161
  20
359.59305
  0
VERTEX
  5
2c11
  8
Layer_1
  10
-601.57398
  20
359.29426
  0
VERTEX
  5
2c12
  8
Layer_1
  10
-602.47545
  20
359.02436
  0
VERTEX
  5
2c13
  8
Layer_1
  10
-603.2933
  20
358.78428
  0
VERTEX
  5
2c14
  8
Layer_1
  10
-604.02481
  20
358.57495
  0
VERTEX
  5
2c15
  8
Layer_1
  10
-604.66724
  20
358.39728
  0
VERTEX
  5
2c16
  8
Layer_1
  10
-605.21788
  20
358.25221
  0
VERTEX
  5
2c17
  8
Layer_1
  10
-605.45793
  20
358.19219
  0
VERTEX
  5
2c18
  8
Layer_1
  10
-605.674
  20
358.14066
  0
VERTEX
  5
2c19
  8
Layer_1
  10
-605.86576
  20
358.09774
  0
VERTEX
  5
2c1a
  8
Layer_1
  10
-606.03287
  20
358.06356
  0
VERTEX
  5
2c1b
  8
Layer_1
  10
-606.25826
  20
358.01757
  0
VERTEX
  5
2c1c
  8
Layer_1
  10
-606.52065
  20
357.95938
  0
VERTEX
  5
2c1d
  8
Layer_1
  10
-606.81881
  20
357.88934
  0
VERTEX
  5
2c1e
  8
Layer_1
  10
-607.15149
  20
357.80783
  0
VERTEX
  5
2c1f
  8
Layer_1
  10
-607.51745
  20
357.71521
  0
VERTEX
  5
2c20
  8
Layer_1
  10
-607.91545
  20
357.61184
  0
VERTEX
  5
2c21
  8
Layer_1
  10
-608.34425
  20
357.4981
  0
VERTEX
  5
2c22
  8
Layer_1
  10
-608.80259
  20
357.37435
  0
VERTEX
  5
2c23
  8
Layer_1
  10
-609.28924
  20
357.24094
  0
VERTEX
  5
2c24
  8
Layer_1
  10
-609.80296
  20
357.09826
  0
VERTEX
  5
2c25
  8
Layer_1
  10
-610.3425
  20
356.94667
  0
VERTEX
  5
2c26
  8
Layer_1
  10
-610.90661
  20
356.78652
  0
VERTEX
  5
2c27
  8
Layer_1
  10
-612.10359
  20
356.44206
  0
VERTEX
  5
2c28
  8
Layer_1
  10
-613.38395
  20
356.06779
  0
VERTEX
  5
2c29
  8
Layer_1
  10
-614.73776
  20
355.66665
  0
VERTEX
  5
2c2a
  8
Layer_1
  10
-616.15506
  20
355.24157
  0
VERTEX
  5
2c2b
  8
Layer_1
  10
-617.6259
  20
354.79548
  0
VERTEX
  5
2c2c
  8
Layer_1
  10
-619.14033
  20
354.3313
  0
VERTEX
  5
2c2d
  8
Layer_1
  10
-622.26021
  20
353.3604
  0
VERTEX
  5
2c2e
  8
Layer_1
  10
-625.43511
  20
352.35228
  0
VERTEX
  5
2c2f
  8
Layer_1
  10
-626.25326
  20
352.09123
  0
VERTEX
  5
2c30
  8
Layer_1
  10
-627.10832
  20
351.82114
  0
VERTEX
  5
2c31
  8
Layer_1
  10
-627.99897
  20
351.54239
  0
VERTEX
  5
2c32
  8
Layer_1
  10
-628.92386
  20
351.25535
  0
VERTEX
  5
2c33
  8
Layer_1
  10
-629.88167
  20
350.96038
  0
VERTEX
  5
2c34
  8
Layer_1
  10
-630.87107
  20
350.65784
  0
VERTEX
  5
2c35
  8
Layer_1
  10
-631.89073
  20
350.34812
  0
VERTEX
  5
2c36
  8
Layer_1
  10
-632.9393
  20
350.03156
  0
VERTEX
  5
2c37
  8
Layer_1
  10
-634.01547
  20
349.70855
  0
VERTEX
  5
2c38
  8
Layer_1
  10
-635.1179
  20
349.37944
  0
VERTEX
  5
2c39
  8
Layer_1
  10
-636.24526
  20
349.0446
  0
VERTEX
  5
2c3a
  8
Layer_1
  10
-637.39622
  20
348.70439
  0
VERTEX
  5
2c3b
  8
Layer_1
  10
-639.76361
  20
348.00937
  0
VERTEX
  5
2c3c
  8
Layer_1
  10
-642.20941
  20
347.2973
  0
VERTEX
  5
2c3d
  8
Layer_1
  10
-644.72298
  20
346.57112
  0
VERTEX
  5
2c3e
  8
Layer_1
  10
-647.29366
  20
345.83375
  0
VERTEX
  5
2c3f
  8
Layer_1
  10
-649.9108
  20
345.08813
  0
VERTEX
  5
2c40
  8
Layer_1
  10
-652.56376
  20
344.3372
  0
VERTEX
  5
2c41
  8
Layer_1
  10
-657.9345
  20
342.83111
  0
VERTEX
  5
2c42
  8
Layer_1
  10
-663.32068
  20
341.33895
  0
VERTEX
  5
2c43
  8
Layer_1
  10
-665.99293
  20
340.60542
  0
VERTEX
  5
2c44
  8
Layer_1
  10
-668.63709
  20
339.88417
  0
VERTEX
  5
2c45
  8
Layer_1
  10
-671.2425
  20
339.17814
  0
VERTEX
  5
2c46
  8
Layer_1
  10
-673.79852
  20
338.49025
  0
VERTEX
  5
2c47
  8
Layer_1
  10
-676.29449
  20
337.82344
  0
VERTEX
  5
2c48
  8
Layer_1
  10
-678.71976
  20
337.18064
  0
VERTEX
  5
2c49
  8
Layer_1
  10
-681.06368
  20
336.56478
  0
VERTEX
  5
2c4a
  8
Layer_1
  10
-683.31559
  20
335.9788
  0
VERTEX
  5
2c4b
  8
Layer_1
  10
-684.40372
  20
335.69793
  0
VERTEX
  5
2c4c
  8
Layer_1
  10
-685.46486
  20
335.42562
  0
VERTEX
  5
2c4d
  8
Layer_1
  10
-686.49767
  20
335.16226
  0
VERTEX
  5
2c4e
  8
Layer_1
  10
-687.50083
  20
334.90819
  0
VERTEX
  5
2c4f
  8
Layer_1
  10
-688.47299
  20
334.6638
  0
VERTEX
  5
2c50
  8
Layer_1
  10
-689.41284
  20
334.42944
  0
VERTEX
  5
2c51
  8
Layer_1
  10
-690.31903
  20
334.20548
  0
VERTEX
  5
2c52
  8
Layer_1
  10
-691.19024
  20
333.99229
  0
VERTEX
  5
2c53
  8
Layer_1
  10
-692.02514
  20
333.79023
  0
VERTEX
  5
2c54
  8
Layer_1
  10
-692.82239
  20
333.59968
  0
VERTEX
  5
2c55
  8
Layer_1
  10
-693.58067
  20
333.42099
  0
VERTEX
  5
2c56
  8
Layer_1
  10
-694.29864
  20
333.25454
  0
VERTEX
  5
2c57
  8
Layer_1
  10
-694.97496
  20
333.10069
  0
VERTEX
  5
2c58
  8
Layer_1
  10
-695.60832
  20
332.95981
  0
VERTEX
  5
2c59
  8
Layer_1
  10
-696.19738
  20
332.83226
  0
VERTEX
  5
2c5a
  8
Layer_1
  10
-696.7408
  20
332.71842
  0
VERTEX
  5
2c5b
  8
Layer_1
  10
-697.15604
  20
332.63143
  0
VERTEX
  5
2c5c
  8
Layer_1
  10
-697.66603
  20
332.52168
  0
VERTEX
  5
2c5d
  8
Layer_1
  10
-698.26784
  20
332.38987
  0
VERTEX
  5
2c5e
  8
Layer_1
  10
-698.95853
  20
332.23666
  0
VERTEX
  5
2c5f
  8
Layer_1
  10
-699.73517
  20
332.06276
  0
VERTEX
  5
2c60
  8
Layer_1
  10
-700.59484
  20
331.86883
  0
VERTEX
  5
2c61
  8
Layer_1
  10
-701.5346
  20
331.65557
  0
VERTEX
  5
2c62
  8
Layer_1
  10
-702.55151
  20
331.42366
  0
VERTEX
  5
2c63
  8
Layer_1
  10
-703.64266
  20
331.17378
  0
VERTEX
  5
2c64
  8
Layer_1
  10
-704.8051
  20
330.90662
  0
VERTEX
  5
2c65
  8
Layer_1
  10
-706.0359
  20
330.62286
  0
VERTEX
  5
2c66
  8
Layer_1
  10
-707.33214
  20
330.32318
  0
VERTEX
  5
2c67
  8
Layer_1
  10
-708.69088
  20
330.00828
  0
VERTEX
  5
2c68
  8
Layer_1
  10
-710.10919
  20
329.67883
  0
VERTEX
  5
2c69
  8
Layer_1
  10
-711.58414
  20
329.33552
  0
VERTEX
  5
2c6a
  8
Layer_1
  10
-713.11279
  20
328.97904
  0
VERTEX
  5
2c6b
  8
Layer_1
  10
-714.69222
  20
328.61006
  0
VERTEX
  5
2c6c
  8
Layer_1
  10
-716.3195
  20
328.22927
  0
VERTEX
  5
2c6d
  8
Layer_1
  10
-717.99169
  20
327.83736
  0
VERTEX
  5
2c6e
  8
Layer_1
  10
-719.70585
  20
327.43501
  0
VERTEX
  5
2c6f
  8
Layer_1
  10
-721.45907
  20
327.0229
  0
VERTEX
  5
2c70
  8
Layer_1
  10
-723.24841
  20
326.60173
  0
VERTEX
  5
2c71
  8
Layer_1
  10
-725.07093
  20
326.17216
  0
VERTEX
  5
2c72
  8
Layer_1
  10
-726.92371
  20
325.73489
  0
VERTEX
  5
2c73
  8
Layer_1
  10
-730.7083
  20
324.83999
  0
VERTEX
  5
2c74
  8
Layer_1
  10
-734.57874
  20
323.92248
  0
VERTEX
  5
2c75
  8
Layer_1
  10
-738.51156
  20
322.98785
  0
VERTEX
  5
2c76
  8
Layer_1
  10
-742.48333
  20
322.04156
  0
VERTEX
  5
2c77
  8
Layer_1
  10
-744.50983
  20
321.56102
  0
VERTEX
  5
2c78
  8
Layer_1
  10
-746.60275
  20
321.07036
  0
VERTEX
  5
2c79
  8
Layer_1
  10
-748.75734
  20
320.57055
  0
VERTEX
  5
2c7a
  8
Layer_1
  10
-750.96883
  20
320.0626
  0
VERTEX
  5
2c7b
  8
Layer_1
  10
-753.23248
  20
319.5475
  0
VERTEX
  5
2c7c
  8
Layer_1
  10
-755.54352
  20
319.02623
  0
VERTEX
  5
2c7d
  8
Layer_1
  10
-757.89721
  20
318.49979
  0
VERTEX
  5
2c7e
  8
Layer_1
  10
-760.28878
  20
317.96918
  0
VERTEX
  5
2c7f
  8
Layer_1
  10
-765.16656
  20
316.89939
  0
VERTEX
  5
2c80
  8
Layer_1
  10
-770.13881
  20
315.8248
  0
VERTEX
  5
2c81
  8
Layer_1
  10
-775.1675
  20
314.75334
  0
VERTEX
  5
2c82
  8
Layer_1
  10
-780.21457
  20
313.69295
  0
VERTEX
  5
2c83
  8
Layer_1
  10
-785.242
  20
312.65157
  0
VERTEX
  5
2c84
  8
Layer_1
  10
-790.21172
  20
311.63713
  0
VERTEX
  5
2c85
  8
Layer_1
  10
-792.66305
  20
311.1425
  0
VERTEX
  5
2c86
  8
Layer_1
  10
-795.08569
  20
310.65758
  0
VERTEX
  5
2c87
  8
Layer_1
  10
-797.47489
  20
310.18336
  0
VERTEX
  5
2c88
  8
Layer_1
  10
-799.82588
  20
309.72084
  0
VERTEX
  5
2c89
  8
Layer_1
  10
-802.13392
  20
309.271
  0
VERTEX
  5
2c8a
  8
Layer_1
  10
-804.39424
  20
308.83485
  0
VERTEX
  5
2c8b
  8
Layer_1
  10
-806.6021
  20
308.41337
  0
VERTEX
  5
2c8c
  8
Layer_1
  10
-808.75272
  20
308.00756
  0
VERTEX
  5
2c8d
  8
Layer_1
  10
-810.84137
  20
307.6184
  0
VERTEX
  5
2c8e
  8
Layer_1
  10
-812.86328
  20
307.2469
  0
VERTEX
  5
2c8f
  8
Layer_1
  10
-814.81371
  20
306.89403
  0
VERTEX
  5
2c90
  8
Layer_1
  10
-816.68788
  20
306.5608
  0
VERTEX
  5
2c91
  8
Layer_1
  10
-824.04212
  20
305.26084
  0
VERTEX
  5
2c92
  8
Layer_1
  10
-831.30405
  20
303.9683
  0
VERTEX
  5
2c93
  8
Layer_1
  10
-834.84176
  20
303.33543
  0
VERTEX
  5
2c94
  8
Layer_1
  10
-838.28604
  20
302.71717
  0
VERTEX
  5
2c95
  8
Layer_1
  10
-839.96581
  20
302.41484
  0
VERTEX
  5
2c96
  8
Layer_1
  10
-841.61343
  20
302.11775
  0
VERTEX
  5
2c97
  8
Layer_1
  10
-843.22596
  20
301.82644
  0
VERTEX
  5
2c98
  8
Layer_1
  10
-844.80048
  20
301.54144
  0
VERTEX
  5
2c99
  8
Layer_1
  10
-846.33405
  20
301.26328
  0
VERTEX
  5
2c9a
  8
Layer_1
  10
-847.82374
  20
300.99248
  0
VERTEX
  5
2c9b
  8
Layer_1
  10
-849.26662
  20
300.72958
  0
VERTEX
  5
2c9c
  8
Layer_1
  10
-850.65975
  20
300.47512
  0
VERTEX
  5
2c9d
  8
Layer_1
  10
-852.00021
  20
300.22961
  0
VERTEX
  5
2c9e
  8
Layer_1
  10
-853.28507
  20
299.99361
  0
VERTEX
  5
2c9f
  8
Layer_1
  10
-854.51139
  20
299.76762
  0
VERTEX
  5
2ca0
  8
Layer_1
  10
-855.67624
  20
299.55219
  0
VERTEX
  5
2ca1
  8
Layer_1
  10
-856.77669
  20
299.34785
  0
VERTEX
  5
2ca2
  8
Layer_1
  10
-857.80981
  20
299.15513
  0
VERTEX
  5
2ca3
  8
Layer_1
  10
-858.77267
  20
298.97455
  0
VERTEX
  5
2ca4
  8
Layer_1
  10
-859.66233
  20
298.80666
  0
VERTEX
  5
2ca5
  8
Layer_1
  10
-860.47587
  20
298.65198
  0
VERTEX
  5
2ca6
  8
Layer_1
  10
-861.21035
  20
298.51104
  0
VERTEX
  5
2ca7
  8
Layer_1
  10
-861.86284
  20
298.38437
  0
VERTEX
  5
2ca8
  8
Layer_1
  10
-862.43041
  20
298.27251
  0
VERTEX
  5
2ca9
  8
Layer_1
  10
-863.98497
  20
297.96664
  0
VERTEX
  5
2caa
  8
Layer_1
  10
-865.56917
  20
297.66169
  0
VERTEX
  5
2cab
  8
Layer_1
  10
-867.18259
  20
297.35768
  0
VERTEX
  5
2cac
  8
Layer_1
  10
-868.82484
  20
297.05465
  0
VERTEX
  5
2cad
  8
Layer_1
  10
-870.49549
  20
296.75261
  0
VERTEX
  5
2cae
  8
Layer_1
  10
-872.19415
  20
296.45162
  0
VERTEX
  5
2caf
  8
Layer_1
  10
-873.9204
  20
296.15168
  0
VERTEX
  5
2cb0
  8
Layer_1
  10
-875.67383
  20
295.85284
  0
VERTEX
  5
2cb1
  8
Layer_1
  10
-877.45404
  20
295.55512
  0
VERTEX
  5
2cb2
  8
Layer_1
  10
-879.26062
  20
295.25854
  0
VERTEX
  5
2cb3
  8
Layer_1
  10
-881.09315
  20
294.96315
  0
VERTEX
  5
2cb4
  8
Layer_1
  10
-882.95123
  20
294.66897
  0
VERTEX
  5
2cb5
  8
Layer_1
  10
-886.7424
  20
294.08436
  0
VERTEX
  5
2cb6
  8
Layer_1
  10
-890.63086
  20
293.50494
  0
VERTEX
  5
2cb7
  8
Layer_1
  10
-894.61333
  20
292.93095
  0
VERTEX
  5
2cb8
  8
Layer_1
  10
-898.68654
  20
292.36262
  0
VERTEX
  5
2cb9
  8
Layer_1
  10
-902.84723
  20
291.8002
  0
VERTEX
  5
2cba
  8
Layer_1
  10
-907.09211
  20
291.24391
  0
VERTEX
  5
2cbb
  8
Layer_1
  10
-911.41793
  20
290.694
  0
VERTEX
  5
2cbc
  8
Layer_1
  10
-915.8214
  20
290.15069
  0
VERTEX
  5
2cbd
  8
Layer_1
  10
-920.29925
  20
289.61423
  0
VERTEX
  5
2cbe
  8
Layer_1
  10
-924.84822
  20
289.08485
  0
VERTEX
  5
2cbf
  8
Layer_1
  10
-929.46503
  20
288.56278
  0
VERTEX
  5
2cc0
  8
Layer_1
  10
-934.14641
  20
288.04827
  0
VERTEX
  5
2cc1
  8
Layer_1
  10
-938.8891
  20
287.54154
  0
VERTEX
  5
2cc2
  8
Layer_1
  10
-943.6898
  20
287.04284
  0
VERTEX
  5
2cc3
  8
Layer_1
  10
-948.54527
  20
286.5524
  0
VERTEX
  5
2cc4
  8
Layer_1
  10
-953.45222
  20
286.07046
  0
VERTEX
  5
2cc5
  8
Layer_1
  10
-958.40739
  20
285.59724
  0
VERTEX
  5
2cc6
  8
Layer_1
  10
-963.40749
  20
285.13299
  0
VERTEX
  5
2cc7
  8
Layer_1
  10
-968.44927
  20
284.67795
  0
VERTEX
  5
2cc8
  8
Layer_1
  10
-973.52944
  20
284.23234
  0
VERTEX
  5
2cc9
  8
Layer_1
  10
-978.64475
  20
283.79641
  0
VERTEX
  5
2cca
  8
Layer_1
  10
-983.7919
  20
283.37039
  0
VERTEX
  5
2ccb
  8
Layer_1
  10
-994.1687
  20
282.54903
  0
VERTEX
  5
2ccc
  8
Layer_1
  10
-1004.6337
  20
281.77014
  0
VERTEX
  5
2ccd
  8
Layer_1
  10
-1015.1606
  20
281.03561
  0
VERTEX
  5
2cce
  8
Layer_1
  10
-1025.7234
  20
280.34732
  0
VERTEX
  5
2ccf
  8
Layer_1
  10
-1036.2958
  20
279.70717
  0
VERTEX
  5
2cd0
  8
Layer_1
  10
-1046.8517
  20
279.11704
  0
VERTEX
  5
2cd1
  8
Layer_1
  10
-1057.365
  20
278.57882
  0
VERTEX
  5
2cd2
  8
Layer_1
  10
-1067.8093
  20
278.09439
  0
VERTEX
  5
2cd3
  8
Layer_1
  10
-1072.9975
  20
277.87294
  0
VERTEX
  5
2cd4
  8
Layer_1
  10
-1078.1586
  20
277.66565
  0
VERTEX
  5
2cd5
  8
Layer_1
  10
-1083.2895
  20
277.47274
  0
VERTEX
  5
2cd6
  8
Layer_1
  10
-1088.3867
  20
277.29447
  0
VERTEX
  5
2cd7
  8
Layer_1
  10
-1093.4471
  20
277.13105
  0
VERTEX
  5
2cd8
  8
Layer_1
  10
-1098.4674
  20
276.98274
  0
VERTEX
  5
2cd9
  8
Layer_1
  10
-1103.4444
  20
276.84977
  0
VERTEX
  5
2cda
  8
Layer_1
  10
-1108.3746
  20
276.73236
  0
VERTEX
  5
2cdb
  8
Layer_1
  10
-1113.2549
  20
276.63076
  0
VERTEX
  5
2cdc
  8
Layer_1
  10
-1118.0821
  20
276.54521
  0
VERTEX
  5
2cdd
  8
Layer_1
  10
-1122.8527
  20
276.47593
  0
VERTEX
  5
2cde
  8
Layer_1
  10
-1127.5636
  20
276.42317
  0
VERTEX
  5
2cdf
  8
Layer_1
  10
-1132.2115
  20
276.38716
  0
VERTEX
  5
2ce0
  8
Layer_1
  10
-1136.7931
  20
276.36813
  0
VERTEX
  5
2ce1
  8
Layer_1
  10
-1141.3051
  20
276.36633
  0
VERTEX
  5
2ce2
  8
Layer_1
  10
-1145.7443
  20
276.38199
  0
VERTEX
  5
2ce3
  8
Layer_1
  10
-1150.1074
  20
276.41534
  0
VERTEX
  5
2ce4
  8
Layer_1
  10
-1154.3911
  20
276.46662
  0
VERTEX
  5
2ce5
  8
Layer_1
  10
-1158.5922
  20
276.53606
  0
VERTEX
  5
2ce6
  8
Layer_1
  10
-1162.7074
  20
276.62391
  0
VERTEX
  5
2ce7
  8
Layer_1
  10
-1166.7494
  20
276.72592
  0
VERTEX
  5
2ce8
  8
Layer_1
  10
-1170.7644
  20
276.83843
  0
VERTEX
  5
2ce9
  8
Layer_1
  10
-1174.7526
  20
276.96149
  0
VERTEX
  5
2cea
  8
Layer_1
  10
-1178.7141
  20
277.09512
  0
VERTEX
  5
2ceb
  8
Layer_1
  10
-1182.6493
  20
277.23935
  0
VERTEX
  5
2cec
  8
Layer_1
  10
-1186.5583
  20
277.39421
  0
VERTEX
  5
2ced
  8
Layer_1
  10
-1190.4413
  20
277.55973
  0
VERTEX
  5
2cee
  8
Layer_1
  10
-1194.2985
  20
277.73593
  0
VERTEX
  5
2cef
  8
Layer_1
  10
-1198.1302
  20
277.92285
  0
VERTEX
  5
2cf0
  8
Layer_1
  10
-1201.9365
  20
278.12051
  0
VERTEX
  5
2cf1
  8
Layer_1
  10
-1205.7178
  20
278.32895
  0
VERTEX
  5
2cf2
  8
Layer_1
  10
-1209.4741
  20
278.54819
  0
VERTEX
  5
2cf3
  8
Layer_1
  10
-1213.2057
  20
278.77826
  0
VERTEX
  5
2cf4
  8
Layer_1
  10
-1216.9129
  20
279.01919
  0
VERTEX
  5
2cf5
  8
Layer_1
  10
-1220.5957
  20
279.27101
  0
VERTEX
  5
2cf6
  8
Layer_1
  10
-1224.2546
  20
279.53375
  0
VERTEX
  5
2cf7
  8
Layer_1
  10
-1227.8895
  20
279.80744
  0
VERTEX
  5
2cf8
  8
Layer_1
  10
-1231.5009
  20
280.0921
  0
VERTEX
  5
2cf9
  8
Layer_1
  10
-1235.0888
  20
280.38777
  0
VERTEX
  5
2cfa
  8
Layer_1
  10
-1238.6535
  20
280.69447
  0
VERTEX
  5
2cfb
  8
Layer_1
  10
-1242.1953
  20
281.01223
  0
VERTEX
  5
2cfc
  8
Layer_1
  10
-1245.7142
  20
281.34108
  0
VERTEX
  5
2cfd
  8
Layer_1
  10
-1249.2106
  20
281.68106
  0
VERTEX
  5
2cfe
  8
Layer_1
  10
-1252.6846
  20
282.03218
  0
VERTEX
  5
2cff
  8
Layer_1
  10
-1259.5665
  20
282.768
  0
VERTEX
  5
2d00
  8
Layer_1
  10
-1266.3615
  20
283.54876
  0
VERTEX
  5
2d01
  8
Layer_1
  10
-1273.0714
  20
284.3747
  0
VERTEX
  5
2d02
  8
Layer_1
  10
-1279.6978
  20
285.24604
  0
VERTEX
  5
2d03
  8
Layer_1
  10
-1286.2425
  20
286.16303
  0
VERTEX
  5
2d04
  8
Layer_1
  10
-1292.7072
  20
287.12589
  0
VERTEX
  5
2d05
  8
Layer_1
  10
-1299.0935
  20
288.13485
  0
VERTEX
  5
2d06
  8
Layer_1
  10
-1305.4032
  20
289.19014
  0
VERTEX
  5
2d07
  8
Layer_1
  10
-1311.638
  20
290.292
  0
VERTEX
  5
2d08
  8
Layer_1
  10
-1317.7996
  20
291.44065
  0
VERTEX
  5
2d09
  8
Layer_1
  10
-1323.8896
  20
292.63634
  0
VERTEX
  5
2d0a
  8
Layer_1
  10
-1329.9099
  20
293.87928
  0
VERTEX
  5
2d0b
  8
Layer_1
  10
-1335.862
  20
295.16972
  0
VERTEX
  5
2d0c
  8
Layer_1
  10
-1341.7477
  20
296.50788
  0
VERTEX
  5
2d0d
  8
Layer_1
  10
-1347.5688
  20
297.89399
  0
VERTEX
  5
2d0e
  8
Layer_1
  10
-1353.3268
  20
299.32829
  0
VERTEX
  5
2d0f
  8
Layer_1
  10
-1359.0236
  20
300.811
  0
VERTEX
  5
2d10
  8
Layer_1
  10
-1364.6608
  20
302.34237
  0
VERTEX
  5
2d11
  8
Layer_1
  10
-1370.2401
  20
303.92261
  0
VERTEX
  5
2d12
  8
Layer_1
  10
-1375.7633
  20
305.55196
  0
VERTEX
  5
2d13
  8
Layer_1
  10
-1376.7915
  20
305.86306
  0
VERTEX
  5
2d14
  8
Layer_1
  10
-1377.8539
  20
306.18764
  0
VERTEX
  5
2d15
  8
Layer_1
  10
-1378.9489
  20
306.52522
  0
VERTEX
  5
2d16
  8
Layer_1
  10
-1380.0754
  20
306.87535
  0
VERTEX
  5
2d17
  8
Layer_1
  10
-1381.2319
  20
307.23755
  0
VERTEX
  5
2d18
  8
Layer_1
  10
-1382.4172
  20
307.61134
  0
VERTEX
  5
2d19
  8
Layer_1
  10
-1383.6298
  20
307.99627
  0
VERTEX
  5
2d1a
  8
Layer_1
  10
-1384.8684
  20
308.39187
  0
VERTEX
  5
2d1b
  8
Layer_1
  10
-1387.4185
  20
309.21316
  0
VERTEX
  5
2d1c
  8
Layer_1
  10
-1390.0566
  20
310.07148
  0
VERTEX
  5
2d1d
  8
Layer_1
  10
-1392.7721
  20
310.96307
  0
VERTEX
  5
2d1e
  8
Layer_1
  10
-1395.5541
  20
311.88418
  0
VERTEX
  5
2d1f
  8
Layer_1
  10
-1398.3921
  20
312.83105
  0
VERTEX
  5
2d20
  8
Layer_1
  10
-1401.2753
  20
313.79993
  0
VERTEX
  5
2d21
  8
Layer_1
  10
-1404.1929
  20
314.78706
  0
VERTEX
  5
2d22
  8
Layer_1
  10
-1407.1342
  20
315.7887
  0
VERTEX
  5
2d23
  8
Layer_1
  10
-1413.0451
  20
317.82048
  0
VERTEX
  5
2d24
  8
Layer_1
  10
-1418.9223
  20
319.86523
  0
VERTEX
  5
2d25
  8
Layer_1
  10
-1421.8214
  20
320.88309
  0
VERTEX
  5
2d26
  8
Layer_1
  10
-1424.6799
  20
321.89294
  0
VERTEX
  5
2d27
  8
Layer_1
  10
-1427.4871
  20
322.89101
  0
VERTEX
  5
2d28
  8
Layer_1
  10
-1430.2322
  20
323.87357
  0
VERTEX
  5
2d29
  8
Layer_1
  10
-1432.9045
  20
324.83685
  0
VERTEX
  5
2d2a
  8
Layer_1
  10
-1435.4934
  20
325.7771
  0
VERTEX
  5
2d2b
  8
Layer_1
  10
-1436.7532
  20
326.23742
  0
VERTEX
  5
2d2c
  8
Layer_1
  10
-1437.988
  20
326.69057
  0
VERTEX
  5
2d2d
  8
Layer_1
  10
-1439.1967
  20
327.13609
  0
VERTEX
  5
2d2e
  8
Layer_1
  10
-1440.3777
  20
327.5735
  0
VERTEX
  5
2d2f
  8
Layer_1
  10
-1441.5299
  20
328.00235
  0
VERTEX
  5
2d30
  8
Layer_1
  10
-1442.6517
  20
328.42215
  0
VERTEX
  5
2d31
  8
Layer_1
  10
-1443.742
  20
328.83245
  0
VERTEX
  5
2d32
  8
Layer_1
  10
-1444.7994
  20
329.23276
  0
VERTEX
  5
2d33
  8
Layer_1
  10
-1445.8224
  20
329.62263
  0
VERTEX
  5
2d34
  8
Layer_1
  10
-1446.8099
  20
330.00158
  0
VERTEX
  5
2d35
  8
Layer_1
  10
-1447.7604
  20
330.36914
  0
VERTEX
  5
2d36
  8
Layer_1
  10
-1448.6726
  20
330.72484
  0
VERTEX
  5
2d37
  8
Layer_1
  10
-1449.5451
  20
331.06822
  0
VERTEX
  5
2d38
  8
Layer_1
  10
-1450.3767
  20
331.39881
  0
VERTEX
  5
2d39
  8
Layer_1
  10
-1451.166
  20
331.71613
  0
VERTEX
  5
2d3a
  8
Layer_1
  10
-1451.9116
  20
332.01972
  0
VERTEX
  5
2d3b
  8
Layer_1
  10
-1452.6121
  20
332.30911
  0
VERTEX
  5
2d3c
  8
Layer_1
  10
-1453.2664
  20
332.58383
  0
VERTEX
  5
2d3d
  8
Layer_1
  10
-1453.873
  20
332.84341
  0
VERTEX
  5
2d3e
  8
Layer_1
  10
-1454.4305
  20
333.08738
  0
VERTEX
  5
2d3f
  8
Layer_1
  10
-1456.1658
  20
333.84657
  0
VERTEX
  5
2d40
  8
Layer_1
  10
-1457.8271
  20
334.55483
  0
VERTEX
  5
2d41
  8
Layer_1
  10
-1458.6177
  20
334.88501
  0
VERTEX
  5
2d42
  8
Layer_1
  10
-1459.3751
  20
335.19665
  0
VERTEX
  5
2d43
  8
Layer_1
  10
-1460.0943
  20
335.4878
  0
VERTEX
  5
2d44
  8
Layer_1
  10
-1460.7703
  20
335.75654
  0
VERTEX
  5
2d45
  8
Layer_1
  10
-1461.3984
  20
336.00091
  0
VERTEX
  5
2d46
  8
Layer_1
  10
-1461.9735
  20
336.21899
  0
VERTEX
  5
2d47
  8
Layer_1
  10
-1462.4908
  20
336.40883
  0
VERTEX
  5
2d48
  8
Layer_1
  10
-1462.9452
  20
336.5685
  0
VERTEX
  5
2d49
  8
Layer_1
  10
-1463.3319
  20
336.69607
  0
VERTEX
  5
2d4a
  8
Layer_1
  10
-1463.6459
  20
336.78958
  0
VERTEX
  5
2d4b
  8
Layer_1
  10
-1463.8824
  20
336.84711
  0
VERTEX
  5
2d4c
  8
Layer_1
  10
-1464.0364
  20
336.86672
  0
VERTEX
  5
2d4d
  8
Layer_1
  10
-1464.2177
  20
336.88703
  0
VERTEX
  5
2d4e
  8
Layer_1
  10
-1464.4778
  20
336.94734
  0
VERTEX
  5
2d4f
  8
Layer_1
  10
-1464.8145
  20
337.04666
  0
VERTEX
  5
2d50
  8
Layer_1
  10
-1465.2258
  20
337.18403
  0
VERTEX
  5
2d51
  8
Layer_1
  10
-1465.7098
  20
337.35847
  0
VERTEX
  5
2d52
  8
Layer_1
  10
-1466.2644
  20
337.56901
  0
VERTEX
  5
2d53
  8
Layer_1
  10
-1466.8876
  20
337.81469
  0
VERTEX
  5
2d54
  8
Layer_1
  10
-1467.5774
  20
338.09453
  0
VERTEX
  5
2d55
  8
Layer_1
  10
-1468.3317
  20
338.40756
  0
VERTEX
  5
2d56
  8
Layer_1
  10
-1469.1486
  20
338.7528
  0
VERTEX
  5
2d57
  8
Layer_1
  10
-1470.026
  20
339.1293
  0
VERTEX
  5
2d58
  8
Layer_1
  10
-1470.9619
  20
339.53607
  0
VERTEX
  5
2d59
  8
Layer_1
  10
-1471.9543
  20
339.97215
  0
VERTEX
  5
2d5a
  8
Layer_1
  10
-1473.0012
  20
340.43656
  0
VERTEX
  5
2d5b
  8
Layer_1
  10
-1474.1005
  20
340.92833
  0
VERTEX
  5
2d5c
  8
Layer_1
  10
-1475.2502
  20
341.4465
  0
VERTEX
  5
2d5d
  8
Layer_1
  10
-1476.4484
  20
341.99009
  0
VERTEX
  5
2d5e
  8
Layer_1
  10
-1477.693
  20
342.55813
  0
VERTEX
  5
2d5f
  8
Layer_1
  10
-1478.9819
  20
343.14965
  0
VERTEX
  5
2d60
  8
Layer_1
  10
-1480.3132
  20
343.76368
  0
VERTEX
  5
2d61
  8
Layer_1
  10
-1481.6849
  20
344.39924
  0
VERTEX
  5
2d62
  8
Layer_1
  10
-1483.0949
  20
345.05537
  0
VERTEX
  5
2d63
  8
Layer_1
  10
-1484.5411
  20
345.7311
  0
VERTEX
  5
2d64
  8
Layer_1
  10
-1486.0217
  20
346.42545
  0
VERTEX
  5
2d65
  8
Layer_1
  10
-1487.5346
  20
347.13745
  0
VERTEX
  5
2d66
  8
Layer_1
  10
-1489.0776
  20
347.86614
  0
VERTEX
  5
2d67
  8
Layer_1
  10
-1490.649
  20
348.61053
  0
VERTEX
  5
2d68
  8
Layer_1
  10
-1492.2465
  20
349.36967
  0
VERTEX
  5
2d69
  8
Layer_1
  10
-1495.5122
  20
350.92827
  0
VERTEX
  5
2d6a
  8
Layer_1
  10
-1498.8585
  20
352.53418
  0
VERTEX
  5
2d6b
  8
Layer_1
  10
-1502.2693
  20
354.17963
  0
VERTEX
  5
2d6c
  8
Layer_1
  10
-1505.7285
  20
355.85684
  0
VERTEX
  5
2d6d
  8
Layer_1
  10
-1509.2199
  20
357.55806
  0
VERTEX
  5
2d6e
  8
Layer_1
  10
-1512.7273
  20
359.27551
  0
VERTEX
  5
2d6f
  8
Layer_1
  10
-1516.2347
  20
361.00142
  0
VERTEX
  5
2d70
  8
Layer_1
  10
-1519.7259
  20
362.72802
  0
VERTEX
  5
2d71
  8
Layer_1
  10
-1523.1846
  20
364.44755
  0
VERTEX
  5
2d72
  8
Layer_1
  10
-1526.5949
  20
366.15224
  0
VERTEX
  5
2d73
  8
Layer_1
  10
-1529.9405
  20
367.83431
  0
VERTEX
  5
2d74
  8
Layer_1
  10
-1533.2053
  20
369.48601
  0
VERTEX
  5
2d75
  8
Layer_1
  10
-1534.8024
  20
370.29803
  0
VERTEX
  5
2d76
  8
Layer_1
  10
-1536.3732
  20
371.09955
  0
VERTEX
  5
2d77
  8
Layer_1
  10
-1537.9157
  20
371.88959
  0
VERTEX
  5
2d78
  8
Layer_1
  10
-1539.4279
  20
372.66718
  0
VERTEX
  5
2d79
  8
Layer_1
  10
-1540.9079
  20
373.43135
  0
VERTEX
  5
2d7a
  8
Layer_1
  10
-1542.3535
  20
374.18112
  0
VERTEX
  5
2d7b
  8
Layer_1
  10
-1543.7627
  20
374.91554
  0
VERTEX
  5
2d7c
  8
Layer_1
  10
-1545.1336
  20
375.63361
  0
VERTEX
  5
2d7d
  8
Layer_1
  10
-1546.4641
  20
376.33438
  0
VERTEX
  5
2d7e
  8
Layer_1
  10
-1547.7522
  20
377.01688
  0
VERTEX
  5
2d7f
  8
Layer_1
  10
-1548.9959
  20
377.68012
  0
VERTEX
  5
2d80
  8
Layer_1
  10
-1550.1932
  20
378.32315
  0
VERTEX
  5
2d81
  8
Layer_1
  10
-1551.9799
  20
379.26642
  0
VERTEX
  5
2d82
  8
Layer_1
  10
-1553.8561
  20
380.21919
  0
VERTEX
  5
2d83
  8
Layer_1
  10
-1555.8061
  20
381.17499
  0
VERTEX
  5
2d84
  8
Layer_1
  10
-1557.8143
  20
382.12737
  0
VERTEX
  5
2d85
  8
Layer_1
  10
-1559.8649
  20
383.06985
  0
VERTEX
  5
2d86
  8
Layer_1
  10
-1561.9424
  20
383.99598
  0
VERTEX
  5
2d87
  8
Layer_1
  10
-1564.0309
  20
384.89928
  0
VERTEX
  5
2d88
  8
Layer_1
  10
-1566.115
  20
385.77328
  0
VERTEX
  5
2d89
  8
Layer_1
  10
-1568.1789
  20
386.61153
  0
VERTEX
  5
2d8a
  8
Layer_1
  10
-1570.207
  20
387.40755
  0
VERTEX
  5
2d8b
  8
Layer_1
  10
-1572.1835
  20
388.15489
  0
VERTEX
  5
2d8c
  8
Layer_1
  10
-1574.0929
  20
388.84706
  0
VERTEX
  5
2d8d
  8
Layer_1
  10
-1575.0175
  20
389.17045
  0
VERTEX
  5
2d8e
  8
Layer_1
  10
-1575.9194
  20
389.47762
  0
VERTEX
  5
2d8f
  8
Layer_1
  10
-1576.7967
  20
389.76777
  0
VERTEX
  5
2d90
  8
Layer_1
  10
-1577.6474
  20
390.04008
  0
VERTEX
  5
2d91
  8
Layer_1
  10
-1578.4696
  20
390.29376
  0
VERTEX
  5
2d92
  8
Layer_1
  10
-1579.2613
  20
390.528
  0
VERTEX
  5
2d93
  8
Layer_1
  10
-1580.0205
  20
390.74197
  0
VERTEX
  5
2d94
  8
Layer_1
  10
-1580.7453
  20
390.93489
  0
VERTEX
  5
2d95
  8
Layer_1
  10
-1581.9307
  20
391.23872
  0
VERTEX
  5
2d96
  8
Layer_1
  10
-1583.0551
  20
391.52297
  0
VERTEX
  5
2d97
  8
Layer_1
  10
-1584.1237
  20
391.78765
  0
VERTEX
  5
2d98
  8
Layer_1
  10
-1585.1415
  20
392.03276
  0
VERTEX
  5
2d99
  8
Layer_1
  10
-1586.1136
  20
392.2583
  0
VERTEX
  5
2d9a
  8
Layer_1
  10
-1587.045
  20
392.46429
  0
VERTEX
  5
2d9b
  8
Layer_1
  10
-1587.9408
  20
392.65073
  0
VERTEX
  5
2d9c
  8
Layer_1
  10
-1588.8059
  20
392.81762
  0
VERTEX
  5
2d9d
  8
Layer_1
  10
-1590.4648
  20
393.09281
  0
VERTEX
  5
2d9e
  8
Layer_1
  10
-1592.0619
  20
393.2899
  0
VERTEX
  5
2d9f
  8
Layer_1
  10
-1593.6377
  20
393.40895
  0
VERTEX
  5
2da0
  8
Layer_1
  10
-1595.2327
  20
393.45001
  0
VERTEX
  5
2da1
  8
Layer_1
  10
-1596.05
  20
393.44131
  0
VERTEX
  5
2da2
  8
Layer_1
  10
-1596.8872
  20
393.41313
  0
VERTEX
  5
2da3
  8
Layer_1
  10
-1597.7494
  20
393.36548
  0
VERTEX
  5
2da4
  8
Layer_1
  10
-1598.6416
  20
393.29836
  0
VERTEX
  5
2da5
  8
Layer_1
  10
-1599.569
  20
393.21179
  0
VERTEX
  5
2da6
  8
Layer_1
  10
-1600.5365
  20
393.10576
  0
VERTEX
  5
2da7
  8
Layer_1
  10
-1601.5492
  20
392.98029
  0
VERTEX
  5
2da8
  8
Layer_1
  10
-1602.6121
  20
392.83538
  0
VERTEX
  5
2da9
  8
Layer_1
  10
-1603.7303
  20
392.67103
  0
VERTEX
  5
2daa
  8
Layer_1
  10
-1604.9089
  20
392.48726
  0
VERTEX
  5
2dab
  8
Layer_1
  10
-1606.1529
  20
392.28407
  0
VERTEX
  5
2dac
  8
Layer_1
  10
-1607.4673
  20
392.06147
  0
VERTEX
  5
2dad
  8
Layer_1
  10
-1608.8573
  20
391.81946
  0
VERTEX
  5
2dae
  8
Layer_1
  10
-1610.3278
  20
391.55804
  0
VERTEX
  5
2daf
  8
Layer_1
  10
-1611.8839
  20
391.27724
  0
VERTEX
  5
2db0
  8
Layer_1
  10
-1613.5307
  20
390.97705
  0
VERTEX
  5
2db1
  8
Layer_1
  10
-1615.7551
  20
390.55816
  0
VERTEX
  5
2db2
  8
Layer_1
  10
-1617.9226
  20
390.12543
  0
VERTEX
  5
2db3
  8
Layer_1
  10
-1620.0351
  20
389.67805
  0
VERTEX
  5
2db4
  8
Layer_1
  10
-1622.0944
  20
389.21516
  0
VERTEX
  5
2db5
  8
Layer_1
  10
-1624.1022
  20
388.73594
  0
VERTEX
  5
2db6
  8
Layer_1
  10
-1626.0602
  20
388.23955
  0
VERTEX
  5
2db7
  8
Layer_1
  10
-1627.9703
  20
387.72516
  0
VERTEX
  5
2db8
  8
Layer_1
  10
-1629.8343
  20
387.19193
  0
VERTEX
  5
2db9
  8
Layer_1
  10
-1631.6538
  20
386.63903
  0
VERTEX
  5
2dba
  8
Layer_1
  10
-1633.4308
  20
386.06562
  0
VERTEX
  5
2dbb
  8
Layer_1
  10
-1635.1668
  20
385.47087
  0
VERTEX
  5
2dbc
  8
Layer_1
  10
-1636.8638
  20
384.85394
  0
VERTEX
  5
2dbd
  8
Layer_1
  10
-1638.5234
  20
384.21401
  0
VERTEX
  5
2dbe
  8
Layer_1
  10
-1640.1475
  20
383.55023
  0
VERTEX
  5
2dbf
  8
Layer_1
  10
-1641.7378
  20
382.86177
  0
VERTEX
  5
2dc0
  8
Layer_1
  10
-1643.2962
  20
382.14779
  0
VERTEX
  5
2dc1
  8
Layer_1
  10
-1644.8242
  20
381.40747
  0
VERTEX
  5
2dc2
  8
Layer_1
  10
-1646.3239
  20
380.63997
  0
VERTEX
  5
2dc3
  8
Layer_1
  10
-1647.7968
  20
379.84445
  0
VERTEX
  5
2dc4
  8
Layer_1
  10
-1649.2448
  20
379.02008
  0
VERTEX
  5
2dc5
  8
Layer_1
  10
-1650.6697
  20
378.16603
  0
VERTEX
  5
2dc6
  8
Layer_1
  10
-1652.0731
  20
377.28145
  0
VERTEX
  5
2dc7
  8
Layer_1
  10
-1653.457
  20
376.36552
  0
VERTEX
  5
2dc8
  8
Layer_1
  10
-1654.823
  20
375.4174
  0
VERTEX
  5
2dc9
  8
Layer_1
  10
-1656.173
  20
374.43625
  0
VERTEX
  5
2dca
  8
Layer_1
  10
-1657.5087
  20
373.42125
  0
VERTEX
  5
2dcb
  8
Layer_1
  10
-1658.8318
  20
372.37156
  0
VERTEX
  5
2dcc
  8
Layer_1
  10
-1660.1442
  20
371.28634
  0
VERTEX
  5
2dcd
  8
Layer_1
  10
-1661.4476
  20
370.16475
  0
VERTEX
  5
2dce
  8
Layer_1
  10
-1662.7438
  20
369.00598
  0
VERTEX
  5
2dcf
  8
Layer_1
  10
-1664.0346
  20
367.80917
  0
VERTEX
  5
2dd0
  8
Layer_1
  10
-1665.3217
  20
366.57349
  0
VERTEX
  5
2dd1
  8
Layer_1
  10
-1666.5124
  20
365.3965
  0
VERTEX
  5
2dd2
  8
Layer_1
  10
-1667.6615
  20
364.23033
  0
VERTEX
  5
2dd3
  8
Layer_1
  10
-1668.7705
  20
363.07222
  0
VERTEX
  5
2dd4
  8
Layer_1
  10
-1669.8409
  20
361.91941
  0
VERTEX
  5
2dd5
  8
Layer_1
  10
-1670.8742
  20
360.76917
  0
VERTEX
  5
2dd6
  8
Layer_1
  10
-1671.8718
  20
359.61872
  0
VERTEX
  5
2dd7
  8
Layer_1
  10
-1672.8353
  20
358.46533
  0
VERTEX
  5
2dd8
  8
Layer_1
  10
-1673.7661
  20
357.30623
  0
VERTEX
  5
2dd9
  8
Layer_1
  10
-1674.6658
  20
356.13867
  0
VERTEX
  5
2dda
  8
Layer_1
  10
-1675.5357
  20
354.9599
  0
VERTEX
  5
2ddb
  8
Layer_1
  10
-1676.3775
  20
353.76716
  0
VERTEX
  5
2ddc
  8
Layer_1
  10
-1677.1926
  20
352.5577
  0
VERTEX
  5
2ddd
  8
Layer_1
  10
-1677.9824
  20
351.32877
  0
VERTEX
  5
2dde
  8
Layer_1
  10
-1678.7485
  20
350.07761
  0
VERTEX
  5
2ddf
  8
Layer_1
  10
-1679.4924
  20
348.80148
  0
VERTEX
  5
2de0
  8
Layer_1
  10
-1680.2156
  20
347.49761
  0
VERTEX
  5
2de1
  8
Layer_1
  10
-1680.9195
  20
346.16325
  0
VERTEX
  5
2de2
  8
Layer_1
  10
-1681.6056
  20
344.79565
  0
VERTEX
  5
2de3
  8
Layer_1
  10
-1682.2754
  20
343.39206
  0
VERTEX
  5
2de4
  8
Layer_1
  10
-1682.9304
  20
341.94972
  0
VERTEX
  5
2de5
  8
Layer_1
  10
-1683.5722
  20
340.46588
  0
VERTEX
  5
2de6
  8
Layer_1
  10
-1684.2021
  20
338.93778
  0
VERTEX
  5
2de7
  8
Layer_1
  10
-1684.8217
  20
337.36268
  0
VERTEX
  5
2de8
  8
Layer_1
  10
-1685.4325
  20
335.73781
  0
VERTEX
  5
2de9
  8
Layer_1
  10
-1686.036
  20
334.06043
  0
VERTEX
  5
2dea
  8
Layer_1
  10
-1686.6336
  20
332.32777
  0
VERTEX
  5
2deb
  8
Layer_1
  10
-1687.2268
  20
330.5371
  0
VERTEX
  5
2dec
  8
Layer_1
  10
-1687.8171
  20
328.68565
  0
VERTEX
  5
2ded
  8
Layer_1
  10
-1688.4061
  20
326.77067
  0
VERTEX
  5
2dee
  8
Layer_1
  10
-1688.9952
  20
324.7894
  0
VERTEX
  5
2def
  8
Layer_1
  10
-1689.5858
  20
322.7391
  0
VERTEX
  5
2df0
  8
Layer_1
  10
-1690.1796
  20
320.61701
  0
VERTEX
  5
2df1
  8
Layer_1
  10
-1690.7638
  20
318.44773
  0
VERTEX
  5
2df2
  8
Layer_1
  10
-1691.3099
  20
316.30828
  0
VERTEX
  5
2df3
  8
Layer_1
  10
-1691.8178
  20
314.19367
  0
VERTEX
  5
2df4
  8
Layer_1
  10
-1692.2877
  20
312.09894
  0
VERTEX
  5
2df5
  8
Layer_1
  10
-1692.7194
  20
310.0191
  0
VERTEX
  5
2df6
  8
Layer_1
  10
-1693.113
  20
307.94919
  0
VERTEX
  5
2df7
  8
Layer_1
  10
-1693.4683
  20
305.88422
  0
VERTEX
  5
2df8
  8
Layer_1
  10
-1693.7855
  20
303.81923
  0
VERTEX
  5
2df9
  8
Layer_1
  10
-1694.0645
  20
301.74923
  0
VERTEX
  5
2dfa
  8
Layer_1
  10
-1694.3052
  20
299.66926
  0
VERTEX
  5
2dfb
  8
Layer_1
  10
-1694.5076
  20
297.57433
  0
VERTEX
  5
2dfc
  8
Layer_1
  10
-1694.6718
  20
295.45948
  0
VERTEX
  5
2dfd
  8
Layer_1
  10
-1694.7977
  20
293.31972
  0
VERTEX
  5
2dfe
  8
Layer_1
  10
-1694.8853
  20
291.15008
  0
VERTEX
  5
2dff
  8
Layer_1
  10
-1694.9346
  20
288.94559
  0
VERTEX
  5
2e00
  8
Layer_1
  10
-1694.9455
  20
286.70127
  0
VERTEX
  5
2e01
  8
Layer_1
  10
-1694.9181
  20
284.41214
  0
VERTEX
  5
2e02
  8
Layer_1
  10
-1694.8523
  20
282.07324
  0
VERTEX
  5
2e03
  8
Layer_1
  10
-1694.7481
  20
279.67958
  0
VERTEX
  5
2e04
  8
Layer_1
  10
-1694.6054
  20
277.22619
  0
VERTEX
  5
2e05
  8
Layer_1
  10
-1694.4244
  20
274.7081
  0
VERTEX
  5
2e06
  8
Layer_1
  10
-1694.2049
  20
272.12033
  0
VERTEX
  5
2e07
  8
Layer_1
  10
-1693.9469
  20
269.4579
  0
VERTEX
  5
2e08
  8
Layer_1
  10
-1693.6504
  20
266.71584
  0
VERTEX
  5
2e09
  8
Layer_1
  10
-1693.3154
  20
263.88917
  0
VERTEX
  5
2e0a
  8
Layer_1
  10
-1692.9419
  20
260.97293
  0
VERTEX
  5
2e0b
  8
Layer_1
  10
-1692.7407
  20
259.47966
  0
VERTEX
  5
2e0c
  8
Layer_1
  10
-1692.5299
  20
257.96213
  0
VERTEX
  5
2e0d
  8
Layer_1
  10
-1692.3094
  20
256.41971
  0
VERTEX
  5
2e0e
  8
Layer_1
  10
-1692.0792
  20
254.85179
  0
VERTEX
  5
2e0f
  8
Layer_1
  10
-1691.8395
  20
253.25775
  0
VERTEX
  5
2e10
  8
Layer_1
  10
-1691.59
  20
251.63696
  0
VERTEX
  5
2e11
  8
Layer_1
  10
-1691.331
  20
249.98879
  0
VERTEX
  5
2e12
  8
Layer_1
  10
-1691.0623
  20
248.31264
  0
VERTEX
  5
2e13
  8
Layer_1
  10
-1690.7839
  20
246.60786
  0
VERTEX
  5
2e14
  8
Layer_1
  10
-1690.4959
  20
244.87386
  0
VERTEX
  5
2e15
  8
Layer_1
  10
-1690.1982
  20
243.10999
  0
VERTEX
  5
2e16
  8
Layer_1
  10
-1689.8908
  20
241.31565
  0
VERTEX
  5
2e17
  8
Layer_1
  10
-1689.8242
  20
240.92699
  0
VERTEX
  5
2e18
  8
Layer_1
  10
-1689.7513
  20
240.49588
  0
VERTEX
  5
2e19
  8
Layer_1
  10
-1689.6722
  20
240.02396
  0
VERTEX
  5
2e1a
  8
Layer_1
  10
-1689.5873
  20
239.51285
  0
VERTEX
  5
2e1b
  8
Layer_1
  10
-1689.4967
  20
238.96418
  0
VERTEX
  5
2e1c
  8
Layer_1
  10
-1689.4008
  20
238.37957
  0
VERTEX
  5
2e1d
  8
Layer_1
  10
-1689.2998
  20
237.76066
  0
VERTEX
  5
2e1e
  8
Layer_1
  10
-1689.194
  20
237.10908
  0
VERTEX
  5
2e1f
  8
Layer_1
  10
-1689.0836
  20
236.42645
  0
VERTEX
  5
2e20
  8
Layer_1
  10
-1688.9688
  20
235.71441
  0
VERTEX
  5
2e21
  8
Layer_1
  10
-1688.85
  20
234.97457
  0
VERTEX
  5
2e22
  8
Layer_1
  10
-1688.7274
  20
234.20858
  0
VERTEX
  5
2e23
  8
Layer_1
  10
-1688.4718
  20
232.60462
  0
VERTEX
  5
2e24
  8
Layer_1
  10
-1688.204
  20
230.91557
  0
VERTEX
  5
2e25
  8
Layer_1
  10
-1687.9262
  20
229.15445
  0
VERTEX
  5
2e26
  8
Layer_1
  10
-1687.6403
  20
227.33429
  0
VERTEX
  5
2e27
  8
Layer_1
  10
-1687.3485
  20
225.46812
  0
VERTEX
  5
2e28
  8
Layer_1
  10
-1687.0527
  20
223.56897
  0
VERTEX
  5
2e29
  8
Layer_1
  10
-1686.4578
  20
219.72384
  0
VERTEX
  5
2e2a
  8
Layer_1
  10
-1685.8721
  20
215.90313
  0
VERTEX
  5
2e2b
  8
Layer_1
  10
-1685.6302
  20
214.32307
  0
VERTEX
  5
2e2c
  8
Layer_1
  10
-1685.3814
  20
212.70655
  0
VERTEX
  5
2e2d
  8
Layer_1
  10
-1685.1257
  20
211.05503
  0
VERTEX
  5
2e2e
  8
Layer_1
  10
-1684.8634
  20
209.36998
  0
VERTEX
  5
2e2f
  8
Layer_1
  10
-1684.5949
  20
207.65284
  0
VERTEX
  5
2e30
  8
Layer_1
  10
-1684.3202
  20
205.90507
  0
VERTEX
  5
2e31
  8
Layer_1
  10
-1684.0398
  20
204.12815
  0
VERTEX
  5
2e32
  8
Layer_1
  10
-1683.7538
  20
202.32352
  0
VERTEX
  5
2e33
  8
Layer_1
  10
-1683.166
  20
198.63697
  0
VERTEX
  5
2e34
  8
Layer_1
  10
-1682.5589
  20
194.8571
  0
VERTEX
  5
2e35
  8
Layer_1
  10
-1681.9345
  20
190.99559
  0
VERTEX
  5
2e36
  8
Layer_1
  10
-1681.2947
  20
187.0641
  0
VERTEX
  5
2e37
  8
Layer_1
  10
-1680.6416
  20
183.07429
  0
VERTEX
  5
2e38
  8
Layer_1
  10
-1679.9771
  20
179.03785
  0
VERTEX
  5
2e39
  8
Layer_1
  10
-1679.3033
  20
174.96644
  0
VERTEX
  5
2e3a
  8
Layer_1
  10
-1678.622
  20
170.87172
  0
VERTEX
  5
2e3b
  8
Layer_1
  10
-1677.2453
  20
162.65906
  0
VERTEX
  5
2e3c
  8
Layer_1
  10
-1675.8627
  20
154.49323
  0
VERTEX
  5
2e3d
  8
Layer_1
  10
-1675.1743
  20
150.45705
  0
VERTEX
  5
2e3e
  8
Layer_1
  10
-1674.4903
  20
146.46759
  0
VERTEX
  5
2e3f
  8
Layer_1
  10
-1673.8129
  20
142.5365
  0
VERTEX
  5
2e40
  8
Layer_1
  10
-1673.1439
  20
138.67548
  0
VERTEX
  5
2e41
  8
Layer_1
  10
-1672.4854
  20
134.89617
  0
VERTEX
  5
2e42
  8
Layer_1
  10
-1671.8394
  20
131.21026
  0
VERTEX
  5
2e43
  8
Layer_1
  10
-1671.5217
  20
129.40598
  0
VERTEX
  5
2e44
  8
Layer_1
  10
-1671.2078
  20
127.62942
  0
VERTEX
  5
2e45
  8
Layer_1
  10
-1670.8981
  20
125.88204
  0
VERTEX
  5
2e46
  8
Layer_1
  10
-1670.5927
  20
124.1653
  0
VERTEX
  5
2e47
  8
Layer_1
  10
-1670.2919
  20
122.48066
  0
VERTEX
  5
2e48
  8
Layer_1
  10
-1669.9959
  20
120.82958
  0
VERTEX
  5
2e49
  8
Layer_1
  10
-1669.7051
  20
119.21352
  0
VERTEX
  5
2e4a
  8
Layer_1
  10
-1669.4196
  20
117.63394
  0
VERTEX
  5
2e4b
  8
Layer_1
  10
-1669.1397
  20
116.09229
  0
VERTEX
  5
2e4c
  8
Layer_1
  10
-1668.8656
  20
114.59004
  0
VERTEX
  5
2e4d
  8
Layer_1
  10
-1668.5977
  20
113.12863
  0
VERTEX
  5
2e4e
  8
Layer_1
  10
-1668.336
  20
111.70954
  0
VERTEX
  5
2e4f
  8
Layer_1
  10
-1668.081
  20
110.33422
  0
VERTEX
  5
2e50
  8
Layer_1
  10
-1667.8328
  20
109.00413
  0
VERTEX
  5
2e51
  8
Layer_1
  10
-1667.5917
  20
107.72072
  0
VERTEX
  5
2e52
  8
Layer_1
  10
-1667.3579
  20
106.48546
  0
VERTEX
  5
2e53
  8
Layer_1
  10
-1667.1317
  20
105.29981
  0
VERTEX
  5
2e54
  8
Layer_1
  10
-1666.9134
  20
104.16521
  0
VERTEX
  5
2e55
  8
Layer_1
  10
-1666.7031
  20
103.08314
  0
VERTEX
  5
2e56
  8
Layer_1
  10
-1666.5011
  20
102.05505
  0
VERTEX
  5
2e57
  8
Layer_1
  10
-1666.2897
  20
100.96419
  0
VERTEX
  5
2e58
  8
Layer_1
  10
-1666.0707
  20
99.795275
  0
VERTEX
  5
2e59
  8
Layer_1
  10
-1665.8458
  20
98.558977
  0
VERTEX
  5
2e5a
  8
Layer_1
  10
-1665.6169
  20
97.265985
  0
VERTEX
  5
2e5b
  8
Layer_1
  10
-1665.1535
  20
94.552653
  0
VERTEX
  5
2e5c
  8
Layer_1
  10
-1664.6941
  20
91.740748
  0
VERTEX
  5
2e5d
  8
Layer_1
  10
-1664.2524
  20
88.91574
  0
VERTEX
  5
2e5e
  8
Layer_1
  10
-1663.8421
  20
86.163097
  0
VERTEX
  5
2e5f
  8
Layer_1
  10
-1663.6529
  20
84.840623
  0
VERTEX
  5
2e60
  8
Layer_1
  10
-1663.4768
  20
83.568291
  0
VERTEX
  5
2e61
  8
Layer_1
  10
-1663.3152
  20
82.356785
  0
VERTEX
  5
2e62
  8
Layer_1
  10
-1663.1701
  20
81.216788
  0
VERTEX
  5
2e63
  8
Layer_1
  10
-1661.8477
  20
70.543533
  0
VERTEX
  5
2e64
  8
Layer_1
  10
-930.39783
  20
70.543533
  0
VERTEX
  5
2e65
  8
Layer_1
  10
-198.948
  20
70.543533
  0
VERTEX
  5
2e66
  8
Layer_1
  10
-197.82654
  20
81.216789
  0
VERTEX
  5
2e67
  8
Layer_1
  10
-197.76766
  20
81.791802
  0
VERTEX
  5
2e68
  8
Layer_1
  10
-197.70666
  20
82.414794
  0
VERTEX
  5
2e69
  8
Layer_1
  10
-197.64371
  20
83.083713
  0
VERTEX
  5
2e6a
  8
Layer_1
  10
-197.57896
  20
83.796507
  0
VERTEX
  5
2e6b
  8
Layer_1
  10
-197.51254
  20
84.551123
  0
VERTEX
  5
2e6c
  8
Layer_1
  10
-197.44461
  20
85.34551
  0
VERTEX
  5
2e6d
  8
Layer_1
  10
-197.37529
  20
86.177616
  0
VERTEX
  5
2e6e
  8
Layer_1
  10
-197.30474
  20
87.045388
  0
VERTEX
  5
2e6f
  8
Layer_1
  10
-197.23309
  20
87.946774
  0
VERTEX
  5
2e70
  8
Layer_1
  10
-197.16049
  20
88.879724
  0
VERTEX
  5
2e71
  8
Layer_1
  10
-197.08707
  20
89.842183
  0
VERTEX
  5
2e72
  8
Layer_1
  10
-197.01299
  20
90.832101
  0
VERTEX
  5
2e73
  8
Layer_1
  10
-196.86339
  20
92.886103
  0
VERTEX
  5
2e74
  8
Layer_1
  10
-196.71281
  20
95.025315
  0
VERTEX
  5
2e75
  8
Layer_1
  10
-196.12354
  20
104.10592
  0
VERTEX
  5
2e76
  8
Layer_1
  10
-195.60967
  20
113.23656
  0
VERTEX
  5
2e77
  8
Layer_1
  10
-195.48261
  20
115.70092
  0
VERTEX
  5
2e78
  8
Layer_1
  10
-195.35915
  20
118.06755
  0
VERTEX
  5
2e79
  8
Layer_1
  10
-195.23813
  20
120.35205
  0
VERTEX
  5
2e7a
  8
Layer_1
  10
-195.11837
  20
122.57002
  0
VERTEX
  5
2e7b
  8
Layer_1
  10
-194.87797
  20
126.86877
  0
VERTEX
  5
2e7c
  8
Layer_1
  10
-194.6286
  20
131.08856
  0
VERTEX
  5
2e7d
  8
Layer_1
  10
-194.49763
  20
133.20783
  0
VERTEX
  5
2e7e
  8
Layer_1
  10
-194.3609
  20
135.35416
  0
VERTEX
  5
2e7f
  8
Layer_1
  10
-194.21726
  20
137.54314
  0
VERTEX
  5
2e80
  8
Layer_1
  10
-194.06552
  20
139.79036
  0
VERTEX
  5
2e81
  8
Layer_1
  10
-193.90453
  20
142.11143
  0
VERTEX
  5
2e82
  8
Layer_1
  10
-193.73311
  20
144.52193
  0
VERTEX
  5
2e83
  8
Layer_1
  10
-193.64312
  20
145.7656
  0
VERTEX
  5
2e84
  8
Layer_1
  10
-193.55009
  20
147.03747
  0
VERTEX
  5
2e85
  8
Layer_1
  10
-193.45387
  20
148.3395
  0
VERTEX
  5
2e86
  8
Layer_1
  10
-193.35431
  20
149.67364
  0
VERTEX
  5
2e87
  8
Layer_1
  10
-193.25126
  20
151.04184
  0
VERTEX
  5
2e88
  8
Layer_1
  10
-193.14459
  20
152.44605
  0
VERTEX
  5
2e89
  8
Layer_1
  10
-193.03413
  20
153.88821
  0
VERTEX
  5
2e8a
  8
Layer_1
  10
-192.91976
  20
155.37028
  0
VERTEX
  5
2e8b
  8
Layer_1
  10
-192.80132
  20
156.8942
  0
VERTEX
  5
2e8c
  8
Layer_1
  10
-192.67866
  20
158.46193
  0
VERTEX
  5
2e8d
  8
Layer_1
  10
-192.55164
  20
160.07542
  0
VERTEX
  5
2e8e
  8
Layer_1
  10
-192.42011
  20
161.73661
  0
VERTEX
  5
2e8f
  8
Layer_1
  10
-192.28393
  20
163.44745
  0
VERTEX
  5
2e90
  8
Layer_1
  10
-192.14295
  20
165.2099
  0
VERTEX
  5
2e91
  8
Layer_1
  10
-191.99703
  20
167.0259
  0
VERTEX
  5
2e92
  8
Layer_1
  10
-191.84601
  20
168.89741
  0
VERTEX
  5
2e93
  8
Layer_1
  10
-191.68975
  20
170.82637
  0
VERTEX
  5
2e94
  8
Layer_1
  10
-191.52811
  20
172.81473
  0
VERTEX
  5
2e95
  8
Layer_1
  10
-191.36094
  20
174.86444
  0
VERTEX
  5
2e96
  8
Layer_1
  10
-191.1881
  20
176.97746
  0
VERTEX
  5
2e97
  8
Layer_1
  10
-191.00943
  20
179.15572
  0
VERTEX
  5
2e98
  8
Layer_1
  10
-190.82479
  20
181.40119
  0
VERTEX
  5
2e99
  8
Layer_1
  10
-190.63404
  20
183.71581
  0
VERTEX
  5
2e9a
  8
Layer_1
  10
-190.43702
  20
186.10153
  0
VERTEX
  5
2e9b
  8
Layer_1
  10
-190.2336
  20
188.5603
  0
VERTEX
  5
2e9c
  8
Layer_1
  10
-190.02363
  20
191.09407
  0
VERTEX
  5
2e9d
  8
Layer_1
  10
-189.80695
  20
193.70478
  0
VERTEX
  5
2e9e
  8
Layer_1
  10
-189.58343
  20
196.3944
  0
VERTEX
  5
2e9f
  8
Layer_1
  10
-189.35292
  20
199.16486
  0
VERTEX
  5
2ea0
  8
Layer_1
  10
-189.11526
  20
202.01813
  0
VERTEX
  5
2ea1
  8
Layer_1
  10
-188.87033
  20
204.95614
  0
VERTEX
  5
2ea2
  8
Layer_1
  10
-188.61796
  20
207.98084
  0
VERTEX
  5
2ea3
  8
Layer_1
  10
-188.35802
  20
211.0942
  0
VERTEX
  5
2ea4
  8
Layer_1
  10
-188.09035
  20
214.29815
  0
VERTEX
  5
2ea5
  8
Layer_1
  10
-187.81482
  20
217.59464
  0
VERTEX
  5
2ea6
  8
Layer_1
  10
-187.53127
  20
220.98564
  0
VERTEX
  5
2ea7
  8
Layer_1
  10
-187.09477
  20
226.21528
  0
VERTEX
  5
2ea8
  8
Layer_1
  10
-186.66584
  20
231.37519
  0
VERTEX
  5
2ea9
  8
Layer_1
  10
-186.24451
  20
236.46521
  0
VERTEX
  5
2eaa
  8
Layer_1
  10
-185.83078
  20
241.48518
  0
VERTEX
  5
2eab
  8
Layer_1
  10
-185.42466
  20
246.43493
  0
VERTEX
  5
2eac
  8
Layer_1
  10
-185.02617
  20
251.3143
  0
VERTEX
  5
2ead
  8
Layer_1
  10
-184.6353
  20
256.12312
  0
VERTEX
  5
2eae
  8
Layer_1
  10
-184.25208
  20
260.86125
  0
VERTEX
  5
2eaf
  8
Layer_1
  10
-183.87652
  20
265.5285
  0
VERTEX
  5
2eb0
  8
Layer_1
  10
-183.50862
  20
270.12473
  0
VERTEX
  5
2eb1
  8
Layer_1
  10
-183.14839
  20
274.64976
  0
VERTEX
  5
2eb2
  8
Layer_1
  10
-182.79585
  20
279.10344
  0
VERTEX
  5
2eb3
  8
Layer_1
  10
-182.45101
  20
283.4856
  0
VERTEX
  5
2eb4
  8
Layer_1
  10
-182.11388
  20
287.79607
  0
VERTEX
  5
2eb5
  8
Layer_1
  10
-181.78446
  20
292.0347
  0
VERTEX
  5
2eb6
  8
Layer_1
  10
-181.46277
  20
296.20133
  0
VERTEX
  5
2eb7
  8
Layer_1
  10
-181.14882
  20
300.29579
  0
VERTEX
  5
2eb8
  8
Layer_1
  10
-180.84262
  20
304.31791
  0
VERTEX
  5
2eb9
  8
Layer_1
  10
-180.54418
  20
308.26754
  0
VERTEX
  5
2eba
  8
Layer_1
  10
-180.25351
  20
312.14451
  0
VERTEX
  5
2ebb
  8
Layer_1
  10
-179.97063
  20
315.94866
  0
VERTEX
  5
2ebc
  8
Layer_1
  10
-179.69553
  20
319.67983
  0
VERTEX
  5
2ebd
  8
Layer_1
  10
-179.42824
  20
323.33786
  0
VERTEX
  5
2ebe
  8
Layer_1
  10
-179.16876
  20
326.92257
  0
VERTEX
  5
2ebf
  8
Layer_1
  10
-178.91711
  20
330.43381
  0
VERTEX
  5
2ec0
  8
Layer_1
  10
-178.67329
  20
333.87142
  0
VERTEX
  5
2ec1
  8
Layer_1
  10
-178.43731
  20
337.23524
  0
VERTEX
  5
2ec2
  8
Layer_1
  10
-178.20919
  20
340.52509
  0
VERTEX
  5
2ec3
  8
Layer_1
  10
-177.98894
  20
343.74082
  0
VERTEX
  5
2ec4
  8
Layer_1
  10
-177.77657
  20
346.88227
  0
VERTEX
  5
2ec5
  8
Layer_1
  10
-177.57208
  20
349.94927
  0
VERTEX
  5
2ec6
  8
Layer_1
  10
-177.37549
  20
352.94166
  0
VERTEX
  5
2ec7
  8
Layer_1
  10
-177.18681
  20
355.85928
  0
VERTEX
  5
2ec8
  8
Layer_1
  10
-177.00605
  20
358.70196
  0
VERTEX
  5
2ec9
  8
Layer_1
  10
-176.83322
  20
361.46954
  0
VERTEX
  5
2eca
  8
Layer_1
  10
-176.66833
  20
364.16186
  0
VERTEX
  5
2ecb
  8
Layer_1
  10
-176.51139
  20
366.77876
  0
VERTEX
  5
2ecc
  8
Layer_1
  10
-176.36241
  20
369.32007
  0
VERTEX
  5
2ecd
  8
Layer_1
  10
-176.2214
  20
371.78563
  0
VERTEX
  5
2ece
  8
Layer_1
  10
-176.08838
  20
374.17528
  0
VERTEX
  5
2ecf
  8
Layer_1
  10
-175.96335
  20
376.48886
  0
VERTEX
  5
2ed0
  8
Layer_1
  10
-175.84633
  20
378.72619
  0
VERTEX
  5
2ed1
  8
Layer_1
  10
-175.73732
  20
380.88713
  0
VERTEX
  5
2ed2
  8
Layer_1
  10
-175.63634
  20
382.97151
  0
VERTEX
  5
2ed3
  8
Layer_1
  10
-175.54339
  20
384.97916
  0
VERTEX
  5
2ed4
  8
Layer_1
  10
-175.45849
  20
386.90992
  0
VERTEX
  5
2ed5
  8
Layer_1
  10
-175.38165
  20
388.76363
  0
VERTEX
  5
2ed6
  8
Layer_1
  10
-175.31287
  20
390.54013
  0
VERTEX
  5
2ed7
  8
Layer_1
  10
-175.25218
  20
392.23925
  0
VERTEX
  5
2ed8
  8
Layer_1
  10
-175.19957
  20
393.86083
  0
VERTEX
  5
2ed9
  8
Layer_1
  10
-175.15506
  20
395.40471
  0
VERTEX
  5
2eda
  8
Layer_1
  10
-175.11866
  20
396.87072
  0
VERTEX
  5
2edb
  8
Layer_1
  10
-175.09039
  20
398.25871
  0
VERTEX
  5
2edc
  8
Layer_1
  10
-175.07024
  20
399.56851
  0
VERTEX
  5
2edd
  8
Layer_1
  10
-175.05824
  20
400.79995
  0
VERTEX
  5
2ede
  8
Layer_1
  10
-175.05439
  20
401.95288
  0
VERTEX
  5
2edf
  8
Layer_1
  10
-175.0587
  20
403.02714
  0
VERTEX
  5
2ee0
  8
Layer_1
  10
-175.07119
  20
404.02255
  0
VERTEX
  5
2ee1
  8
Layer_1
  10
-175.09187
  20
404.93895
  0
VERTEX
  5
2ee2
  8
Layer_1
  10
-175.12073
  20
405.77619
  0
VERTEX
  5
2ee3
  8
Layer_1
  10
-175.15781
  20
406.53411
  0
VERTEX
  5
2ee4
  8
Layer_1
  10
-175.2031
  20
407.21253
  0
VERTEX
  5
2ee5
  8
Layer_1
  10
-175.25661
  20
407.81129
  0
VERTEX
  5
2ee6
  8
Layer_1
  10
-175.31837
  20
408.33024
  0
VERTEX
  5
2ee7
  8
Layer_1
  10
-175.53873
  20
409.74633
  0
VERTEX
  5
2ee8
  8
Layer_1
  10
-175.81483
  20
411.20132
  0
VERTEX
  5
2ee9
  8
Layer_1
  10
-176.14501
  20
412.69214
  0
VERTEX
  5
2eea
  8
Layer_1
  10
-176.52762
  20
414.2157
  0
VERTEX
  5
2eeb
  8
Layer_1
  10
-176.96102
  20
415.76894
  0
VERTEX
  5
2eec
  8
Layer_1
  10
-177.44353
  20
417.34878
  0
VERTEX
  5
2eed
  8
Layer_1
  10
-177.97353
  20
418.95213
  0
VERTEX
  5
2eee
  8
Layer_1
  10
-178.54934
  20
420.57593
  0
VERTEX
  5
2eef
  8
Layer_1
  10
-179.16933
  20
422.21709
  0
VERTEX
  5
2ef0
  8
Layer_1
  10
-179.83184
  20
423.87254
  0
VERTEX
  5
2ef1
  8
Layer_1
  10
-180.53521
  20
425.5392
  0
VERTEX
  5
2ef2
  8
Layer_1
  10
-181.27779
  20
427.214
  0
VERTEX
  5
2ef3
  8
Layer_1
  10
-182.05793
  20
428.89386
  0
VERTEX
  5
2ef4
  8
Layer_1
  10
-182.87399
  20
430.5757
  0
VERTEX
  5
2ef5
  8
Layer_1
  10
-183.7243
  20
432.25644
  0
VERTEX
  5
2ef6
  8
Layer_1
  10
-184.60722
  20
433.93302
  0
VERTEX
  5
2ef7
  8
Layer_1
  10
-185.52108
  20
435.60234
  0
VERTEX
  5
2ef8
  8
Layer_1
  10
-186.46425
  20
437.26134
  0
VERTEX
  5
2ef9
  8
Layer_1
  10
-187.43507
  20
438.90694
  0
VERTEX
  5
2efa
  8
Layer_1
  10
-188.43188
  20
440.53606
  0
VERTEX
  5
2efb
  8
Layer_1
  10
-189.45303
  20
442.14563
  0
VERTEX
  5
2efc
  8
Layer_1
  10
-190.49688
  20
443.73257
  0
VERTEX
  5
2efd
  8
Layer_1
  10
-191.56176
  20
445.2938
  0
VERTEX
  5
2efe
  8
Layer_1
  10
-192.64603
  20
446.82624
  0
VERTEX
  5
2eff
  8
Layer_1
  10
-193.74804
  20
448.32682
  0
VERTEX
  5
2f00
  8
Layer_1
  10
-194.86613
  20
449.79246
  0
VERTEX
  5
2f01
  8
Layer_1
  10
-195.99864
  20
451.22009
  0
VERTEX
  5
2f02
  8
Layer_1
  10
-197.14394
  20
452.60662
  0
VERTEX
  5
2f03
  8
Layer_1
  10
-198.30036
  20
453.94899
  0
VERTEX
  5
2f04
  8
Layer_1
  10
-199.46625
  20
455.24411
  0
VERTEX
  5
2f05
  8
Layer_1
  10
-200.63997
  20
456.48891
  0
VERTEX
  5
2f06
  8
Layer_1
  10
-201.81985
  20
457.68031
  0
VERTEX
  5
2f07
  8
Layer_1
  10
-203.77974
  20
459.54372
  0
VERTEX
  5
2f08
  8
Layer_1
  10
-205.81706
  20
461.35446
  0
VERTEX
  5
2f09
  8
Layer_1
  10
-207.9274
  20
463.11105
  0
VERTEX
  5
2f0a
  8
Layer_1
  10
-210.10632
  20
464.81204
  0
VERTEX
  5
2f0b
  8
Layer_1
  10
-212.3494
  20
466.45595
  0
VERTEX
  5
2f0c
  8
Layer_1
  10
-214.65222
  20
468.04132
  0
VERTEX
  5
2f0d
  8
Layer_1
  10
-217.01034
  20
469.56668
  0
VERTEX
  5
2f0e
  8
Layer_1
  10
-219.41935
  20
471.03057
  0
VERTEX
  5
2f0f
  8
Layer_1
  10
-221.87481
  20
472.43153
  0
VERTEX
  5
2f10
  8
Layer_1
  10
-224.37231
  20
473.76807
  0
VERTEX
  5
2f11
  8
Layer_1
  10
-226.9074
  20
475.03875
  0
VERTEX
  5
2f12
  8
Layer_1
  10
-229.47568
  20
476.24208
  0
VERTEX
  5
2f13
  8
Layer_1
  10
-232.0727
  20
477.37661
  0
VERTEX
  5
2f14
  8
Layer_1
  10
-234.69405
  20
478.44087
  0
VERTEX
  5
2f15
  8
Layer_1
  10
-237.3353
  20
479.43339
  0
VERTEX
  5
2f16
  8
Layer_1
  10
-239.99202
  20
480.35271
  0
VERTEX
  5
2f17
  8
Layer_1
  10
-242.65978
  20
481.19736
  0
VERTEX
  5
2f18
  8
Layer_1
  10
-245.33417
  20
481.96587
  0
VERTEX
  5
2f19
  8
Layer_1
  10
-248.01075
  20
482.65678
  0
VERTEX
  5
2f1a
  8
Layer_1
  10
-250.6851
  20
483.26861
  0
VERTEX
  5
2f1b
  8
Layer_1
  10
-253.35279
  20
483.79991
  0
VERTEX
  5
2f1c
  8
Layer_1
  10
-256.00939
  20
484.24921
  0
VERTEX
  5
2f1d
  8
Layer_1
  10
-258.65048
  20
484.61504
  0
VERTEX
  5
2f1e
  8
Layer_1
  10
-261.27164
  20
484.89594
  0
VERTEX
  5
2f1f
  8
Layer_1
  10
-263.86843
  20
485.09043
  0
VERTEX
  5
2f20
  8
Layer_1
  10
-266.43643
  20
485.19706
  0
VERTEX
  5
2f21
  8
Layer_1
  10
-268.97122
  20
485.21435
  0
VERTEX
  5
2f22
  8
Layer_1
  10
-271.46837
  20
485.14084
  0
VERTEX
  5
2f23
  8
Layer_1
  10
-272.70144
  20
485.06957
  0
VERTEX
  5
2f24
  8
Layer_1
  10
-273.92344
  20
484.97506
  0
VERTEX
  5
2f25
  8
Layer_1
  10
-275.13382
  20
484.85711
  0
VERTEX
  5
2f26
  8
Layer_1
  10
-276.33203
  20
484.71555
  0
VERTEX
  5
2f27
  8
Layer_1
  10
-277.5175
  20
484.55019
  0
VERTEX
  5
2f28
  8
Layer_1
  10
-278.68969
  20
484.36084
  0
VERTEX
  5
2f29
  8
Layer_1
  10
-279.84804
  20
484.14733
  0
VERTEX
  5
2f2a
  8
Layer_1
  10
-280.99201
  20
483.90946
  0
SEQEND
  0
ENDSEC
  0
EOF
